# Blender 5.0.1
# www.blender.org
mtllib butler.mtl
o Butler
v 0.315808 -0.268592 -0.204192
v 0.315396 -0.257497 -0.143817
v 0.314644 -0.288013 -0.197360
v 0.312742 -0.277241 -0.265565
v 0.313885 -0.129517 -0.166927
v 0.314524 -0.252388 -0.180102
v 0.313208 -0.140509 -0.214819
v 0.309417 -0.177180 -0.109268
v 0.308758 -0.301767 -0.153307
v 0.308636 -0.250821 -0.248102
v 0.305257 -0.112405 -0.124544
v 0.305179 -0.236231 -0.229856
v 0.302631 -0.231808 -0.088626
v 0.307341 -0.143312 -0.266176
v 0.305466 -0.285158 -0.116841
v 0.303338 -0.259241 -0.297639
v 0.300293 -0.216729 -0.254206
v 0.303512 -0.084362 -0.212611
v 0.274075 -0.387650 -0.326468
v 0.296736 -0.120207 -0.087727
v 0.282623 -0.238883 -0.288396
v 0.298572 -0.159307 -0.315971
v 0.293614 -0.090461 -0.311808
v 0.295459 -0.290168 -0.092525
v 0.295346 -0.317859 -0.122458
v 0.288610 -0.308522 -0.392785
v 0.287283 -0.041028 -0.148745
v 0.286640 -0.046694 -0.271159
v 0.277893 -0.145131 -0.041386
v 0.289213 -0.188513 -0.344323
v 0.279668 -0.353401 -0.152767
v 0.270854 -0.275168 -0.398989
v 0.284841 -0.255826 -0.060845
v 0.281468 -0.295113 -0.413711
v 0.263721 -0.408339 -0.407486
v 0.277662 -0.092134 -0.055562
v 0.279416 -0.332817 -0.105098
v 0.279238 -0.227437 -0.326786
v 0.277995 -0.049354 -0.088665
v 0.281588 -0.022748 -0.197524
v 0.250050 -0.069593 -0.481383
v 0.272282 -0.198649 -0.034011
v 0.274657 -0.289234 -0.060890
v 0.266738 -0.219615 -0.406552
v 0.262369 -0.248994 -0.330394
v 0.249023 0.029389 -0.358505
v 0.260416 -0.409530 -0.296914
v 0.266260 -0.325435 -0.480443
v 0.256782 -0.307689 -0.481791
v 0.257903 0.013411 -0.113557
v 0.258322 -0.387208 -0.481534
v 0.255150 -0.230945 -0.022880
v 0.258990 -0.134319 -0.481618
v 0.247361 -0.387453 -0.171167
v 0.253717 0.034617 -0.162977
v 0.260573 -0.353453 -0.111233
v 0.252470 -0.198922 -0.480541
v 0.259626 -0.314231 -0.065824
v 0.244389 -0.256336 -0.415302
v 0.242419 -0.004482 -0.044761
v 0.244293 -0.267772 -0.027932
v 0.247040 -0.442844 -0.427889
v 0.235015 -0.267275 -0.395833
v 0.239065 -0.055446 -0.008870
v 0.249100 0.009716 -0.077838
v 0.235387 -0.293888 -0.480979
v 0.247121 -0.419457 -0.481240
v 0.227355 0.089260 -0.345713
v 0.242647 -0.432421 -0.325307
v 0.238931 -0.149718 0.001877
v 0.241911 -0.340959 -0.082960
v 0.238263 -0.239162 -0.481561
v 0.231116 -0.414155 -0.239396
v 0.239118 -0.302504 -0.048404
v 0.228326 0.033005 -0.439920
v 0.227000 -0.370694 -0.123776
v 0.215254 0.028052 -0.481359
v 0.190815 0.169649 -0.247795
v 0.223525 -0.262771 -0.480384
v 0.200944 -0.072201 0.031469
v 0.209405 -0.273989 -0.028372
v 0.220815 -0.465783 -0.480987
v 0.196795 -0.138644 0.028966
v 0.232567 -0.458275 -0.447981
v 0.212574 0.096115 -0.404758
v 0.229896 -0.444868 -0.352376
v 0.198606 0.007486 0.019463
v 0.178667 0.170190 -0.134956
v 0.215887 -0.411527 -0.229484
v 0.194249 0.165174 -0.303083
v 0.216129 -0.356694 -0.102076
v 0.223337 -0.390233 -0.172024
v 0.205291 -0.107319 0.026686
v 0.211353 -0.323453 -0.064754
v 0.209073 -0.049869 0.022557
v 0.202408 -0.432085 -0.286377
v 0.213202 -0.461814 -0.426788
v 0.206601 -0.281070 -0.453510
v 0.204848 -0.442700 -0.341781
v 0.196431 -0.192557 0.010067
v 0.215971 -0.378005 -0.146728
v 0.205025 -0.397275 -0.215910
v 0.202637 -0.382040 -0.152248
v 0.207316 -0.378345 -0.184007
v 0.203701 -0.284395 -0.481205
v 0.171706 0.127278 -0.041806
v 0.195823 -0.469648 -0.480611
v 0.177292 0.142912 -0.445900
v 0.183990 0.168261 -0.381527
v 0.185945 -0.430292 -0.290312
v 0.135275 0.240883 -0.118789
v 0.145048 0.109190 0.033332
v 0.202084 -0.087976 0.035162
v 0.192633 -0.327880 -0.075309
v 0.168967 -0.453370 -0.481549
v 0.181514 -0.358733 -0.123503
v 0.198288 -0.131246 0.034506
v 0.195252 -0.397229 -0.239731
v 0.186651 -0.377718 -0.266944
v 0.191924 -0.143005 0.032768
v 0.190472 -0.077745 0.047673
v 0.185643 -0.003441 0.045011
v 0.191224 -0.371840 -0.144072
v 0.182522 -0.390204 -0.204016
v 0.184060 -0.125118 0.039656
v 0.130247 -0.236694 -0.481785
v 0.189298 -0.136211 0.039862
v 0.186662 -0.046354 0.054256
v 0.169756 -0.386718 -0.171858
v 0.167785 -0.147726 0.034391
v 0.181598 -0.418697 -0.282998
v 0.184263 -0.143794 0.032387
v 0.161205 -0.272769 -0.048412
v 0.185556 -0.443828 -0.383424
v 0.166338 0.210002 -0.338588
v 0.135784 0.268001 -0.219870
v 0.172480 0.045687 0.040571
v 0.170192 -0.326049 -0.088135
v 0.184537 -0.128149 0.030321
v 0.176112 -0.376765 -0.317372
v 0.183137 -0.000560 0.066071
v 0.175202 -0.120588 0.043034
v 0.145721 -0.402067 -0.243085
v 0.174559 -0.426863 -0.317106
v 0.136426 0.261483 -0.174499
v 0.181999 0.011829 0.070215
v 0.176007 0.008467 0.064590
v 0.180521 -0.122660 0.034020
v 0.179124 -0.133917 0.029930
v 0.164953 -0.172287 0.011763
v 0.140267 0.190527 -0.481344
v 0.174162 -0.066456 0.057945
v 0.175817 -0.006062 0.075891
v 0.172495 -0.105437 0.043760
v 0.173119 -0.137032 0.037074
v 0.168231 -0.420375 -0.322435
v 0.157825 -0.404736 -0.353156
v 0.132574 -0.363002 -0.481162
v 0.152488 -0.368654 -0.413618
v 0.165106 0.069457 0.066330
v 0.140232 -0.018973 0.113614
v 0.164671 -0.084158 0.052159
v 0.169520 0.039649 0.076421
v 0.165167 0.049426 0.061662
v 0.144450 0.226190 -0.403235
v 0.162177 0.063095 0.065313
v 0.160554 0.061121 0.076559
v 0.148207 -0.363726 -0.421970
v 0.175099 -0.376587 -0.290079
v 0.129885 -0.326283 -0.127629
v 0.132766 -0.367266 -0.193680
v 0.146004 0.111962 0.069729
v 0.124484 -0.352585 -0.190461
v 0.149932 -0.420722 -0.411979
v 0.153433 -0.114749 0.041119
v 0.140175 -0.401642 -0.280839
v 0.150095 -0.364230 -0.179740
v 0.136990 -0.391161 -0.217406
v 0.146567 0.114117 0.060776
v 0.126082 -0.350588 -0.179040
v 0.146643 -0.152135 0.011307
v 0.151354 -0.148974 0.020886
v 0.155597 0.000054 0.328206
v 0.155102 -0.001217 0.293910
v 0.137791 0.113587 0.052389
v 0.149461 0.080571 0.290108
v 0.142193 -0.069472 0.080987
v 0.147965 0.078685 0.334955
v 0.138592 0.052973 0.117598
v 0.141701 -0.108854 0.037759
v 0.120502 0.152220 0.028666
v 0.149386 0.030213 0.360782
v 0.130547 -0.159910 0.004755
v 0.145858 -0.029625 0.263903
v 0.147541 -0.035930 0.315994
v 0.143435 0.109912 0.061082
v 0.141280 0.012584 0.118847
v 0.144767 0.046280 0.244401
v 0.145244 0.000351 0.374451
v 0.123153 0.111141 0.110978
v 0.135481 0.124716 0.067171
v 0.142695 -0.030232 0.363359
v 0.141701 -0.359968 -0.452841
v 0.125123 -0.104909 0.061299
v 0.129357 -0.402851 -0.480857
v 0.137396 0.112630 0.329741
v 0.119879 0.272026 -0.369632
v 0.131150 -0.113773 0.046406
v 0.140467 0.093583 0.249440
v 0.131414 -0.069864 0.287005
v 0.130297 0.147601 0.055931
v 0.136326 0.091121 0.371253
v 0.129967 0.040972 0.410986
v 0.133084 0.121212 0.280534
v 0.142986 0.023095 0.081154
v 0.103555 -0.185956 -0.029145
v 0.127241 -0.072129 0.350360
v 0.140249 -0.001486 0.083994
v 0.128398 -0.119830 0.027970
v 0.077298 -0.202266 -0.065835
v 0.140655 0.044846 0.075302
v 0.132790 -0.013268 0.076082
v 0.134151 0.027084 0.058385
v 0.131940 0.036621 0.109540
v 0.117869 -0.399488 -0.269667
v 0.121226 -0.062343 0.097589
v 0.126148 0.137906 0.061390
v 0.134047 0.065393 0.045276
v 0.132784 0.052842 0.116422
v 0.121652 0.284801 -0.283996
v 0.116506 0.162107 0.050113
v 0.117040 0.237537 -0.067844
v 0.125508 0.004027 0.183187
v 0.131601 -0.009329 0.111031
v 0.131788 0.015950 0.064085
v 0.122800 -0.044640 0.105198
v 0.128322 -0.379642 -0.479819
v 0.124754 -0.031663 0.094635
v 0.123729 0.123603 0.235798
v 0.130836 0.074091 0.043321
v 0.129595 -0.013206 0.401724
v 0.115987 -0.374007 -0.449455
v 0.118842 0.073662 0.157994
v 0.129546 0.083676 0.061636
v 0.124786 0.093786 0.071158
v 0.121524 -0.402636 -0.312755
v 0.116562 -0.039180 0.186825
v 0.126473 0.039951 0.102056
v 0.122204 0.068205 0.101320
v 0.111951 0.160191 0.052326
v 0.116622 0.098317 0.179455
v 0.123934 -0.011362 0.104766
v 0.120747 0.092967 0.402567
v 0.116588 0.009032 0.429023
v 0.119578 0.091176 0.107634
v 0.114811 -0.049378 0.095545
v -0.126694 -0.223272 -0.481245
v 0.114910 0.120197 0.110798
v 0.103974 0.154436 0.379380
v 0.121379 -0.069918 0.242851
v 0.109502 -0.141926 0.007049
v 0.119157 0.088446 0.094974
v 0.102835 0.312888 -0.196297
v 0.121952 0.016028 0.103951
v 0.112534 0.162410 0.060920
v 0.110642 0.146848 0.267490
v 0.106818 0.071340 0.437800
v 0.106146 0.288171 -0.126375
v 0.120810 -0.030820 0.074593
v 0.120786 0.012297 0.136958
v 0.120377 0.103676 0.071116
v 0.106502 -0.079664 0.407265
v 0.121630 -0.023315 0.085037
v 0.120909 -0.023428 0.083265
v 0.120875 -0.025356 0.081950
v 0.117976 -0.023526 0.103078
v 0.120166 -0.031502 0.074214
v 0.120350 -0.026324 0.086526
v 0.117136 -0.014667 0.147477
v 0.119729 -0.026464 0.081778
v 0.117634 -0.038377 0.084890
v 0.119594 -0.025373 0.083492
v 0.084108 -0.306648 -0.169180
v 0.119474 -0.025798 0.086300
v 0.119008 0.107892 0.064175
v 0.093558 0.196226 0.011730
v 0.119235 -0.031412 0.101328
v 0.113841 0.041305 0.448415
v 0.114721 0.103077 0.088021
v 0.115143 -0.052630 0.068950
v 0.117598 -0.027659 0.099186
v 0.113825 -0.051099 0.068472
v 0.117021 -0.036058 0.089443
v 0.117393 -0.031067 0.100463
v 0.117046 -0.035823 0.088849
v 0.102348 -0.106815 0.292295
v 0.105537 0.245873 -0.481214
v 0.103205 0.031521 0.467353
v 0.115958 -0.039316 0.082554
v 0.111266 0.098483 0.147136
v 0.108805 -0.041508 0.121345
v 0.084495 -0.365173 -0.481387
v 0.115439 -0.034237 0.099763
v 0.109507 0.120715 0.053019
v 0.098891 0.054012 0.467082
v 0.094867 0.153716 0.399595
v 0.102458 -0.103251 0.338122
v 0.115420 -0.044340 0.085586
v 0.115034 -0.040121 0.097021
v 0.115384 -0.037746 0.088719
v 0.113291 -0.043760 0.088876
v 0.115364 -0.037466 0.090959
v 0.114465 -0.039279 0.097846
v 0.106508 -0.399419 -0.312128
v 0.114603 -0.042772 0.085838
v 0.101923 0.133239 0.104129
v 0.113976 -0.045785 0.086404
v 0.103146 -0.048834 0.150582
v 0.113295 -0.043747 0.091979
v 0.113517 -0.043947 0.088860
v 0.100270 -0.150308 0.003573
v 0.106123 -0.393261 -0.366141
v 0.099369 0.150406 0.102732
v 0.103743 0.126851 0.096119
v 0.113311 -0.046819 0.089268
v 0.112816 -0.047880 0.086908
v 0.113331 -0.043947 0.088124
v 0.113299 -0.045993 0.091456
v 0.108270 0.128831 0.062091
v 0.112272 -0.048028 0.092752
v 0.111375 -0.046321 0.094342
v 0.112060 -0.048481 0.088969
v 0.085830 0.320945 -0.324508
v 0.087897 0.277653 -0.070071
v 0.099800 -0.372991 -0.480050
v 0.100432 0.121767 0.094745
v 0.105321 0.111969 0.092295
v 0.108417 -0.054128 0.089331
v 0.102951 0.184660 0.043176
v 0.085015 -0.328708 -0.198212
v 0.102074 -0.069876 0.086729
v 0.108952 -0.066406 0.093690
v 0.097597 0.180914 0.040765
v 0.081957 -0.333838 -0.219758
v 0.096131 -0.367318 -0.255994
v 0.093538 0.121680 0.150129
v 0.075788 -0.256386 -0.122299
v 0.095269 -0.384943 -0.299581
v 0.093177 0.132760 0.183244
v 0.093653 0.183491 0.055204
v 0.099130 -0.070835 0.068990
v 0.091669 0.163074 0.323022
v 0.099541 -0.146167 0.001892
v 0.088085 -0.072440 0.168658
v 0.082069 0.334816 -0.262436
v 0.091227 -0.151777 0.010346
v 0.090592 0.155771 0.101126
v 0.058173 -0.259180 -0.155973
v 0.088006 0.197078 0.045464
v 0.084420 0.158112 0.226896
v 0.076101 0.144849 0.091419
v 0.094541 -0.388581 -0.361335
v 0.100851 0.126849 0.032903
v 0.070328 -0.111693 0.065130
v 0.077514 0.333668 -0.160222
v 0.083894 -0.084796 0.435378
v 0.077839 -0.018481 0.463559
v 0.092983 0.135498 0.042348
v 0.083436 -0.101465 0.384261
v 0.089486 0.162923 0.393593
v 0.082888 -0.130585 0.040484
v 0.090653 -0.099713 0.231929
v 0.087789 0.141353 0.025356
v 0.095108 0.135331 0.040637
v 0.087257 0.200013 0.036363
v 0.060795 -0.321049 -0.481160
v 0.081471 -0.092946 0.074511
v 0.059442 -0.335546 -0.261826
v 0.079461 -0.167803 -0.023388
v 0.084827 0.135353 0.096879
v 0.082836 -0.073755 0.136702
v 0.074797 0.138672 0.089092
v 0.080416 -0.087343 0.062049
v 0.087467 -0.374500 -0.424465
v 0.072440 -0.126484 0.334920
v 0.078439 0.223278 -0.004689
v 0.083058 0.128458 0.119656
v 0.070085 0.158546 0.042084
v 0.077570 0.022013 0.491202
v 0.077705 -0.121551 0.270567
v 0.071207 -0.152659 -0.022761
v 0.060740 0.295293 -0.481248
v 0.079327 0.157910 0.093470
v 0.072412 0.211278 0.024317
v 0.075034 0.161072 0.067348
v 0.067358 0.175259 0.264910
v 0.082147 -0.367511 -0.306671
v 0.066799 0.172772 0.354879
v 0.065771 0.087935 0.464793
v 0.068704 0.060380 0.490090
v 0.086338 -0.143236 0.006714
v 0.065179 0.185026 0.088643
v 0.075042 0.156536 0.421054
v 0.058253 0.339231 -0.123835
v 0.078141 0.043889 0.491236
v 0.075142 0.149824 0.024684
v 0.079265 -0.135319 0.017299
v 0.068329 -0.340133 -0.426141
v 0.071641 -0.175760 -0.027586
v 0.054917 0.184236 0.327333
v 0.054339 -0.141621 -0.001494
v 0.053998 0.362185 -0.202580
v 0.059599 -0.345254 -0.300410
v 0.054872 -0.099044 0.126263
v 0.061817 0.140540 0.122150
v 0.060470 -0.094867 0.164000
v 0.060057 0.123099 0.453438
v 0.034397 -0.220935 -0.131742
v 0.036181 -0.298884 -0.231045
v 0.070928 0.211103 0.018263
v 0.069901 -0.350582 -0.354273
v 0.062919 0.151708 0.066538
v 0.068710 0.167752 0.052637
v 0.059417 -0.132640 0.286644
v 0.033977 -0.108751 0.154205
v 0.067816 0.217026 0.022134
v 0.068133 0.156288 0.090660
v 0.043817 0.186627 0.082106
v 0.057845 -0.105586 0.057795
v 0.053396 0.150920 0.158551
v 0.038935 0.310604 -0.056727
v 0.058780 -0.161015 -0.012822
v 0.049599 -0.118171 0.373947
v 0.045792 0.358324 -0.306728
v 0.053329 0.165667 0.423347
v 0.018436 -0.319555 -0.481113
v 0.050691 -0.144255 -0.024373
v 0.048840 0.243498 -0.004761
v 0.068935 -0.378709 -0.315903
v 0.070179 -0.375047 -0.318372
v 0.060191 -0.130224 0.028422
v 0.039438 -0.142845 0.037113
v 0.044674 0.194830 0.082820
v 0.060175 -0.082079 0.453783
v 0.058561 -0.130371 0.345233
v 0.057171 -0.178284 -0.040783
v 0.053826 0.156609 0.023384
v 0.058498 0.162952 0.087997
v 0.048826 0.042995 0.507035
v 0.037968 0.182142 0.237371
v 0.034104 -0.171891 -0.074731
v 0.035406 -0.339718 -0.310647
v 0.051282 0.016678 0.503857
v 0.044899 -0.349216 -0.340637
v 0.013713 -0.239560 -0.179467
v 0.057072 0.221392 0.023601
v 0.056131 -0.369133 -0.313399
v 0.052936 -0.340095 -0.350237
v 0.055677 -0.364723 -0.384179
v 0.061092 -0.375526 -0.340595
v 0.054934 -0.102021 0.045029
v 0.058881 -0.378053 -0.329190
v 0.046856 -0.133708 0.032818
v 0.058672 0.147926 0.075106
v 0.028765 0.172493 0.061438
v 0.035020 -0.112327 0.099046
v 0.053744 0.170635 0.044710
v 0.026029 -0.133589 0.236675
v 0.041791 0.334801 -0.091725
v 0.041292 -0.137866 0.340179
v 0.046033 0.179178 0.065059
v 0.035184 0.172121 0.065202
v 0.018507 -0.026807 0.491559
v 0.046164 0.152517 0.059920
v 0.040546 -0.190052 -0.061125
v 0.049040 -0.190466 -0.050951
v 0.037226 0.169910 0.041000
v 0.036222 -0.092859 0.457533
v 0.050649 -0.356067 -0.418039
v 0.033618 0.158145 0.032303
v 0.033551 -0.331736 -0.333231
v 0.043208 -0.183705 -0.032809
v 0.018834 -0.135935 0.038413
v 0.022485 0.088206 0.487420
v 0.037820 -0.373857 -0.363726
v 0.050301 -0.353259 -0.420715
v 0.047984 -0.337544 -0.480164
v 0.036129 0.155320 0.446243
v 0.028955 0.264170 -0.012962
v 0.024010 0.156538 0.117434
v 0.027685 -0.342008 -0.307301
v 0.032439 -0.363085 -0.387691
v 0.026798 -0.374016 -0.378989
v 0.033884 -0.109421 0.027750
v 0.040862 -0.332310 -0.396968
v 0.031710 -0.120084 0.042976
v 0.045449 -0.378457 -0.345968
v 0.040695 -0.366379 -0.348597
v 0.018818 0.385259 -0.170364
v 0.022692 0.225944 0.021813
v -0.003220 0.184990 0.364280
v 0.034508 -0.365140 -0.358961
v 0.039600 -0.343381 -0.481076
v 0.046296 -0.156906 0.258959
v 0.018262 -0.144657 0.293771
v 0.028505 -0.328004 -0.481184
v 0.039949 -0.158192 0.235103
v 0.040438 -0.162246 0.278289
v 0.041555 -0.150496 0.271729
v 0.009042 0.012643 0.514864
v 0.008174 -0.140241 0.000762
v 0.006367 0.056942 0.514211
v 0.022678 -0.328773 -0.430333
v 0.032174 0.158678 0.010196
v 0.040856 -0.150883 0.237212
v 0.017687 0.195357 0.313916
v 0.019631 0.162396 0.158310
v 0.023241 0.155640 0.027456
v 0.029483 -0.138740 0.265058
v 0.020828 -0.139659 -0.039879
v 0.026076 -0.186380 -0.040227
v 0.022051 -0.144296 0.024414
v 0.021865 -0.330228 -0.365566
v 0.022921 -0.198249 -0.062071
v 0.035778 -0.156234 0.288792
v 0.017021 0.032412 0.517489
v 0.019218 0.128242 0.470764
v -0.000731 0.404392 -0.256078
v -0.000519 0.323849 -0.046915
v 0.025700 -0.366742 -0.358174
v 0.031230 -0.160329 0.279138
v 0.015984 0.384465 -0.278223
v 0.031507 0.250493 0.003250
v 0.018742 -0.325079 -0.307413
v 0.027572 -0.141488 0.278481
v 0.005826 0.161006 0.452374
v 0.021068 -0.327840 -0.412239
v 0.023723 -0.197412 -0.076082
v 0.016193 -0.097120 0.456631
v 0.025825 -0.200625 -0.068708
v 0.010182 -0.142284 -0.030756
v 0.023488 -0.148652 0.201262
v 0.025578 -0.138031 0.242558
v 0.035479 -0.158653 0.233569
v 0.022056 -0.161603 0.298841
v 0.019905 0.176825 0.048284
v 0.021720 -0.352005 -0.329154
v 0.009675 0.326256 -0.481227
v 0.007692 -0.134742 0.358788
v 0.024001 0.171499 0.041146
v 0.024987 -0.326768 -0.431933
v 0.023749 -0.364609 -0.394951
v 0.027915 -0.152099 0.267970
v 0.021323 -0.153079 0.233930
v 0.008105 -0.306993 -0.307242
v 0.023882 -0.152436 0.281394
v 0.012161 0.241217 0.012430
v 0.015892 0.157481 0.006383
v 0.022223 -0.327721 -0.434037
v 0.000150 0.154341 0.068178
v 0.008873 0.192273 0.067048
v 0.017227 -0.162141 0.293043
v 0.006337 -0.148556 -0.073990
v 0.010863 0.159445 0.009324
v -0.004215 -0.158346 0.177179
v 0.008043 -0.338928 -0.350361
v 0.014534 -0.349619 -0.480939
v 0.018526 -0.154657 0.300637
v -0.002263 -0.186441 -0.031351
v 0.021315 -0.196283 -0.063115
v 0.011673 -0.136070 0.208181
v 0.002812 0.202338 0.064317
v 0.022608 -0.328315 -0.428609
v -0.008100 -0.309630 -0.300795
v 0.020912 -0.326398 -0.437413
v 0.001435 0.359169 -0.367335
v 0.015076 -0.130250 0.215662
v 0.021361 -0.326606 -0.430419
v 0.012046 -0.117385 0.083310
v 0.008165 -0.339786 -0.396449
v 0.006328 0.252961 0.004420
v 0.014484 -0.153516 0.189945
v 0.015076 -0.325113 -0.339909
v -0.000925 0.379290 -0.118319
v 0.013141 0.176299 0.045250
v -0.008236 -0.147212 0.300720
v 0.010702 -0.361619 -0.365090
v 0.013504 -0.159347 0.248758
v 0.020507 -0.326758 -0.430955
v 0.004884 -0.154695 0.269960
v 0.004236 0.280163 -0.016831
v -0.002671 -0.343987 -0.400311
v 0.015005 -0.316253 -0.315242
v 0.009652 -0.150065 0.288235
v -0.049840 -0.251423 -0.295364
v 0.012677 0.191928 0.339073
v -0.006225 -0.326887 -0.322139
v -0.005168 -0.209900 -0.101905
v -0.002202 -0.347579 -0.384674
v -0.004841 0.191408 0.244741
v -0.021752 0.373674 -0.090013
v 0.012681 -0.108002 -0.043683
v -0.000448 -0.112560 0.028404
v -0.007163 -0.119612 0.119410
v -0.041688 -0.117980 -0.080377
v -0.010709 0.083616 0.497228
v -0.002448 -0.332884 -0.353156
v -0.056374 -0.108650 -0.093508
v -0.265717 0.154596 -0.481925
v -0.003476 -0.149759 0.283272
v -0.000659 0.151529 0.001087
v -0.006718 -0.012291 0.501761
v -0.030618 0.190556 0.051974
v -0.012162 0.195017 0.265867
v -0.004546 -0.148820 0.015002
v -0.000928 -0.155115 0.302886
v -0.017724 -0.127134 -0.059077
v -0.026949 -0.309672 -0.481097
v -0.003116 -0.158708 0.298927
v -0.017200 -0.121860 0.167765
v -0.008132 0.166293 0.161149
v 0.004456 -0.155981 0.228133
v 0.004072 0.379030 -0.314884
v 0.000515 0.034669 0.518802
v 0.003207 -0.154839 0.209420
v -0.005681 0.186081 0.224849
v -0.005932 -0.055879 0.484376
v -0.002548 0.267194 -0.005521
v 0.003247 -0.152560 0.245132
v -0.009870 -0.301295 -0.298793
v -0.018137 -0.132345 0.386408
v 0.005159 0.217026 0.253605
v 0.001096 0.215061 0.224420
v -0.003203 -0.144494 0.173907
v -0.011511 0.224684 0.008790
v -0.017076 -0.321169 -0.358956
v 0.000509 0.206943 0.216719
v -0.010453 -0.138945 -0.044099
v -0.000060 0.222510 0.258858
v -0.001045 -0.138484 0.240501
v -0.001615 -0.331154 -0.349855
v -0.000708 0.214856 0.269618
v -0.000126 -0.332295 -0.352576
v -0.014967 0.258672 0.000184
v -0.014352 0.241491 0.004126
v -0.008566 -0.147664 0.263064
v -0.014200 -0.338593 -0.370127
v -0.002602 0.385323 -0.367681
v -0.002468 0.399144 -0.328729
v -0.003095 0.200335 0.240311
v -0.013387 -0.215241 -0.108206
v -0.003883 -0.158523 0.292854
v -0.011347 -0.154293 0.216135
v -0.064541 -0.240146 -0.302651
v -0.032745 -0.128160 -0.025018
v -0.001897 -0.331370 -0.351428
v -0.005656 0.376179 -0.389362
v -0.023802 0.161579 0.450829
v -0.015618 0.282778 -0.015103
v -0.013921 -0.112842 -0.058060
v -0.002183 -0.330670 -0.351768
v -0.020976 -0.098624 -0.061110
v -0.020540 0.013362 0.506945
v -0.032358 0.121457 0.481885
v -0.002375 -0.330944 -0.353395
v -0.027528 0.196752 0.334789
v -0.009714 -0.141593 0.253486
v -0.006278 0.194602 0.218655
v -0.022206 0.148368 0.053230
v -0.011935 0.201291 0.268349
v -0.027344 -0.152526 0.176229
v -0.011634 0.220673 0.280265
v -0.008698 0.355657 -0.394573
v -0.005171 0.219259 0.255033
v -0.006836 -0.342305 -0.383337
v -0.004021 -0.330919 -0.351831
v -0.009513 0.212579 0.211909
v -0.017235 -0.105989 0.003097
v -0.011519 -0.135306 0.223983
v -0.009740 0.413771 -0.290782
v -0.015484 0.199092 0.188294
v -0.010777 0.145688 -0.013865
v -0.019538 0.176785 0.199033
v -0.014103 0.207014 0.190945
v -0.025622 0.183173 0.046019
v -0.011636 0.209007 0.239464
v -0.034493 -0.211436 -0.080524
v -0.014171 0.210179 0.263776
v -0.034628 -0.123046 0.132024
v -0.023903 0.423442 -0.233951
v -0.018790 -0.333621 -0.408731
v -0.021952 0.238468 -0.001580
v -0.018936 0.210415 0.286050
v -0.031747 -0.145751 -0.028640
v -0.023874 0.060178 0.502814
v -0.013896 -0.130361 0.244186
v -0.059703 -0.078204 0.462844
v -0.030021 -0.128570 0.165181
v -0.010769 0.263746 -0.007753
v -0.025059 -0.143831 0.162926
v -0.015301 -0.151857 0.274559
v -0.024217 0.218692 0.280114
v -0.043244 -0.136187 0.368923
v -0.021925 0.393926 -0.431682
v -0.038005 0.360161 -0.067914
v -0.015471 -0.331903 -0.407978
v -0.018018 0.279828 -0.016618
v -0.027854 0.334891 -0.481341
v -0.018039 0.204605 0.216918
v -0.035622 0.343399 -0.481381
v -0.025031 -0.143918 0.213799
v -0.020985 -0.129642 0.211515
v -0.020262 -0.123868 0.217633
v -0.047940 -0.202236 -0.067612
v -0.028561 -0.147517 0.287902
v -0.032571 0.197738 0.286729
v -0.044388 0.421768 -0.161304
v -0.041772 0.162226 0.441138
v -0.047015 -0.158047 -0.009603
v -0.084079 -0.186979 -0.028504
v -0.069778 -0.187838 -0.039096
v -0.026498 0.179550 0.192666
v -0.037711 -0.125520 0.404149
v -0.026141 -0.142547 0.240968
v -0.029990 0.206251 0.176827
v -0.046334 -0.098565 -0.073514
v -0.034686 0.254012 -0.008005
v -0.026868 0.205845 0.271168
v -0.022766 -0.293305 -0.297087
v -0.039951 -0.149437 0.003193
v -0.031429 0.377602 -0.481198
v -0.034559 0.276317 -0.013396
v -0.021581 -0.130791 0.232908
v -0.023795 0.213558 0.238946
v -0.028533 -0.150546 0.167087
v -0.025298 0.143317 -0.028487
v -0.039648 0.125391 -0.039646
v -0.026909 0.224174 -0.001728
v -0.056489 -0.109045 0.079185
v -0.028013 0.411322 -0.392367
v -0.065289 -0.170667 -0.016682
v -0.034754 -0.318868 -0.368346
v -0.031967 0.207032 0.221115
v -0.053996 -0.254421 -0.291059
v -0.045067 0.157737 0.001704
v -0.033160 0.295845 -0.023854
v -0.037468 -0.305459 -0.364240
v -0.032601 -0.319507 -0.422876
v -0.041959 0.191517 0.044332
v -0.071354 0.187983 0.355987
v -0.035405 0.165978 0.176414
v -0.027026 -0.142885 0.215206
v -0.045256 0.403972 -0.481198
v -0.026144 -0.131806 0.215242
v -0.048026 0.406993 -0.123612
v -0.035160 0.212456 0.289289
v -0.042462 0.205439 0.012341
v -0.038792 -0.099029 0.020149
v -0.048609 -0.102577 0.049735
v -0.072092 0.156856 0.127327
v -0.061028 0.146608 0.089100
v -0.043418 -0.314381 -0.387711
v -0.046830 -0.102344 -0.080085
v -0.039357 0.201552 0.191624
v -0.044997 -0.143793 0.202310
v -0.029374 0.190620 0.020918
v -0.047055 -0.141337 0.185064
v -0.050217 0.134544 0.043750
v -0.059000 0.161541 0.159195
v -0.032042 -0.144024 0.305034
v -0.031640 0.199159 0.000828
v -0.032293 0.190538 0.029731
v -0.038625 -0.089305 -0.071034
v -0.097028 -0.144362 -0.215486
v -0.034726 0.207020 0.242653
v -0.043738 0.202867 0.204370
v -0.045135 0.201259 0.273089
v -0.096018 -0.030987 0.495599
v -0.038417 0.201275 0.225955
v -0.042748 -0.086345 -0.024910
v -0.040118 0.221088 -0.017714
v -0.072035 0.082637 0.496479
v -0.046745 -0.311011 -0.404291
v -0.094177 -0.179419 -0.024956
v -0.041358 -0.135327 0.164655
v -0.072643 -0.130435 -0.065361
v -0.067179 0.183938 0.379790
v -0.036163 0.202205 -0.012805
v -0.035618 -0.320090 -0.423594
v -0.045084 0.220510 -0.017615
v -0.041003 -0.314777 -0.431981
v -0.044973 0.188557 0.159148
v -0.040555 0.209044 -0.015099
v -0.062732 0.195806 0.269797
v -0.050778 0.183877 -0.020424
v -0.043434 0.186465 0.029983
v -0.063685 0.108244 -0.027300
v -0.054071 0.198974 0.166640
v -0.041328 0.293306 -0.029729
v -0.053344 0.432837 -0.361736
v -0.052139 -0.144857 0.225111
v -0.041955 0.179745 0.220504
v -0.065572 0.170731 -0.002568
v -0.047168 0.199171 0.212387
v -0.061223 -0.253373 -0.293471
v -0.044461 -0.308576 -0.430749
v -0.047227 0.194460 0.250389
v -0.043771 -0.316795 -0.442094
v -0.042810 0.185665 0.211831
v -0.128525 -0.101565 0.423139
v -0.043153 -0.312392 -0.440868
v -0.047211 0.139093 -0.043121
v -0.052184 -0.129449 -0.063135
v -0.050966 -0.132212 0.135272
v -0.051869 0.176775 0.206660
v -0.050570 -0.309085 -0.413211
v -0.047927 0.283195 -0.026846
v -0.049814 -0.308071 -0.381493
v -0.056489 -0.077209 -0.079902
v -0.060638 0.199422 0.279201
v -0.076534 -0.141741 -0.053913
v -0.049196 0.215932 -0.026452
v -0.054254 0.195163 0.287957
v -0.062286 0.438579 -0.215998
v -0.064122 0.009162 0.505342
v -0.063228 -0.144328 0.278014
v -0.053696 -0.303331 -0.385927
v -0.051471 0.196443 0.160483
v -0.050628 -0.315158 -0.430857
v -0.054722 0.192555 0.266700
v -0.086401 -0.257674 -0.454240
v -0.077284 0.412762 -0.116569
v -0.061720 0.191492 -0.036751
v -0.052108 -0.306583 -0.431429
v -0.051462 -0.314688 -0.406265
v -0.054396 0.297415 -0.035736
v -0.056285 -0.311101 -0.392897
v -0.062602 0.320544 -0.049794
v -0.059155 -0.065177 -0.053306
v -0.060638 -0.296211 -0.423492
v -0.063449 0.184659 0.208925
v -0.055765 -0.127724 -0.078314
v -0.067176 0.101053 -0.041597
v -0.056174 0.200960 -0.021108
v -0.060154 0.193813 0.201944
v -0.054456 -0.093478 -0.090052
v -0.093708 -0.266171 -0.384416
v -0.056710 0.188387 0.249631
v -0.073272 -0.159436 -0.029553
v -0.077808 -0.264556 -0.363101
v -0.061404 0.107801 -0.060733
v -0.066040 -0.146816 0.160578
v -0.062774 -0.069672 -0.024536
v -0.056084 -0.305148 -0.424702
v -0.059222 0.171827 0.034207
v -0.074998 -0.191471 -0.035708
v -0.061315 0.176987 0.024198
v -0.081041 0.190599 -0.019085
v -0.060000 0.173576 0.230771
v -0.065606 0.176694 0.151513
v -0.088555 -0.146300 -0.044310
v -0.085551 -0.271506 -0.404931
v -0.064989 -0.119524 -0.077131
v -0.068962 -0.101325 0.060973
v -0.063262 0.138674 0.070541
v -0.070462 0.180410 0.025748
v -0.062305 0.168899 0.206389
v -0.095110 -0.138182 0.306118
v -0.059664 0.214820 -0.036785
v -0.061938 0.167613 -0.032426
v -0.076847 0.168876 0.025102
v -0.062940 -0.126973 -0.084499
v -0.061926 -0.116666 -0.091091
v -0.062521 -0.116410 0.094185
v -0.068336 0.187603 0.157115
v -0.064603 0.164404 -0.024740
v -0.069395 0.112839 0.020233
v -0.090496 0.398869 -0.100975
v -0.063064 -0.131354 -0.081816
v -0.077158 -0.063938 -0.015971
v -0.077219 -0.141252 0.136180
v -0.092668 0.435765 -0.481394
v -0.075638 -0.039812 -0.069198
v -0.067946 0.206702 -0.042540
v -0.062325 -0.126961 -0.086239
v -0.064382 -0.250964 -0.312747
v -0.079657 0.433047 -0.157580
v -0.076565 0.211313 -0.043559
v -0.077550 0.186849 0.272979
v -0.064903 -0.085221 -0.097943
v -0.064522 -0.124204 -0.098398
v -0.068277 0.186588 0.207517
v -0.074771 -0.145879 -0.077471
v -0.067910 -0.110159 -0.084274
v -0.071410 0.184885 0.240528
v -0.089868 -0.086580 -0.107496
v -0.073483 0.163456 0.154123
v -0.068095 -0.238449 -0.298969
v -0.074338 -0.100806 -0.097508
v -0.077835 0.123376 0.049799
v -0.131256 0.100067 0.475333
v -0.077099 -0.044913 -0.086458
v -0.108623 0.310421 -0.081434
v -0.073915 -0.141402 -0.091399
v -0.084928 -0.274936 -0.407583
v -0.068568 -0.123085 -0.093262
v -0.116154 0.457176 -0.336305
v -0.072496 -0.085129 -0.108881
v -0.079639 -0.243475 -0.328822
v -0.071114 -0.126743 -0.101855
v -0.073527 -0.079747 -0.093901
v -0.088433 -0.114758 0.078000
v -0.087267 -0.056946 -0.092614
v -0.154878 -0.114495 0.377070
v -0.116548 -0.150581 0.241273
v -0.080391 -0.186291 -0.032743
v -0.076265 0.160120 0.149593
v -0.086794 0.148794 0.079536
v -0.074953 -0.073074 -0.103521
v -0.080624 0.165866 0.010641
v -0.077142 0.136732 -0.046197
v -0.087725 -0.222180 -0.295900
v -0.094048 0.203495 -0.068187
v -0.080682 0.084182 -0.074897
v -0.076326 -0.133057 -0.096060
v -0.075778 -0.142683 -0.076978
v -0.076911 0.176376 0.158525
v -0.082909 -0.091797 -0.111500
v -0.082740 0.205983 -0.052781
v -0.099544 0.070626 -0.005070
v -0.086109 0.170883 0.180181
v -0.102239 0.383172 -0.094038
v -0.078022 0.106582 -0.070031
v -0.092609 0.200561 -0.069892
v -0.094080 -0.219673 -0.330202
v -0.126158 0.355269 -0.099657
v -0.096864 0.135363 -0.038033
v -0.102588 -0.164891 -0.041592
v -0.090919 -0.179883 -0.028446
v -0.083625 0.082768 -0.019775
v -0.113937 0.369679 -0.094533
v -0.083865 -0.125782 -0.131977
v -0.107672 -0.240251 -0.361083
v -0.101280 0.080782 0.019016
v -0.084332 -0.015985 -0.083231
v -0.083034 0.163772 0.164725
v -0.092159 0.206299 -0.069158
v -0.090651 -0.149464 0.165891
v -0.109267 0.139566 0.064338
v -0.091585 0.166563 0.144253
v -0.101423 0.161532 0.407551
v -0.098176 0.113496 -0.077864
v -0.093522 0.182887 0.350628
v -0.099249 -0.218138 -0.303018
v -0.085782 -0.022123 -0.071215
v -0.089583 -0.151599 -0.064827
v -0.112239 0.141652 -0.013022
v -0.111546 0.151528 0.080932
v -0.099865 0.198363 -0.079219
v -0.093896 -0.212259 -0.320372
v -0.092528 0.156640 0.089851
v -0.097051 -0.087801 -0.119476
v -0.086000 -0.250947 -0.355341
v -0.107501 0.131788 -0.006297
v -0.095522 0.163187 0.008896
v -0.092805 -0.080595 -0.147416
v -0.104988 -0.161920 -0.039916
v -0.092161 0.057280 -0.035823
v -0.096486 -0.078980 0.024273
v -0.091366 0.058113 -0.059146
v -0.099281 -0.131796 0.105892
v -0.097102 -0.028637 -0.050769
v -0.094995 -0.239910 -0.369753
v -0.089640 -0.270665 -0.404190
v -0.089753 0.173864 0.189530
v -0.102772 -0.115591 -0.154774
v -0.121471 -0.057286 0.478527
v -0.152078 0.115482 0.447017
v -0.092483 -0.004947 -0.068751
v -0.102798 0.103570 -0.071659
v -0.102796 -0.173128 -0.036413
v -0.103376 -0.052701 -0.015123
v -0.137643 -0.073912 0.459098
v -0.113152 -0.086281 -0.128876
v -0.098191 0.076565 -0.083347
v -0.103738 -0.236416 -0.361579
v -0.104050 -0.005087 -0.093350
v -0.134881 -0.126715 -0.261996
v -0.106914 -0.170459 -0.035650
v -0.095489 -0.226928 -0.345408
v -0.092762 0.025309 -0.074749
v -0.094599 0.017933 -0.061174
v -0.095266 0.051361 -0.084448
v -0.096651 0.024582 -0.088739
v -0.095032 -0.264594 -0.403072
v -0.095853 -0.126548 -0.150029
v -0.098762 -0.019220 -0.106329
v -0.092492 -0.124949 -0.153245
v -0.103433 0.098076 0.032730
v -0.103107 -0.213577 -0.310300
v -0.108652 -0.078699 -0.127377
v -0.101792 -0.078347 -0.136120
v -0.130298 0.175385 -0.084300
v -0.108293 0.445965 -0.186952
v -0.196730 0.276245 -0.481190
v -0.108596 0.147682 -0.009955
v -0.098972 0.199599 -0.076825
v -0.103297 -0.129548 -0.177934
v -0.111529 -0.119590 -0.162054
v -0.096417 -0.131541 -0.158608
v -0.105583 -0.081408 -0.160926
v -0.101078 0.200047 -0.078966
v -0.109817 0.174786 0.264928
v -0.101967 0.197008 -0.078559
v -0.107973 -0.019694 -0.050970
v -0.117828 -0.079957 0.028875
v -0.132616 -0.057808 -0.002640
v -0.098026 -0.217168 -0.335431
v -0.100297 -0.230065 -0.346686
v -0.128362 0.096464 -0.043738
v -0.106233 0.169555 0.139633
v -0.102696 -0.216942 -0.324824
v -0.110032 -0.221351 -0.330269
v -0.099301 0.199457 -0.076009
v -0.123876 -0.220457 -0.442521
v -0.100698 -0.225671 -0.354505
v -0.138125 0.075526 0.486156
v -0.104445 0.052760 -0.020475
v -0.100988 -0.264015 -0.396736
v -0.132734 -0.151626 -0.306940
v -0.109335 -0.081484 -0.145420
v -0.103962 0.012493 -0.050177
v -0.106656 -0.131021 -0.166728
v -0.176867 -0.139821 -0.480612
v -0.101222 -0.219672 -0.346586
v -0.125743 0.168003 0.282397
v -0.117865 0.432691 -0.149069
v -0.102721 -0.214794 -0.328367
v -0.116156 0.072212 -0.079098
v -0.110503 -0.008278 -0.054724
v -0.110410 -0.128983 -0.175075
v -0.116094 -0.111093 0.072966
v -0.144517 0.032706 0.492512
v -0.107232 0.010960 -0.101505
v -0.109915 0.050085 -0.100360
v -0.119573 0.079814 0.020923
v -0.115880 -0.081470 -0.143359
v -0.124224 -0.008662 -0.146358
v -0.110542 0.195268 -0.092204
v -0.126897 0.179305 -0.071787
v -0.133868 0.455005 -0.481109
v -0.132758 -0.143239 0.269297
v -0.107998 0.197914 -0.087199
v -0.113382 0.080488 -0.095537
v -0.107121 0.028094 -0.092181
v -0.104210 0.200117 -0.076009
v -0.139757 0.167706 0.212438
v -0.111614 0.197810 -0.092257
v -0.124824 0.190109 -0.093472
v -0.129044 0.048801 -0.002700
v -0.117410 -0.211519 -0.379935
v -0.132833 -0.090295 -0.198356
v -0.116166 -0.125599 -0.202510
v -0.124376 0.092528 -0.119757
v -0.131897 -0.065696 -0.178744
v -0.130148 -0.108739 -0.198552
v -0.117424 0.024757 -0.110466
v -0.115259 0.149618 -0.007845
v -0.119179 -0.127868 -0.203344
v -0.113105 -0.129914 -0.186219
v -0.115692 0.083306 -0.084583
v -0.115286 0.174103 0.169509
v -0.140551 0.165618 -0.138780
v -0.126246 -0.076272 -0.188205
v -0.134005 0.194431 -0.102961
v -0.156293 0.007883 0.489319
v -0.125933 -0.132080 0.117217
v -0.125226 0.159303 0.109857
v -0.131519 -0.042844 -0.179036
v -0.122553 0.053075 -0.101283
v -0.127887 0.142220 0.065838
v -0.122281 -0.076588 -0.156346
v -0.134003 -0.117968 0.080087
v -0.140246 -0.062376 -0.170874
v -0.123799 0.049075 -0.094237
v -0.122970 0.169667 0.153592
v -0.124672 0.190972 -0.102416
v -0.134612 -0.068814 -0.199055
v -0.135786 -0.005217 -0.039478
v -0.124606 -0.210591 -0.422749
v -0.132027 0.192035 -0.103577
v -0.143266 0.418393 -0.142983
v -0.135647 0.101938 0.040670
v -0.122896 -0.132375 -0.210937
v -0.185743 0.341336 -0.480785
v -0.121831 0.189155 -0.098799
v -0.145130 0.093172 -0.078141
v -0.158608 0.163881 0.223269
v -0.131296 -0.120940 -0.199608
v -0.121823 0.190454 -0.100914
v -0.136890 -0.073181 -0.182061
v -0.135636 0.181818 -0.080565
v -0.136136 -0.142170 0.174239
v -0.124743 0.029004 -0.118503
v -0.123842 0.191142 -0.099401
v -0.133595 -0.095212 0.044960
v -0.135758 -0.075715 -0.163916
v -0.132880 -0.017103 -0.139701
v -0.138402 0.150342 0.086035
v -0.131491 -0.107875 -0.188094
v -0.149613 0.066877 -0.073175
v -0.126635 -0.130446 -0.224948
v -0.149066 -0.036100 -0.018394
v -0.136000 0.167779 0.174237
v -0.140408 -0.071837 0.022952
v -0.167958 0.087435 -0.046449
v -0.137021 0.183594 -0.111046
v -0.135110 0.000797 -0.112871
v -0.131374 -0.135135 -0.232305
v -0.131596 0.004707 -0.140282
v -0.141638 0.246761 -0.122412
v -0.128955 0.183884 -0.088682
v -0.135518 0.051611 -0.097255
v -0.157330 0.457037 -0.218743
v -0.136241 -0.049187 -0.166509
v -0.148630 0.437030 -0.170009
v -0.152516 -0.016919 -0.028744
v -0.135596 0.015635 -0.112815
v -0.154761 -0.023758 -0.024933
v -0.142226 0.050196 -0.155948
v -0.144133 0.049149 0.002251
v -0.149653 0.007108 -0.094088
v -0.138300 0.179669 -0.085909
v -0.177985 0.341325 -0.149685
v -0.162380 0.465549 -0.267163
v -0.149165 0.077133 -0.091218
v -0.148134 -0.112853 -0.239408
v -0.149072 0.067240 0.018905
v -0.140176 -0.057651 -0.200236
v -0.163916 -0.142658 0.223265
v -0.159460 0.385615 -0.135920
v -0.142203 0.132505 0.061368
v -0.146591 -0.119915 0.087632
v -0.135592 0.008858 -0.134156
v -0.137678 0.015536 -0.119882
v -0.160881 -0.025388 0.480334
v -0.163192 0.013007 -0.094414
v -0.137297 0.000810 -0.119175
v -0.142387 -0.137481 -0.272218
v -0.167985 0.130403 0.404175
v -0.153212 -0.093618 -0.251801
v -0.141024 -0.087194 -0.199936
v -0.138934 -0.001751 -0.148041
v -0.145539 0.182508 -0.115782
v -0.137259 -0.135986 -0.234618
v -0.145009 -0.056448 -0.179918
v -0.153017 -0.051614 0.470437
v -0.181182 0.469544 -0.480997
v -0.144698 0.187801 -0.116847
v -0.151872 -0.000391 -0.027663
v -0.198743 0.117540 -0.100013
v -0.141319 -0.036932 -0.174327
v -0.156202 0.158018 -0.082417
v -0.151389 -0.059125 -0.183278
v -0.191206 0.057942 -0.063690
v -0.155135 0.063192 -0.095061
v -0.162596 0.054407 0.483648
v -0.145616 -0.125451 -0.269059
v -0.154733 0.102465 -0.044370
v -0.158606 0.176863 -0.110700
v -0.150121 0.174215 -0.101878
v -0.148332 -0.138703 -0.278036
v -0.146464 0.027075 -0.112387
v -0.152751 0.005727 -0.097482
v -0.149715 0.188346 -0.117583
v -0.162614 -0.114219 -0.308862
v -0.143866 -0.046369 -0.184853
v -0.149222 -0.043447 -0.180108
v -0.153185 -0.131644 -0.300050
v -0.156779 -0.089460 -0.236100
v -0.167013 0.137744 0.121768
v -0.148657 0.013466 -0.105122
v -0.162267 -0.105178 -0.267675
v -0.168071 0.014512 -0.085278
v -0.172761 0.073821 -0.204798
v -0.166933 0.132693 0.086118
v -0.163158 -0.049539 0.003706
v -0.162658 0.084103 0.471453
v -0.163892 -0.074649 0.445969
v -0.190495 0.134085 0.326586
v -0.155260 0.116710 -0.049507
v -0.169183 -0.101819 -0.300249
v -0.147176 -0.052166 -0.191459
v -0.153815 0.023426 -0.014123
v -0.168697 -0.122725 0.146300
v -0.194296 0.313101 -0.176373
v -0.182634 -0.094381 0.038575
v -0.179433 0.078769 -0.062276
v -0.162225 -0.122797 -0.342370
v -0.171346 -0.127352 0.275524
v -0.162678 -0.089608 -0.230984
v -0.192372 0.139271 -0.124576
v -0.164515 0.151443 0.168188
v -0.153494 -0.138862 -0.298606
v -0.167421 0.124767 0.062316
v -0.166434 -0.121386 -0.360994
v -0.201445 0.346794 -0.481064
v -0.173207 -0.125040 0.304807
v -0.163226 0.106951 0.050086
v -0.160313 -0.071148 -0.205594
v -0.159074 0.021353 -0.104188
v -0.160312 -0.117265 -0.279820
v -0.158662 0.025767 -0.107072
v -0.156844 -0.133697 -0.318737
v -0.160743 -0.120067 -0.326413
v -0.163658 0.448293 -0.204169
v -0.195066 0.123134 0.375336
v -0.169598 -0.085301 -0.235695
v -0.180815 0.022966 -0.081104
v -0.162108 -0.118283 -0.267542
v -0.170904 -0.054777 -0.230904
v -0.169830 0.027861 0.000881
v -0.156202 -0.097472 -0.303222
v -0.156980 -0.110418 -0.341448
v -0.180475 0.026079 -0.086712
v -0.167706 -0.119534 -0.312005
v -0.179853 0.052891 -0.069797
v -0.164185 -0.117657 0.105064
v -0.161253 -0.121729 -0.310973
v -0.161151 -0.089410 -0.239471
v -0.158871 -0.111757 -0.338730
v -0.159815 -0.129337 -0.399270
v -0.161359 -0.097836 -0.303204
v -0.165359 -0.078821 -0.297757
v -0.172676 -0.002149 -0.012732
v -0.173256 0.175254 -0.139930
v -0.172854 -0.127780 -0.311715
v -0.186748 0.083754 0.452135
v -0.164318 0.465257 -0.406659
v -0.161514 -0.120472 -0.326542
v -0.162313 -0.137450 -0.345946
v -0.168920 -0.084164 -0.262184
v -0.172653 -0.107527 0.062810
v -0.161077 -0.120243 -0.330021
v -0.176408 0.098624 0.047536
v -0.162650 -0.115176 -0.360956
v -0.165179 -0.120556 -0.352729
v -0.170120 -0.140976 -0.339304
v -0.163549 -0.087285 -0.296017
v -0.163456 0.455132 -0.228883
v -0.183344 -0.095688 0.399454
v -0.187903 0.080969 0.033533
v -0.175529 -0.021582 -0.008215
v -0.163016 -0.118265 -0.329876
v -0.164518 0.443394 -0.262568
v -0.167615 -0.120690 -0.363797
v -0.170503 -0.138481 -0.397111
v -0.170683 -0.123163 -0.398438
v -0.176798 -0.122484 0.290310
v -0.184172 0.061287 -0.086045
v -0.175506 0.460773 -0.277356
v -0.187063 0.163889 -0.153464
v -0.165757 -0.123314 -0.351910
v -0.175327 -0.106209 -0.330164
v -0.175265 -0.089745 -0.287249
v -0.167578 -0.123658 -0.362637
v -0.174530 0.428669 -0.186218
v -0.180305 -0.070211 0.010529
v -0.166436 -0.119592 -0.350701
v -0.170915 -0.117773 -0.381449
v -0.176109 -0.089728 -0.306122
v -0.167133 -0.120038 -0.352943
v -0.171742 -0.143858 -0.363036
v -0.187564 -0.131119 0.194828
v -0.167298 -0.117361 -0.352306
v -0.168689 0.428654 -0.294186
v -0.172711 0.455396 -0.263765
v -0.186047 -0.070033 -0.271873
v -0.171212 0.435608 -0.270946
v -0.194955 0.136915 0.272307
v -0.168965 -0.118205 -0.358653
v -0.167170 -0.118272 -0.356184
v -0.167497 -0.118038 -0.350857
v -0.172649 -0.108781 -0.336862
v -0.175316 -0.123921 -0.427020
v -0.167953 -0.119954 -0.357661
v -0.169608 -0.136438 -0.403463
v -0.174501 -0.070404 -0.312344
v -0.172527 -0.111232 -0.374255
v -0.169069 -0.117618 -0.363235
v -0.171300 0.120812 0.063473
v -0.174291 -0.145355 -0.421142
v -0.169054 -0.116143 -0.356696
v -0.169307 -0.115761 -0.356899
v -0.180728 -0.116246 0.121927
v -0.191905 -0.051966 -0.303414
v -0.176815 -0.101441 -0.304982
v -0.170101 -0.078788 -0.296048
v -0.169721 -0.117694 -0.362766
v -0.169485 -0.116368 -0.356456
v -0.173469 -0.121547 -0.440474
v -0.173023 -0.116706 -0.371266
v -0.171337 -0.116292 -0.370838
v -0.178014 0.119107 0.080490
v -0.174519 -0.088048 -0.280205
v -0.202888 0.134177 0.177268
v -0.175609 0.438684 -0.222237
v -0.180460 0.440651 -0.289369
v -0.197710 -0.035494 0.449416
v -0.174371 -0.089551 -0.284209
v -0.172952 -0.114996 -0.372875
v -0.178014 -0.081074 -0.302848
v -0.233898 0.375232 -0.481426
v -0.175501 0.401859 -0.333125
v -0.173211 0.402461 -0.341836
v -0.179194 -0.130281 -0.429460
v -0.186317 0.047764 0.470477
v -0.174904 -0.114288 -0.373480
v -0.179360 -0.108308 0.088210
v -0.172642 -0.115707 -0.368935
v -0.184497 0.450567 -0.225330
v -0.200353 0.084784 -0.078462
v -0.175538 -0.135769 -0.420639
v -0.174721 -0.127891 -0.354420
v -0.174173 0.364745 -0.406284
v -0.175562 -0.093889 -0.302443
v -0.181952 -0.125073 -0.338668
v -0.195637 0.113331 -0.102463
v -0.193505 0.417176 -0.192504
v -0.173326 -0.114031 -0.371129
v -0.173495 -0.114226 -0.371094
v -0.176638 -0.112132 -0.362538
v -0.185357 0.464606 -0.361509
v -0.175394 0.374433 -0.404082
v -0.176351 -0.121704 -0.345679
v -0.191768 0.123637 0.127323
v -0.179972 0.349073 -0.455297
v -0.176478 -0.081097 -0.281157
v -0.177795 -0.117030 -0.447030
v -0.199770 0.410489 -0.194006
v -0.176278 -0.089024 -0.291066
v -0.192536 0.160274 -0.145348
v -0.178409 -0.150190 -0.412975
v -0.179546 -0.089087 -0.313743
v -0.179523 -0.102068 -0.330001
v -0.176911 -0.112523 -0.369652
v -0.176769 -0.111213 -0.337690
v -0.183612 0.048239 0.009654
v -0.186170 -0.068439 -0.353594
v -0.183803 -0.117296 -0.415862
v -0.212248 -0.112688 0.318729
v -0.178021 -0.080655 -0.280820
v -0.185006 -0.115137 -0.480918
v -0.204242 0.138136 0.220167
v -0.178092 -0.109862 -0.322632
v -0.247256 0.076765 -0.356228
v -0.177481 -0.089279 -0.289688
v -0.195110 0.146246 -0.126680
v -0.177197 -0.086439 -0.286249
v -0.179126 -0.127559 -0.367494
v -0.178265 -0.112936 -0.328914
v -0.215828 0.427302 -0.281415
v -0.198260 0.000848 0.461989
v -0.183769 0.004269 -0.009620
v -0.186734 0.167453 -0.153226
v -0.178749 -0.150716 -0.446645
v -0.196643 -0.125706 0.224511
v -0.182051 -0.076388 -0.289916
v -0.182177 -0.093283 -0.310098
v -0.179760 -0.155480 -0.480996
v -0.179874 -0.154724 -0.463380
v -0.191438 -0.094454 -0.315258
v -0.195245 0.449438 -0.234589
v -0.186218 -0.057794 -0.268620
v -0.188538 -0.125042 -0.367216
v -0.182113 -0.159209 -0.479845
v -0.193917 0.429833 -0.247560
v -0.182685 -0.130830 -0.421711
v -0.192471 -0.127926 -0.374604
v -0.198910 0.391284 -0.386545
v -0.180577 -0.110659 -0.337207
v -0.207408 0.103052 0.402649
v -0.187734 0.430869 -0.231919
v -0.281757 0.094946 -0.481343
v -0.190495 -0.109882 0.345082
v -0.182764 -0.153009 -0.441642
v -0.185562 -0.126788 -0.441026
v -0.183979 -0.102550 -0.323658
v -0.185818 -0.132661 -0.435054
v -0.184264 -0.113602 -0.463239
v -0.189759 -0.134305 -0.429992
v -0.198052 0.082229 -0.081675
v -0.188157 -0.136976 -0.443969
v -0.186624 -0.103258 0.054007
v -0.186038 -0.115903 -0.399656
v -0.202723 0.053445 -0.072517
v -0.203396 0.358208 -0.184223
v -0.187715 -0.130217 -0.437001
v -0.189676 -0.137769 -0.408332
v -0.192151 -0.104783 0.282540
v -0.191229 -0.117404 -0.383011
v -0.185232 -0.076521 -0.325368
v -0.203618 -0.075499 0.407857
v -0.224823 0.305964 -0.481311
v -0.209552 0.026261 0.451799
v -0.185758 -0.133256 -0.437125
v -0.191554 0.107178 0.076034
v -0.204266 0.431475 -0.340861
v -0.207670 0.458055 -0.399417
v -0.193153 -0.073642 -0.320438
v -0.203193 0.428619 -0.209643
v -0.198072 -0.138818 -0.445376
v -0.198192 0.057108 -0.075408
v -0.200880 0.272071 -0.206230
v -0.192613 0.091274 0.049664
v -0.188531 -0.135096 -0.439129
v -0.189202 -0.125159 -0.441551
v -0.195398 -0.078054 -0.339390
v -0.187828 -0.134693 -0.435218
v -0.190645 -0.136503 -0.441709
v -0.187885 -0.136799 -0.438592
v -0.195249 0.039392 -0.073239
v -0.187832 -0.136769 -0.439444
v -0.243525 0.405734 -0.481254
v -0.223983 0.036268 -0.002868
v -0.196216 -0.073742 0.012636
v -0.198057 -0.097455 0.114152
v -0.195318 0.341495 -0.462749
v -0.199632 0.044666 -0.077002
v -0.200820 -0.096245 0.086567
v -0.203060 -0.104675 0.139057
v -0.200447 -0.063609 -0.408681
v -0.208286 0.467418 -0.481082
v -0.213356 -0.066938 -0.480778
v -0.204875 -0.074944 -0.338100
v -0.205494 -0.135589 -0.481228
v -0.205749 -0.097685 0.057781
v -0.206727 -0.107410 0.146540
v -0.201473 -0.073926 -0.353488
v -0.210296 -0.108042 -0.421086
v -0.220318 -0.024722 -0.014654
v -0.208407 0.382733 -0.201061
v -0.194148 0.279933 -0.468369
v -0.205954 -0.089332 -0.392913
v -0.204545 0.446305 -0.345461
v -0.234446 -0.047975 -0.481225
v -0.214111 0.079859 0.421489
v -0.202958 -0.054517 -0.320328
v -0.228672 0.048531 0.005368
v -0.209564 -0.088748 0.264978
v -0.212726 0.395188 -0.400409
v -0.204596 0.321501 -0.191431
v -0.216629 -0.108764 -0.480491
v -0.197168 0.415870 -0.216426
v -0.214126 0.005338 -0.013670
v -0.215546 -0.110850 0.186049
v -0.215562 0.355386 -0.418785
v -0.203764 0.091911 0.071898
v -0.201002 0.429636 -0.248674
v -0.216894 -0.088933 0.300214
v -0.219854 0.101863 0.121586
v -0.210882 -0.101579 -0.408648
v -0.210143 -0.091550 0.036166
v -0.204036 0.427152 -0.230866
v -0.210317 0.425687 -0.224390
v -0.213023 0.076927 0.035149
v -0.202266 -0.091640 0.114277
v -0.231568 0.216608 -0.277920
v -0.201224 0.423959 -0.236450
v -0.215808 0.325679 -0.481225
v -0.199846 0.422549 -0.225289
v -0.206329 0.288282 -0.425120
v -0.211497 0.431171 -0.227415
v -0.206475 -0.083155 -0.362425
v -0.208306 0.402046 -0.198081
v -0.225934 0.127059 -0.282461
v -0.209242 0.123520 0.277906
v -0.214057 -0.091135 0.358481
v -0.215889 -0.105909 0.224562
v -0.208127 0.282429 -0.479628
v -0.204692 -0.091928 0.137047
v -0.211844 -0.072007 -0.395603
v -0.203361 0.291934 -0.436353
v -0.204705 0.423480 -0.236994
v -0.219290 0.284214 -0.420707
v -0.220956 0.358639 -0.479961
v -0.208148 -0.055319 -0.339138
v -0.208925 0.440565 -0.241335
v -0.220983 0.411609 -0.213522
v -0.216901 -0.109255 -0.446283
v -0.209941 0.124231 0.259134
v -0.223448 0.044380 0.431264
v -0.214334 0.305688 -0.385859
v -0.214808 -0.040185 0.425152
v -0.240009 0.046333 -0.359312
v -0.214825 0.414867 -0.210550
v -0.212639 0.421342 -0.227957
v -0.214753 0.433941 -0.239224
v -0.230722 0.102979 0.337152
v -0.210499 0.334134 -0.213657
v -0.215453 0.296739 -0.227842
v -0.221746 0.121798 0.183443
v -0.217001 -0.076447 0.137631
v -0.209865 -0.061555 -0.440011
v -0.214140 0.356215 -0.206425
v -0.227049 -0.064051 0.007895
v -0.212376 -0.087446 0.086459
v -0.216832 -0.083609 0.290026
v -0.213530 -0.086190 -0.429841
v -0.221878 -0.057641 -0.381572
v -0.212690 -0.078941 -0.414715
v -0.219975 -0.065674 0.393158
v -0.226019 -0.006530 0.427196
v -0.219829 0.443042 -0.418391
v -0.224676 0.378651 -0.219916
v -0.222560 -0.048999 -0.411924
v -0.215531 0.312294 -0.397398
v -0.220062 -0.072660 0.088426
v -0.214985 -0.073267 -0.417817
v -0.231037 0.113555 0.209587
v -0.217406 -0.097697 0.151822
v -0.217147 0.084077 0.097512
v -0.234578 0.109380 0.311228
v -0.230776 0.379551 -0.363174
v -0.220003 -0.071228 -0.440521
v -0.214895 0.427574 -0.227288
v -0.226335 0.078370 0.051429
v -0.218765 -0.051450 -0.381121
v -0.232769 0.420612 -0.272016
v -0.223624 -0.082964 0.297508
v -0.221669 -0.110891 -0.477860
v -0.237945 0.325823 -0.264126
v -0.227624 0.278766 -0.481219
v -0.219598 -0.085528 0.148948
v -0.220810 0.395696 -0.221022
v -0.229862 0.425361 -0.444234
v -0.220332 -0.070333 0.262319
v -0.216792 0.421970 -0.230528
v -0.238730 0.434148 -0.480773
v -0.228263 -0.068947 -0.471718
v -0.224091 0.101179 0.140519
v -0.224086 -0.103809 -0.480487
v -0.221380 -0.076916 -0.479553
v -0.227143 -0.088743 0.053866
v -0.217663 0.102195 0.279647
v -0.221065 0.334641 -0.352008
v -0.220140 0.415858 -0.236670
v -0.217706 0.396338 -0.248714
v -0.252212 0.033340 -0.410248
v -0.297343 0.225897 -0.481127
v -0.225524 0.329094 -0.240920
v -0.226676 -0.080211 -0.481322
v -0.228451 -0.095638 0.326669
v -0.219683 0.311507 -0.362776
v -0.223565 0.301978 -0.447348
v -0.219228 -0.040830 0.283803
v -0.221553 0.363141 -0.288398
v -0.224073 0.075864 0.106910
v -0.221385 -0.050420 0.273744
v -0.226893 -0.070540 -0.420623
v -0.232522 0.394650 -0.454611
v -0.224166 0.084733 0.128467
v -0.232801 -0.082336 0.065000
v -0.226790 -0.066476 0.296108
v -0.236006 0.000587 -0.013208
v -0.226784 0.427502 -0.248670
v -0.225199 0.455901 -0.480526
v -0.231238 0.079235 0.389109
v -0.233282 -0.075956 0.164088
v -0.225509 -0.100484 -0.472904
v -0.233775 -0.026833 0.402526
v -0.228265 0.081538 0.255538
v -0.222563 0.074198 0.128389
v -0.228668 -0.053414 -0.416314
v -0.227426 0.291445 -0.394664
v -0.233980 -0.062766 -0.445016
v -0.236106 -0.029742 -0.009119
v -0.226565 0.364047 -0.264973
v -0.228075 -0.057082 0.301532
v -0.236327 0.337015 -0.385840
v -0.230393 0.061663 0.088799
v -0.234727 0.088084 0.300001
v -0.231493 0.098185 0.231947
v -0.225212 -0.111240 -0.475371
v -0.232707 0.083760 0.286518
v -0.235650 -0.055000 0.083532
v -0.224866 0.046290 0.281698
v -0.229056 -0.096441 -0.479139
v -0.229724 -0.103112 -0.474188
v -0.235345 -0.054693 0.134514
v -0.236316 -0.082116 0.208171
v -0.238983 0.099866 0.175871
v -0.234577 0.072427 0.059775
v -0.256607 -0.050719 0.146803
v -0.228981 0.369134 -0.233429
v -0.238022 0.063129 0.024227
v -0.246371 -0.054846 0.140165
v -0.231855 -0.064442 0.363385
v -0.229815 0.036369 0.283784
v -0.235514 -0.033826 0.270373
v -0.239549 0.050594 0.397633
v -0.230314 -0.109364 -0.480774
v -0.228997 -0.048428 -0.443442
v -0.242701 -0.073611 0.031868
v -0.244962 0.095016 0.316071
v -0.243856 -0.041198 0.086592
v -0.233121 0.394603 -0.281459
v -0.252115 -0.040982 0.117853
v -0.234577 0.353250 -0.265598
v -0.239992 0.296298 -0.367014
v -0.233687 0.070186 0.143255
v -0.238068 0.377964 -0.312989
v -0.239912 0.306719 -0.344946
v -0.236203 0.072103 0.287337
v -0.240771 0.044738 0.128485
v -0.234453 0.332643 -0.429586
v -0.234129 -0.050968 0.307556
v -0.236133 0.022680 0.271862
v -0.233660 -0.050894 -0.444084
v -0.231955 0.066729 0.271204
v -0.239533 0.081499 0.147780
v -0.233830 0.041872 0.256212
v -0.245352 -0.057706 0.228597
v -0.244044 -0.067572 0.337165
v -0.241198 -0.051071 -0.480951
v -0.239470 0.371359 -0.348884
v -0.247928 -0.047381 0.316425
v -0.249598 -0.023580 0.287761
v -0.251626 -0.044435 0.244301
v -0.244809 0.028448 0.000942
v -0.249424 -0.063004 0.064672
v -0.258085 0.139293 -0.357504
v -0.241217 -0.030296 0.368214
v -0.240020 0.053587 0.301283
v -0.242260 0.008260 0.396446
v -0.248332 0.306317 -0.314046
v -0.264718 0.002860 0.113636
v -0.244118 0.063269 0.366326
v -0.257868 0.285018 -0.480733
v -0.250475 0.063664 0.054129
v -0.239244 0.069338 0.042712
v -0.256694 -0.020492 0.133988
v -0.246321 0.027730 0.078062
v -0.250380 -0.069825 0.053646
v -0.248719 0.059239 0.058723
v -0.243447 0.312891 -0.288471
v -0.240946 -0.062791 0.172451
v -0.252700 0.042199 0.222817
v -0.258273 -0.037370 0.007740
v -0.249999 0.072103 0.207819
v -0.246518 -0.047511 0.192328
v -0.253211 0.008864 0.293382
v -0.248669 0.049718 0.158907
v -0.244700 0.041452 -0.359077
v -0.253116 0.064216 0.318304
v -0.248858 0.055085 -0.373886
v -0.253161 0.045025 0.019350
v -0.246726 0.053920 -0.354811
v -0.260768 0.031001 0.138828
v -0.249482 0.060680 0.039401
v -0.247371 0.041533 -0.365517
v -0.248317 0.028530 0.367220
v -0.255437 0.031080 0.230295
v -0.257969 -0.062554 0.038354
v -0.251696 0.071717 0.188374
v -0.252798 0.010212 0.081865
v -0.260490 0.042361 0.052783
v -0.266237 0.009119 0.007928
v -0.247412 -0.047490 0.185483
v -0.253660 -0.026731 0.073648
v -0.260540 0.045352 0.329138
v -0.255694 0.295227 -0.337836
v -0.249507 -0.048542 0.210981
v -0.262761 -0.048865 0.058047
v -0.254906 -0.011082 -0.002892
v -0.270597 0.023540 0.052447
v -0.256814 -0.022020 0.274950
v -0.267175 -0.037382 0.155036
v -0.260198 -0.041566 0.226488
v -0.256873 0.002052 0.132532
v -0.251190 -0.046349 0.322892
v -0.265324 -0.020091 0.137562
v -0.266038 -0.029956 0.172437
v -0.253886 -0.023405 0.128891
v -0.254307 -0.011398 0.080437
v -0.264228 -0.022534 0.116739
v -0.255381 0.003945 0.279607
v -0.258874 0.011637 0.337116
v -0.253051 0.027971 0.192916
v -0.269001 0.004536 0.258237
v -0.264996 0.021160 0.015657
v -0.255113 0.045937 -0.371551
v -0.254254 -0.014863 0.292822
v -0.259335 0.052723 -0.388113
v -0.256472 -0.004008 0.071558
v -0.258491 -0.005769 0.127473
v -0.263634 -0.054327 0.204659
v -0.263429 -0.051143 0.193816
v -0.264863 0.289581 -0.396624
v -0.262034 0.181165 -0.364067
v -0.256478 -0.006161 0.285077
v -0.258235 0.023120 0.206927
v -0.261764 0.014922 0.176223
v -0.274227 0.099857 -0.385497
v -0.258524 0.022768 0.180657
v -0.260823 -0.039522 0.186815
v -0.264756 0.223393 -0.377222
v -0.265855 0.018960 0.056967
v -0.270731 -0.025373 0.051442
v -0.262969 0.032404 0.022053
v -0.267685 0.032102 0.037404
v -0.261973 0.032109 0.315987
v -0.264665 0.054312 -0.386178
v -0.266561 -0.007119 0.109380
v -0.262743 0.138331 -0.357163
v -0.266952 0.001199 0.135523
v -0.264447 -0.033042 0.184125
v -0.268715 0.078185 -0.402839
v -0.270682 0.002100 0.052300
v -0.271069 0.011673 0.222994
v -0.272728 -0.040931 0.194696
v -0.267669 -0.043983 0.036720
v -0.268357 0.079888 -0.405609
v -0.276902 0.086951 -0.437590
v -0.268613 0.188834 -0.362756
v -0.273438 -0.011302 0.048086
v -0.272277 0.024812 0.191042
v -0.265571 -0.033120 0.203967
v -0.271380 0.077267 -0.392588
v -0.273394 -0.009093 0.017213
v -0.268931 0.269738 -0.396941
v -0.268646 0.006185 0.187716
v -0.279477 0.019870 0.190096
v -0.279497 0.020069 0.204644
v -0.274986 0.251214 -0.375393
v -0.275060 0.003156 0.148362
v -0.273762 -0.023202 0.032442
v -0.270532 -0.001626 0.179659
v -0.284606 -0.028461 0.234794
v -0.278682 0.065389 -0.413017
v -0.274692 -0.031471 0.207903
v -0.271891 0.286804 -0.420179
v -0.269895 -0.009792 0.165884
v -0.270828 0.000837 0.018404
v -0.281991 0.280743 -0.481167
v -0.272054 -0.011234 0.177623
v -0.287462 -0.006349 0.233019
v -0.273925 -0.022014 0.183132
v -0.275434 0.018728 0.036019
v -0.274164 0.271190 -0.407716
v -0.272548 0.292174 -0.389356
v -0.283180 0.008715 0.188968
v -0.276173 0.000634 0.197653
v -0.280246 0.090966 -0.419530
v -0.275782 -0.004145 0.030552
v -0.289333 -0.038927 0.195771
v -0.287254 0.078730 -0.431733
v -0.288760 0.288460 -0.433155
v -0.278270 0.295004 -0.387155
v -0.301173 0.187597 -0.416660
v -0.282982 0.268772 -0.426487
v -0.290126 -0.020195 0.193330
v -0.287416 -0.009045 0.188872
v -0.290584 -0.017175 0.234046
v -0.285433 0.285282 -0.432727
v -0.282262 0.100260 -0.422425
v -0.284544 0.095013 -0.455364
v -0.282703 0.104196 -0.441406
v -0.286451 0.104693 -0.430233
v -0.288363 -0.032418 0.195955
v -0.288691 0.274347 -0.454999
v -0.290256 0.079556 -0.430672
v -0.291160 0.177015 -0.479631
v -0.301325 0.265112 -0.421990
v -0.287522 0.001571 0.190374
v -0.305655 -0.035109 0.214352
v -0.303650 -0.039433 0.203123
v -0.288668 0.157997 -0.419250
v -0.292100 0.272200 -0.480648
v -0.299132 0.245912 -0.413058
v -0.289307 0.105340 -0.441663
v -0.289300 0.088109 -0.447118
v -0.293031 0.243462 -0.437195
v -0.290674 0.155826 -0.419240
v -0.306336 0.223046 -0.420435
v -0.291019 0.189172 -0.411546
v -0.291738 0.093925 -0.473975
v -0.291567 0.125222 -0.465912
v -0.305950 -0.002227 0.199917
v -0.294119 0.285383 -0.424543
v -0.293182 0.219711 -0.419153
v -0.293388 0.091200 -0.450349
v -0.294894 0.122358 -0.466883
v -0.296932 0.285420 -0.443614
v -0.295251 0.245009 -0.438919
v -0.297783 0.275662 -0.446669
v -0.297863 0.267863 -0.434589
v -0.295458 0.252122 -0.438836
v -0.298924 0.210702 -0.431573
v -0.297074 0.285534 -0.422481
v -0.301968 -0.025646 0.190742
v -0.303259 0.279841 -0.480763
v -0.297926 0.274381 -0.440451
v -0.297100 0.277451 -0.443004
v -0.298814 0.271897 -0.446554
v -0.297460 0.275416 -0.443389
v -0.298621 0.253136 -0.441770
v -0.299935 0.280699 -0.433694
v -0.305030 -0.012684 0.190576
v -0.299376 0.240392 -0.444254
v -0.299617 0.278942 -0.438238
v -0.301362 0.206032 -0.453439
v -0.304619 0.201503 -0.438181
v -0.304283 0.213887 -0.451521
v -0.301234 0.248525 -0.439843
v -0.299217 0.277900 -0.443577
v -0.301903 0.271432 -0.437618
v -0.312067 -0.011126 0.207978
v -0.302410 0.280466 -0.448742
v -0.305006 0.253063 -0.437413
v -0.301368 0.248939 -0.446500
v -0.304795 0.252733 -0.439242
v -0.305886 0.253269 -0.447425
v -0.307643 0.273956 -0.423538
v -0.307377 0.248062 -0.438316
v -0.310488 -0.019438 0.214761
v -0.306299 0.274743 -0.453356
v -0.307590 0.254137 -0.432456
v -0.308718 0.221811 -0.451036
v -0.313236 -0.027952 0.202737
v -0.315785 0.269879 -0.430142
v -0.312980 0.270088 -0.433694
v -0.311546 0.216338 -0.447948
v -0.312847 -0.019135 0.198465
vn -0.2720 0.7090 -0.6506
vn -0.2279 0.9718 0.0603
vn 0.0996 0.7462 -0.6582
vn 0.1475 0.9890 0.0074
vn -0.6815 0.7194 0.1341
vn -0.1271 0.9837 0.1274
vn 0.2709 0.9626 -0.0066
vn -0.7141 0.6676 0.2105
vn -0.2436 0.9349 0.2582
vn -0.5994 0.4995 -0.6254
vn 0.2487 0.6592 -0.7097
vn 0.3263 0.9403 0.0966
vn -0.5219 0.8474 0.0981
vn 0.1325 0.9630 0.2348
vn -0.9376 -0.1384 0.3190
vn -0.8024 0.2341 -0.5489
vn -0.9056 0.3514 0.2375
vn -0.8461 -0.0679 -0.5287
vn -0.9840 0.1723 0.0445
vn -0.4736 0.8681 0.1483
vn -0.6323 0.4935 0.5973
vn -0.5124 0.7561 0.4071
vn -0.9023 -0.2252 0.3675
vn -0.7208 -0.5337 0.4422
vn 0.4536 0.8877 -0.0795
vn -0.3197 0.8669 -0.3824
vn -0.1011 0.8532 0.5116
vn -0.3649 0.7921 0.4894
vn -0.9153 0.3571 0.1863
vn -0.5204 0.5834 0.6235
vn -0.3519 -0.7804 -0.5169
vn 0.3404 0.5735 -0.7451
vn -0.9864 -0.1111 0.1209
vn -0.2976 0.8745 -0.3829
vn -0.5061 0.2218 0.8335
vn -0.8353 0.2100 0.5082
vn -0.5550 0.6884 0.4671
vn 0.2077 0.9220 0.3267
vn -0.9627 0.0858 0.2567
vn -0.8827 0.4679 -0.0431
vn 0.1122 0.2453 0.9629
vn -0.2421 0.7727 0.5868
vn -0.4642 0.8826 0.0742
vn 0.4941 0.8678 0.0527
vn -0.8967 0.3877 0.2134
vn 0.4120 0.8716 0.2656
vn 0.1138 0.8142 0.5694
vn -0.7872 0.1537 0.5972
vn -0.2704 0.9434 0.1921
vn 0.3788 0.8722 0.3095
vn -0.2014 0.0916 -0.9752
vn -0.6424 0.6125 0.4606
vn 0.6602 0.7497 -0.0467
vn -0.4617 0.8833 0.0810
vn -0.4318 -0.8297 0.3538
vn -0.8295 0.3128 0.4627
vn -0.6862 0.4678 0.5571
vn -0.4568 0.5954 0.6609
vn -0.7172 -0.4208 -0.5554
vn -0.9837 -0.0214 0.1783
vn -0.2579 0.4317 0.8644
vn -0.6630 -0.7231 -0.1939
vn -0.7610 -0.5357 0.3659
vn -0.4825 0.7805 -0.3975
vn -0.8179 0.3504 0.4564
vn 0.4969 0.4663 -0.7319
vn -0.9216 -0.2354 0.3086
vn 0.6381 0.7514 -0.1680
vn -0.1417 0.6578 0.7398
vn -0.4888 -0.7660 0.4174
vn -0.9568 -0.2556 0.1385
vn -0.3886 0.8007 0.4559
vn 0.3494 0.8190 0.4552
vn -0.8721 0.2861 0.3971
vn -0.6603 0.5012 0.5593
vn 0.6645 0.7460 -0.0449
vn -0.1306 0.8973 -0.4216
vn 0.5742 0.7943 0.1984
vn -0.6641 0.2685 0.6978
vn -0.9920 -0.0625 0.1096
vn 0.6590 0.7503 0.0524
vn 0.8613 0.4974 -0.1036
vn -0.9799 0.0909 0.1775
vn -0.5986 -0.0257 0.8006
vn 0.8498 0.4761 -0.2263
vn -0.8249 -0.0045 0.5653
vn 0.3522 0.7431 0.5690
vn -0.3712 0.4640 0.8043
vn -0.9087 -0.2849 0.3053
vn 0.9556 0.2505 -0.1553
vn -0.6121 0.6908 -0.3848
vn -0.9595 -0.2285 0.1646
vn -0.8934 -0.0134 0.4490
vn -0.8472 0.0405 0.5298
vn 0.4846 0.7802 0.3954
vn -0.5284 0.3000 0.7943
vn 0.8237 0.5335 -0.1921
vn -0.7883 0.5734 -0.2231
vn 0.3069 0.8199 -0.4833
vn 0.6559 0.0893 -0.7496
vn 0.9774 0.0611 -0.2022
vn -0.7552 -0.5860 0.2936
vn -0.9777 0.1792 -0.1094
vn -0.9979 -0.0514 0.0395
vn -0.9818 0.1623 0.0989
vn 0.1073 0.6485 0.7536
vn -0.5917 -0.6956 -0.4075
vn 0.4685 0.8328 -0.2950
vn 0.5600 0.8009 -0.2120
vn -0.8367 0.5014 -0.2201
vn 0.6301 0.7060 0.3234
vn 0.7113 0.6998 -0.0656
vn -0.9496 0.0368 0.3113
vn -0.6405 0.1243 0.7579
vn -0.9769 0.1529 0.1493
vn -0.2287 0.4579 0.8591
vn -0.7686 -0.0058 0.6397
vn 0.8658 0.3910 -0.3122
vn 0.7039 0.6862 0.1835
vn -0.2619 -0.0107 -0.9650
vn -0.9032 -0.4151 0.1091
vn 0.4336 0.1336 -0.8911
vn -0.4314 0.4385 -0.7884
vn -0.9226 -0.3608 0.1364
vn -0.9162 0.3893 -0.0953
vn -0.9664 0.1292 -0.2224
vn 0.5427 0.6998 0.4645
vn -0.9549 -0.0166 0.2963
vn -0.8810 -0.1401 0.4519
vn 0.2588 0.6258 0.7358
vn 0.6953 0.6996 -0.1645
vn 0.4718 0.6404 0.6060
vn -0.4711 0.2935 0.8318
vn 0.2518 0.4252 -0.8694
vn -0.3214 0.8958 -0.3069
vn -0.6180 0.7085 -0.3407
vn 0.2638 0.5949 -0.7593
vn -0.8651 0.4953 -0.0793
vn -0.9140 -0.1376 0.3816
vn -0.8109 0.4730 -0.3444
vn 0.7694 0.6341 0.0767
vn -0.6709 0.0136 0.7414
vn -0.7058 -0.1595 -0.6902
vn -0.8788 -0.1321 0.4584
vn -0.6915 -0.3053 0.6547
vn -0.9766 0.0304 0.2130
vn -0.1908 0.0694 -0.9792
vn -0.9823 -0.0301 -0.1848
vn 0.4122 0.4864 -0.7704
vn -0.8579 -0.5128 0.0316
vn -0.8330 -0.1463 0.5336
vn -0.7750 -0.6192 0.1266
vn 0.6600 0.5940 0.4600
vn -0.8818 -0.4711 -0.0200
vn -0.2269 0.3678 0.9018
vn -0.8097 0.1383 0.5703
vn -0.7039 0.5711 -0.4223
vn -0.8663 -0.1622 0.4724
vn 0.7613 0.5881 0.2732
vn 0.8062 0.5876 -0.0687
vn -0.5301 0.2000 0.8240
vn 0.7692 0.6166 -0.1680
vn -0.0187 -0.0044 -0.9998
vn -0.2453 0.9307 -0.2711
vn -0.9057 0.4239 0.0053
vn -0.5519 -0.7052 -0.4451
vn -0.7642 0.5513 -0.3348
vn -0.5050 0.1158 0.8553
vn 0.8453 0.5173 0.1339
vn 0.1452 0.9612 -0.2344
vn -0.2221 0.7783 0.5872
vn 0.7762 0.5624 0.2849
vn -0.9897 -0.0477 -0.1352
vn -0.6602 0.7463 0.0845
vn 0.5386 0.6746 0.5048
vn -0.6706 0.2057 0.7128
vn -0.4144 0.9057 -0.0894
vn -0.7505 0.6588 -0.0517
vn 0.8542 0.4075 -0.3229
vn -0.0164 0.9646 -0.2633
vn -0.0233 0.7248 -0.6886
vn 0.8457 0.5335 0.0147
vn -0.7993 -0.1248 0.5879
vn -0.3214 0.3458 0.8816
vn 0.1844 0.5921 0.7845
vn -0.7252 0.6885 -0.0093
vn 0.1273 0.6360 -0.7611
vn -0.3552 0.6312 -0.6895
vn -0.6004 0.7916 0.1134
vn -0.2700 0.5646 -0.7800
vn 0.0704 0.5265 0.8472
vn -0.3245 0.2377 0.9155
vn -0.5269 0.6037 -0.5983
vn 0.2230 0.9623 0.1559
vn 0.1109 0.9690 -0.2207
vn -0.5621 -0.4255 0.7092
vn -0.6340 0.6445 0.4275
vn 0.0086 0.4552 -0.8904
vn 0.2188 0.9745 -0.0494
vn 0.1187 0.4215 0.8990
vn 0.0134 0.9540 -0.2995
vn -0.4477 0.2349 -0.8628
vn 0.1766 0.2490 -0.9523
vn -0.9744 0.0367 -0.2219
vn -0.4431 0.3158 0.8390
vn 0.5780 -0.2179 -0.7864
vn 0.9451 -0.2854 0.1589
vn -0.8033 0.4269 0.4153
vn -0.1943 0.9221 -0.3346
vn -0.5505 0.6351 0.5418
vn 0.0074 0.2460 0.9692
vn 0.3292 0.6672 0.6682
vn -0.0648 0.5812 0.8112
vn -0.7590 -0.1207 -0.6398
vn -0.5845 0.0845 0.8070
vn -0.3595 0.6023 0.7127
vn 0.2003 0.8442 0.4971
vn 0.0663 0.5875 -0.8065
vn -0.8998 0.4341 0.0434
vn 0.7548 0.5203 0.3995
vn 0.8272 0.4965 0.2631
vn -0.8371 0.0501 -0.5448
vn 0.2400 0.6799 0.6929
vn -0.7709 0.0494 0.6350
vn 0.5005 0.6398 0.5833
vn -0.0499 -0.4279 -0.9024
vn -0.7365 -0.0441 -0.6750
vn 0.3936 0.6142 -0.6840
vn -0.2833 0.1893 0.9402
vn 0.8530 0.5129 -0.0965
vn 0.7427 -0.0461 -0.6680
vn -0.3154 0.4700 0.8244
vn -0.0685 0.5140 0.8550
vn 0.8234 -0.4923 -0.2823
vn -0.8555 -0.1796 0.4857
vn 0.5193 0.3498 -0.7797
vn -0.3547 0.0510 -0.9336
vn -0.1669 0.5608 -0.8110
vn -0.5919 0.1208 0.7969
vn 0.8206 0.5318 -0.2091
vn -0.8621 -0.0892 0.4988
vn -0.6968 0.0388 0.7162
vn -0.6517 -0.5150 -0.5569
vn 0.7338 0.4522 -0.5071
vn 0.6709 0.7200 0.1773
vn -0.5344 0.5554 0.6371
vn 0.5642 -0.1010 -0.8194
vn -0.8968 -0.1012 0.4306
vn 0.8888 0.0464 -0.4560
vn -0.8607 -0.3096 -0.4042
vn -0.1264 0.4545 0.8818
vn -0.9844 -0.1160 0.1320
vn -0.9227 0.3356 0.1898
vn -0.4780 0.0298 0.8779
vn 0.2705 0.7964 0.5408
vn -0.4381 0.5624 0.7013
vn -0.0866 0.7374 0.6698
vn -0.0491 -0.4731 -0.8796
vn 0.8675 0.4587 0.1924
vn 0.5491 0.2789 -0.7878
vn 0.9703 -0.0342 -0.2396
vn -0.2767 0.0907 0.9567
vn -0.6586 -0.2263 0.7177
vn 0.5142 0.1022 -0.8516
vn -0.4546 -0.1551 -0.8771
vn -0.9385 -0.1041 0.3292
vn -0.7719 0.5883 0.2409
vn -0.3860 0.9221 0.0277
vn 0.6600 0.6309 0.4079
vn -0.3790 0.9224 -0.0745
vn 0.3599 0.9305 0.0682
vn -0.5597 0.7917 -0.2449
vn 0.3654 0.6818 0.6337
vn -0.5537 -0.0468 0.8314
vn -0.3095 0.5932 0.7432
vn 0.9835 0.1385 0.1161
vn 0.6524 0.7053 -0.2774
vn 0.8572 -0.0790 0.5088
vn 0.6904 0.6866 0.2277
vn -0.3248 0.9454 -0.0256
vn -0.2487 0.5553 0.7936
vn 0.8171 0.4554 0.3534
vn -0.1885 0.9628 -0.1934
vn -0.5148 0.7731 0.3706
vn -0.4366 0.8971 -0.0672
vn -0.6765 0.6342 -0.3743
vn -0.3393 0.8577 -0.3862
vn 0.4653 -0.1622 0.8702
vn -0.6024 0.5207 0.6050
vn -0.6264 0.6717 0.3956
vn 0.7743 0.5590 -0.2967
vn -0.1149 0.5404 0.8335
vn 0.9443 -0.1165 -0.3079
vn -0.9263 -0.3470 -0.1468
vn -0.1010 -0.0457 -0.9938
vn -0.2340 -0.9568 0.1728
vn -0.9003 -0.0326 0.4341
vn -0.2827 -0.9587 -0.0318
vn 0.6058 -0.6531 -0.4543
vn 0.7779 0.5897 -0.2171
vn 0.2518 0.7902 -0.5587
vn -0.6006 0.7626 0.2403
vn -0.4361 0.8536 -0.2849
vn 0.3344 0.7970 -0.5029
vn 0.5197 0.7649 0.3805
vn 0.6532 0.5328 -0.5380
vn -0.3345 0.9422 -0.0200
vn -0.0396 0.9944 -0.0985
vn -0.2671 0.9566 -0.1165
vn -0.8723 0.4545 0.1806
vn -0.6764 0.7257 -0.1263
vn 0.0296 0.8916 -0.4519
vn -0.9859 0.1283 0.1078
vn -0.5555 0.5323 0.6388
vn 0.9370 -0.3345 0.1007
vn 0.7358 -0.4527 0.5037
vn -0.2507 0.7034 -0.6651
vn 0.1152 0.8289 -0.5474
vn -0.7259 0.0955 0.6811
vn -0.9710 -0.2224 0.0876
vn -0.3793 0.9011 -0.2102
vn -0.3677 0.9286 0.0503
vn 0.7876 -0.2190 -0.5760
vn -0.3358 0.9399 -0.0617
vn 0.1883 0.6563 0.7306
vn -0.4079 -0.4392 0.8005
vn -0.6570 -0.6596 0.3650
vn -0.8080 0.5018 0.3087
vn -0.6961 0.4916 0.5232
vn -0.3929 0.8251 0.4060
vn -0.1760 0.9094 0.3769
vn -0.5994 -0.6684 0.4404
vn -0.0656 0.9625 -0.2633
vn 0.7420 -0.4907 -0.4568
vn 0.1431 -0.0220 -0.9895
vn -0.4909 -0.0701 -0.8684
vn 0.0350 0.6531 -0.7565
vn 0.8883 -0.3780 -0.2607
vn -0.2015 0.8734 -0.4433
vn -0.7075 -0.2053 -0.6763
vn -0.8358 -0.0923 0.5411
vn 0.6464 -0.3702 -0.6672
vn 0.3430 0.7360 -0.5837
vn -0.4178 -0.0871 0.9044
vn 0.5651 0.0056 -0.8250
vn -0.5755 0.7946 0.1932
vn 0.8047 0.5936 0.0118
vn 0.7232 0.6193 0.3057
vn 0.7552 0.1733 -0.6322
vn -0.6349 0.5592 0.5331
vn 0.1860 0.6234 0.7595
vn -0.6604 0.6677 -0.3436
vn 0.1915 0.9811 0.0290
vn -0.0370 0.9816 0.1874
vn 0.8712 0.4610 -0.1685
vn -0.7746 0.0409 -0.6311
vn 0.8907 0.4541 -0.0203
vn 0.8929 0.4485 0.0387
vn 0.0493 0.3796 -0.9239
vn 0.6098 -0.6853 -0.3981
vn 0.8104 0.3519 -0.4684
vn -0.1851 -0.8496 0.4939
vn -0.5062 -0.4577 0.7310
vn 0.3324 0.5646 0.7555
vn -0.7896 0.0777 0.6087
vn -0.7694 0.6386 -0.0144
vn 0.7168 0.5968 -0.3605
vn -0.4310 0.9012 -0.0456
vn 0.1882 0.9373 0.2935
vn 0.4563 0.3313 -0.8258
vn -0.3563 0.9099 -0.2125
vn -0.8082 0.1461 0.5705
vn -0.9669 0.1957 -0.1635
vn 0.5742 0.6377 0.5134
vn -0.5218 0.6426 -0.5611
vn -0.3311 0.9271 0.1757
vn 0.2870 0.9349 -0.2089
vn 0.3630 0.9244 0.1169
vn 0.5763 0.1355 -0.8059
vn 0.5937 -0.4140 -0.6900
vn 0.4559 -0.4780 -0.7507
vn 0.6512 -0.5795 -0.4900
vn -0.5649 0.8139 -0.1358
vn 0.7842 0.5408 -0.3043
vn 0.7698 -0.2087 -0.6031
vn -0.2190 0.8770 -0.4276
vn -0.3613 0.9239 0.1256
vn -0.1730 0.9771 0.1237
vn 0.0953 0.9521 0.2905
vn 0.5729 0.3249 -0.7525
vn 0.5840 -0.3070 -0.7515
vn 0.3624 0.2332 -0.9024
vn -0.0362 0.0373 -0.9986
vn -0.4383 0.4280 0.7904
vn -0.0612 0.9689 -0.2396
vn -0.8880 -0.1296 0.4413
vn -0.7605 0.3884 0.5204
vn -0.8926 0.3128 0.3246
vn -0.1065 -0.7826 0.6133
vn -0.3767 -0.8855 0.2720
vn 0.4414 0.8912 -0.1043
vn -0.1481 0.9474 0.2838
vn -0.2001 -0.9551 0.2185
vn -0.8067 0.2348 0.5423
vn 0.8057 0.5194 0.2848
vn -0.1620 -0.6160 0.7709
vn -0.6088 0.7284 -0.3143
vn 0.3731 0.7841 -0.4960
vn 0.1658 0.9461 -0.2782
vn -0.3901 0.9194 0.0506
vn 0.8590 0.4115 -0.3045
vn -0.0863 0.8488 -0.5216
vn -0.7340 0.3857 0.5590
vn -0.5732 -0.0420 0.8183
vn -0.3485 -0.7523 0.5591
vn 0.3152 0.9383 0.1423
vn -0.8050 0.2437 0.5409
vn -0.6964 -0.5850 0.4156
vn -0.1986 -0.1793 0.9635
vn -0.7659 0.3331 -0.5499
vn -0.1410 0.9761 -0.1651
vn -0.2942 0.9557 -0.0025
vn 0.6567 0.6014 0.4550
vn -0.1849 -0.8895 0.4179
vn 0.3981 0.4938 0.7731
vn 0.2108 0.9551 -0.2083
vn 0.3331 0.7837 0.5243
vn 0.2485 0.8846 0.3946
vn -0.1983 0.8698 0.4519
vn -0.2282 -0.7686 0.5977
vn -0.6219 0.2245 0.7502
vn 0.2118 0.9544 0.2104
vn 0.3224 0.6225 -0.7131
vn 0.0139 0.9811 -0.1932
vn 0.9863 0.0691 -0.1498
vn -0.1043 -0.3427 -0.9336
vn -0.9562 0.0514 -0.2883
vn -0.7155 0.3863 0.5821
vn -0.7124 0.6605 -0.2371
vn 0.3743 0.2379 -0.8963
vn 0.9026 -0.3353 0.2701
vn -0.6365 -0.7421 0.2104
vn -0.2182 0.1443 0.9652
vn -0.1254 0.9884 -0.0859
vn 0.0298 0.9764 -0.2140
vn -0.2464 0.9677 -0.0539
vn 0.5523 0.8336 0.0027
vn -0.3515 0.8472 0.3984
vn -0.8614 -0.0998 0.4980
vn -0.1577 0.5049 -0.8487
vn -0.6648 0.6199 0.4169
vn -0.0440 -0.9068 0.4192
vn 0.0954 -0.3480 -0.9326
vn -0.6857 -0.5776 0.4429
vn -0.1527 0.4506 -0.8796
vn 0.3452 0.9290 -0.1332
vn -0.2403 0.9462 -0.2167
vn -0.4134 0.9064 -0.0869
vn 0.5476 0.8004 -0.2439
vn -0.3780 0.9257 -0.0162
vn 0.4810 0.8386 0.2556
vn 0.8977 0.4339 0.0762
vn 0.3522 0.9129 -0.2065
vn -0.7144 0.4180 0.5612
vn -0.6494 -0.7597 0.0321
vn -0.1966 0.8984 -0.3928
vn 0.0924 0.7915 0.6041
vn -0.1030 0.8260 0.5542
vn 0.7404 0.1418 -0.6570
vn 0.6548 -0.3322 -0.6789
vn -0.5349 -0.7701 0.3476
vn 0.6724 -0.0573 -0.7380
vn -0.1264 0.6063 0.7851
vn 0.0457 0.9190 -0.3916
vn 0.4197 0.8840 -0.2060
vn 0.9024 -0.0275 0.4301
vn -0.4074 0.1042 0.9073
vn 0.8689 0.4511 -0.2040
vn 0.2137 0.9009 -0.3779
vn -0.8831 -0.0082 0.4690
vn -0.7795 0.3512 0.5187
vn 0.4886 0.8662 -0.1047
vn -0.1677 0.9484 -0.2690
vn -0.3317 0.8826 -0.3332
vn 0.2385 0.9681 -0.0766
vn 0.5336 0.6117 0.5840
vn -0.9938 0.1049 -0.0355
vn 0.2240 0.3421 0.9126
vn -0.1502 -0.6656 0.7310
vn -0.3135 0.0899 0.9453
vn 0.1159 0.9780 -0.1737
vn -0.0642 0.9944 -0.0841
vn 0.1716 0.9652 -0.1972
vn -0.4473 0.8708 -0.2043
vn 0.6795 0.7265 -0.1025
vn -0.4810 0.8068 0.3432
vn 0.3299 0.6372 0.6965
vn -0.4556 -0.0366 0.8895
vn -0.8535 0.0970 0.5120
vn 0.3947 0.4627 0.7938
vn 0.1643 0.8188 -0.5501
vn -0.5033 0.8564 0.1154
vn 0.7380 0.6447 0.1993
vn -0.6900 0.0458 -0.7224
vn 0.0311 0.5584 -0.8290
vn -0.0252 0.8837 -0.4674
vn 0.7269 0.4987 0.4721
vn -0.0161 -0.7369 -0.6759
vn -0.8955 0.2237 0.3847
vn -0.1088 -0.0080 0.9940
vn -0.8008 -0.5938 0.0775
vn -0.3672 0.4900 0.7906
vn -0.7327 -0.3742 0.5684
vn -0.5513 0.8306 0.0790
vn -0.4267 0.7239 0.5422
vn -0.3572 0.7512 -0.5551
vn 0.1363 -0.7374 0.6616
vn -0.3425 0.1702 0.9240
vn 0.2098 0.4886 0.8469
vn -0.0577 0.9480 -0.3130
vn -0.5447 0.8173 -0.1879
vn -0.5979 0.8008 0.0343
vn -0.5246 0.8256 -0.2080
vn -0.2895 0.9472 -0.1379
vn 0.4084 -0.0324 -0.9122
vn 0.5566 0.3015 0.7741
vn -0.1181 0.8415 0.5271
vn -0.8539 -0.5202 0.0171
vn -0.1235 0.7417 -0.6593
vn -0.6315 0.7531 -0.1848
vn -0.0438 0.5115 0.8582
vn 0.9136 0.3932 -0.1032
vn -0.7750 0.6024 -0.1908
vn 0.3205 0.3794 0.8679
vn -0.0626 0.1388 0.9883
vn 0.4643 0.8856 -0.0129
vn 0.6768 0.6856 -0.2681
vn 0.2727 0.4505 0.8501
vn -0.5130 -0.5294 0.6757
vn -0.4431 0.8592 -0.2559
vn 0.0897 0.7332 -0.6741
vn -0.1448 0.8855 -0.4415
vn -0.5639 0.7972 0.2159
vn 0.8936 0.4464 -0.0476
vn 0.5024 0.3935 0.7699
vn -0.9976 -0.0359 -0.0589
vn -0.9937 0.1121 0.0060
vn 0.6614 0.7280 0.1806
vn -0.2182 0.6522 -0.7260
vn 0.5623 0.3260 0.7599
vn -0.5352 0.8049 -0.2565
vn -0.7920 0.4492 0.4135
vn -0.9125 -0.2236 -0.3426
vn -0.5207 0.6346 -0.5711
vn 0.8058 0.5439 -0.2343
vn -0.8228 -0.5611 -0.0903
vn -0.8745 -0.1678 0.4552
vn 0.0549 0.1412 0.9885
vn 0.5560 0.2047 -0.8056
vn -0.8787 -0.0080 0.4774
vn 0.8387 0.4445 0.3146
vn -0.2901 0.4304 0.8548
vn -0.2420 0.7715 -0.5885
vn -0.4363 -0.1195 0.8918
vn 0.5493 0.1399 -0.8239
vn 0.7303 0.2002 -0.6532
vn -0.6693 0.7260 -0.1580
vn 0.8593 0.5083 -0.0570
vn -0.6996 0.6911 -0.1814
vn -0.6107 0.7487 0.2580
vn 0.5003 0.2590 0.8262
vn 0.5564 0.8292 0.0543
vn 0.7141 0.6920 -0.1057
vn 0.4448 -0.5746 -0.6870
vn -0.0710 -0.6519 -0.7549
vn -0.6593 0.6968 -0.2825
vn -0.8192 0.5652 0.0975
vn -0.8102 0.5689 0.1411
vn -0.8125 0.5603 -0.1613
vn 0.8895 0.4452 0.1029
vn -0.5805 0.6945 -0.4251
vn -0.5788 -0.0414 0.8144
vn -0.7174 0.5177 -0.4663
vn -0.8733 -0.0408 0.4855
vn 0.7304 -0.3235 -0.6016
vn -0.0240 -0.5447 0.8383
vn -0.0912 0.5928 -0.8001
vn -0.7445 0.6658 -0.0493
vn -0.2882 0.5873 0.7563
vn -0.6433 0.7125 -0.2802
vn -0.1551 0.5543 -0.8177
vn -0.5693 0.5531 0.6083
vn 0.6887 0.2785 0.6694
vn 0.9089 0.2787 0.3101
vn -0.6626 0.5741 0.4811
vn 0.8705 0.4236 -0.2504
vn -0.7107 0.6556 0.2550
vn 0.8916 0.3843 -0.2396
vn -0.7768 0.2513 0.5775
vn 0.0388 -0.6089 -0.7923
vn 0.3321 -0.7546 0.5659
vn -0.2215 0.5328 -0.8167
vn 0.1874 0.4715 -0.8617
vn -0.7416 0.6685 -0.0556
vn 0.8043 0.4701 0.3634
vn -0.8093 0.5056 -0.2990
vn 0.9450 0.2609 -0.1972
vn 0.7625 0.3747 0.5274
vn 0.8385 0.2990 0.4556
vn 0.0236 0.4126 0.9106
vn -0.0796 -0.4057 -0.9105
vn -0.9804 0.0345 0.1939
vn -0.8881 0.3369 0.3128
vn -0.6568 0.6572 0.3698
vn 0.6023 -0.7146 -0.3556
vn -0.9188 -0.3915 -0.0499
vn -0.3340 0.6816 -0.6511
vn -0.0522 -0.5541 0.8308
vn -0.5779 0.7203 -0.3837
vn -0.9331 -0.3014 0.1961
vn 0.8835 0.4683 -0.0135
vn -0.8470 0.5056 -0.1642
vn -0.9074 0.3981 -0.1346
vn -0.1672 -0.2004 0.9653
vn -0.8263 0.5221 -0.2114
vn -0.1233 0.2975 0.9467
vn -0.8826 -0.2267 0.4118
vn -0.2869 0.7411 -0.6070
vn -0.8783 0.4023 -0.2584
vn 0.2900 0.4809 0.8274
vn -0.8607 0.2070 -0.4651
vn 0.9722 0.1977 0.1255
vn 0.5133 0.4763 0.7139
vn -0.1917 -0.5110 -0.8379
vn -0.7851 0.1803 0.5926
vn -0.6735 0.6368 -0.3755
vn 0.9121 0.2220 -0.3445
vn -0.9593 -0.2686 -0.0867
vn -0.6051 0.7503 -0.2664
vn 0.9276 0.3185 0.1951
vn 0.9779 0.2031 -0.0502
vn -0.8902 0.3779 -0.2545
vn -0.6184 0.5069 0.6005
vn -0.4715 0.4778 0.7412
vn 0.1678 -0.7608 -0.6270
vn -0.9575 0.2724 0.0947
vn -0.4102 0.6877 -0.5990
vn -0.4176 0.7898 -0.4493
vn -0.9619 0.2515 0.1071
vn -0.8340 0.4600 0.3048
vn 0.1300 0.4264 -0.8951
vn -0.2681 -0.3260 0.9066
vn -0.8174 0.5000 -0.2862
vn -0.8605 0.1961 -0.4702
vn -0.9431 0.2770 0.1841
vn -0.8427 -0.5337 0.0711
vn 0.8621 0.4081 0.3005
vn -0.1425 0.4728 -0.8696
vn -0.1460 0.6006 -0.7861
vn 0.6167 0.1228 -0.7776
vn 0.7817 0.2745 0.5600
vn -0.8162 0.5567 -0.1549
vn -0.7438 0.4570 0.4877
vn 0.3789 -0.7031 -0.6017
vn 0.9266 0.3759 0.0031
vn 0.3075 -0.6481 0.6967
vn -0.9735 0.2209 -0.0597
vn 0.4139 0.1140 0.9031
vn -0.9274 -0.0011 -0.3741
vn -0.0722 -0.4079 0.9102
vn -0.1525 0.6771 -0.7199
vn -0.2568 0.8252 -0.5032
vn -0.5592 -0.1007 0.8229
vn -0.2649 0.3172 0.9106
vn -0.3800 0.5784 -0.7218
vn -0.4875 0.8525 -0.1888
vn 0.9833 0.1499 -0.1031
vn -0.9399 0.2621 0.2186
vn -0.9207 0.2935 0.2572
vn -0.9900 -0.1173 0.0778
vn 0.2819 -0.6575 0.6987
vn -0.9223 0.3863 0.0073
vn -0.7949 0.1704 -0.5824
vn -0.1728 0.5642 -0.8074
vn 0.9568 0.2881 0.0405
vn -0.6080 0.7902 0.0770
vn 0.0721 -0.9383 0.3382
vn 0.9777 0.0682 0.1988
vn -0.9654 0.0504 -0.2559
vn 0.4593 0.4912 0.7401
vn -0.6006 -0.7749 -0.1972
vn -0.7398 -0.6504 0.1721
vn 0.8865 0.4180 0.1985
vn -0.6483 0.4059 -0.6442
vn -0.4955 0.3701 -0.7858
vn -0.9477 0.1605 -0.2760
vn -0.1864 0.2001 0.9619
vn 0.4383 -0.5828 -0.6843
vn -0.6773 -0.7186 0.1578
vn 0.1015 -0.3706 0.9232
vn -0.2470 0.1513 0.9571
vn -0.9899 -0.1419 -0.0076
vn -0.7994 0.1495 -0.5819
vn 0.7123 0.3766 0.5923
vn 0.9054 0.3295 -0.2678
vn 0.9334 0.3200 -0.1621
vn 0.8692 0.3384 0.3604
vn -0.9176 0.3591 0.1704
vn -0.9968 -0.0466 -0.0642
vn -0.4489 0.1033 -0.8876
vn -0.9737 0.2279 -0.0044
vn -0.4177 0.7362 -0.5325
vn -0.8650 0.2176 -0.4522
vn 0.0075 0.3780 0.9258
vn -0.4504 -0.8727 -0.1886
vn -0.1021 -0.9224 -0.3724
vn -0.5445 -0.6208 0.5641
vn -0.1879 0.1985 -0.9619
vn 0.0419 0.4805 -0.8760
vn 0.9679 0.0628 0.2434
vn -0.9189 0.1962 0.3423
vn -0.6097 0.1730 0.7735
vn -0.4247 0.1933 0.8845
vn 0.3821 -0.7290 -0.5679
vn -0.1627 0.1588 -0.9738
vn -0.8288 -0.0040 0.5595
vn -0.3851 0.5981 -0.7029
vn -0.1233 0.9567 -0.2638
vn -0.9342 0.3443 0.0933
vn -0.9923 -0.0905 -0.0842
vn -0.9402 0.3313 -0.0784
vn 0.9733 0.0284 -0.2277
vn -0.9094 -0.3449 0.2326
vn -0.3340 -0.3693 0.8672
vn 0.3727 -0.4707 0.7997
vn -0.6554 0.5099 -0.5572
vn 0.8426 0.3489 0.4102
vn -0.2137 0.5891 -0.7793
vn -0.7482 0.6291 -0.2108
vn -0.8163 0.4803 -0.3208
vn -0.9778 0.1776 0.1111
vn 0.9043 0.0717 0.4208
vn -0.8216 0.1808 0.5407
vn -0.4464 0.0980 -0.8895
vn 0.2622 -0.4146 0.8714
vn -0.8953 0.3512 -0.2739
vn -0.3158 0.5714 -0.7575
vn -0.9025 0.2389 0.3584
vn 0.7250 0.0130 0.6886
vn -0.8970 0.2629 0.3554
vn 0.8135 0.1878 0.5505
vn -0.9430 0.0168 -0.3323
vn -0.2492 0.0674 0.9661
vn -0.6649 0.5344 -0.5218
vn 0.9169 0.1163 -0.3817
vn -0.8770 0.2910 0.3824
vn 0.8991 0.0619 0.4334
vn -0.8507 -0.3420 -0.3991
vn -0.2204 0.4607 -0.8598
vn -0.8348 0.4480 0.3199
vn -0.9586 0.2602 0.1157
vn 0.5776 0.1699 0.7985
vn 0.3605 0.1820 0.9148
vn -0.2058 0.0082 0.9786
vn 0.1904 -0.9571 -0.2183
vn 0.0707 -0.8932 0.4441
vn -0.9666 0.2511 -0.0507
vn -0.8151 -0.0873 0.5726
vn -0.5660 -0.3493 -0.7467
vn -0.4990 -0.6478 0.5756
vn -0.0667 0.4355 -0.8977
vn -0.8181 0.4001 -0.4130
vn 0.9925 -0.0819 -0.0912
vn -0.8341 0.3474 -0.4285
vn -0.8670 0.4861 -0.1097
vn -0.9636 0.0991 -0.2484
vn 0.9623 0.1457 0.2295
vn -0.8145 0.5792 -0.0329
vn 0.9923 -0.0889 0.0866
vn -1.0000 -0.0001 0.0096
vn 0.7408 -0.1140 0.6620
vn 0.7915 -0.1274 0.5977
vn -0.0769 -0.0644 0.9950
vn 0.1890 -0.0132 0.9819
vn -0.4463 -0.7820 0.4352
vn -0.9234 0.1030 -0.3697
vn -0.8103 0.4469 -0.3790
vn -0.9137 0.0556 0.4026
vn 0.9729 -0.1016 -0.2076
vn -0.8164 0.5343 0.2192
vn -0.9635 0.0170 0.2672
vn -0.6392 -0.1455 0.7551
vn 0.9988 -0.0462 -0.0145
vn -0.1143 -0.4676 0.8765
vn 0.7581 0.1489 0.6349
vn -0.9058 0.2784 -0.3193
vn 0.8097 0.2517 0.5301
vn -0.2993 0.3687 0.8800
vn 0.2075 -0.0586 0.9765
vn -0.7926 0.5889 0.1580
vn -0.7478 0.0431 0.6625
vn -0.1813 -0.1374 0.9738
vn -0.9955 -0.0761 0.0567
vn -0.4610 0.3945 -0.7949
vn 0.5750 -0.2543 0.7776
vn -0.3654 -0.0917 0.9263
vn -0.6375 -0.4073 -0.6540
vn -0.1835 0.8804 -0.4373
vn -0.2384 0.5051 -0.8295
vn -0.9517 0.2651 -0.1551
vn -0.9752 -0.0935 0.2007
vn 0.3930 -0.3167 0.8633
vn -0.2562 -0.7657 0.5900
vn -0.6533 0.3595 -0.6663
vn -0.7652 0.3978 -0.5062
vn 0.9344 -0.1076 0.3395
vn -0.9206 -0.2047 0.3324
vn 0.2347 -0.6679 0.7062
vn 0.0568 0.1795 -0.9821
vn 0.0454 0.2276 -0.9727
vn -0.9845 0.1193 -0.1286
vn -0.8897 0.3955 -0.2280
vn -0.6437 0.7619 0.0718
vn 0.9432 -0.2615 -0.2049
vn -0.9489 -0.0687 0.3081
vn 0.4319 0.5077 -0.7454
vn 0.8314 -0.2105 0.5143
vn 0.9471 0.3069 -0.0933
vn -0.8391 0.5290 -0.1267
vn -0.7333 0.6796 0.0196
vn -0.8343 -0.2336 0.4993
vn 0.1838 0.9699 -0.1594
vn -0.9821 0.1792 -0.0580
vn -0.6316 0.0061 -0.7753
vn -0.3563 0.9107 -0.2090
vn -0.6128 0.7343 0.2921
vn -0.6488 -0.1404 0.7479
vn 0.0305 -0.3411 0.9395
vn -0.8253 -0.2229 0.5188
vn -0.5298 0.2849 -0.7988
vn 0.8721 0.1798 0.4552
vn 0.8853 0.1802 -0.4287
vn -0.7927 -0.0519 0.6074
vn -0.4627 0.8438 0.2719
vn -0.0664 0.6308 -0.7731
vn -0.7758 0.1732 -0.6067
vn -0.2834 0.1127 -0.9524
vn -0.9692 0.2356 0.0713
vn 0.7651 -0.0886 0.6378
vn -0.7540 0.5240 0.3961
vn -0.8338 -0.1560 0.5296
vn -0.9379 0.3021 0.1704
vn -0.8559 0.4975 -0.1412
vn -0.4579 0.0979 -0.8836
vn 0.4971 -0.1138 0.8602
vn -0.9359 0.1348 0.3254
vn -0.6102 0.6364 -0.4719
vn -0.7467 0.2015 -0.6339
vn -0.8182 0.5163 0.2532
vn -0.3869 -0.9166 -0.1008
vn -0.9540 0.1943 -0.2283
vn -0.2014 0.5868 0.7843
vn -0.1662 -0.2165 -0.9620
vn 0.6327 0.1340 -0.7627
vn 0.2491 -0.8597 0.4459
vn -0.9570 -0.2898 -0.0125
vn -0.6879 0.0997 -0.7190
vn -0.7724 0.6085 -0.1822
vn -0.4846 0.7723 -0.4108
vn -0.9098 -0.4138 -0.0335
vn -0.1237 -0.7299 0.6722
vn -0.9075 0.0362 0.4186
vn -0.9401 0.0462 0.3378
vn -0.7246 -0.1798 -0.6653
vn -0.7282 0.4995 0.4693
vn 0.8538 -0.1974 0.4818
vn -0.9159 -0.3503 0.1961
vn -0.7768 0.0048 -0.6297
vn -0.9392 -0.3340 -0.0793
vn 0.9346 0.3391 0.1079
vn -0.8647 0.0039 0.5022
vn 0.5542 -0.5208 0.6493
vn -0.2631 0.0796 -0.9615
vn -0.0054 -0.3743 0.9273
vn -0.6816 0.4315 -0.5909
vn -0.5458 -0.0398 -0.8370
vn -0.9978 -0.0225 0.0617
vn -0.9401 -0.2102 0.2684
vn 0.6112 -0.3545 0.7076
vn -0.8595 0.3812 0.3404
vn -0.0374 -0.7261 0.6866
vn 0.9050 0.3103 0.2910
vn -0.5231 0.1660 -0.8360
vn -0.9204 -0.0607 -0.3862
vn 0.9672 -0.2498 -0.0464
vn -0.8149 0.4395 -0.3778
vn 0.3388 -0.2115 -0.9168
vn -0.9622 0.2678 -0.0504
vn -0.8402 -0.1762 0.5129
vn -0.9649 -0.0578 -0.2561
vn -0.5256 0.1471 -0.8379
vn -0.7145 -0.2828 0.6400
vn -0.5844 -0.0833 -0.8071
vn -0.9916 0.0250 -0.1266
vn 0.2906 -0.2463 0.9246
vn -0.2576 0.1008 -0.9610
vn -0.8934 0.3897 0.2234
vn -0.9368 0.0275 0.3488
vn -0.9765 -0.2150 0.0164
vn -0.8907 -0.2804 0.3577
vn 0.2695 -0.4183 0.8674
vn -0.9495 -0.0239 0.3129
vn -0.6706 -0.3313 -0.6638
vn -0.4134 -0.3100 0.8562
vn -0.1922 0.6207 0.7601
vn -0.9298 -0.3229 0.1768
vn -0.8507 -0.0283 -0.5248
vn -0.6339 -0.3939 0.6656
vn -0.5641 -0.1525 -0.8115
vn -0.7624 -0.0205 0.6468
vn -0.1205 -0.3223 0.9389
vn -0.8984 0.3058 0.3154
vn -0.8304 0.3467 -0.4361
vn -0.0403 -0.2406 -0.9698
vn -0.2237 -0.2856 -0.9319
vn -0.6878 -0.2479 -0.6823
vn -0.8973 0.0116 -0.4414
vn -0.9472 0.1943 0.2550
vn -0.6656 -0.4156 -0.6199
vn -0.9596 -0.2606 -0.1058
vn 0.8121 -0.0766 0.5785
vn 0.0935 -0.8800 0.4657
vn -0.7473 -0.0513 0.6625
vn -0.7580 -0.5112 -0.4050
vn -0.2553 -0.3309 -0.9085
vn -0.8412 0.0379 0.5394
vn -0.6646 -0.6133 0.4268
vn -0.4815 -0.5233 -0.7030
vn -0.3337 -0.3401 -0.8792
vn 0.0980 -0.4691 -0.8777
vn 0.9210 -0.2913 0.2586
vn 0.9681 0.1859 -0.1681
vn -0.7721 -0.4252 -0.4723
vn -0.5304 -0.4162 -0.7385
vn -0.9113 -0.1577 0.3802
vn -0.8988 -0.4359 -0.0468
vn -0.6826 -0.5383 -0.4942
vn -0.7048 -0.7069 -0.0595
vn -0.5542 -0.6716 -0.4918
vn -0.3861 -0.1973 0.9011
vn -0.8881 -0.4020 0.2228
vn -0.8784 -0.4777 0.0119
vn 0.8879 -0.3839 -0.2536
vn -0.8544 -0.3760 0.3586
vn 0.8742 -0.4697 0.1231
vn -0.9113 -0.3734 -0.1735
vn -0.5558 -0.6122 0.5624
vn 0.0539 -0.8154 0.5764
vn 0.1627 -0.7307 0.6631
vn -0.3546 -0.1985 0.9137
vn 0.0279 -0.0870 -0.9958
vn 0.9391 -0.3426 0.0271
vn -0.8958 -0.4205 0.1442
vn -0.8716 -0.4792 0.1033
vn 0.6847 0.7263 0.0609
vn 0.2034 -0.5002 0.8417
vn 0.7462 -0.4033 -0.5297
vn -0.2299 0.1945 -0.9536
vn -0.8412 -0.5385 -0.0483
vn 0.1734 -0.2800 0.9442
vn -0.6373 -0.6192 0.4587
vn -0.7533 -0.3933 0.5271
vn -0.9260 0.3185 -0.2028
vn -0.0877 -0.5767 -0.8123
vn 0.7286 0.0831 0.6799
vn 0.0888 -0.8728 0.4800
vn -0.9891 0.0987 0.1089
vn -0.8321 0.1019 0.5452
vn 0.8432 -0.5326 -0.0726
vn -0.7405 -0.6565 -0.1439
vn -0.7185 -0.0557 -0.6933
vn -0.8366 -0.5384 -0.1009
vn -0.1856 -0.0808 0.9793
vn 0.5327 -0.6601 0.5296
vn -0.1438 -0.3816 -0.9131
vn 0.5392 0.0951 -0.8368
vn -0.5359 -0.7310 0.4226
vn -0.8921 -0.4468 -0.0674
vn 0.7863 0.1808 0.5908
vn -0.8396 -0.3716 0.3963
vn -0.8298 0.4303 -0.3553
vn -0.7105 -0.6303 -0.3129
vn -0.7368 -0.5815 -0.3450
vn -0.5549 -0.7425 0.3752
vn -0.7292 -0.4992 -0.4680
vn 0.0569 -0.4794 0.8757
vn -0.3730 -0.6336 -0.6778
vn -0.9128 -0.3951 -0.1033
vn -0.6010 0.6071 -0.5198
vn 0.0594 -0.3914 -0.9183
vn 0.9671 0.2519 -0.0345
vn -0.8076 0.3076 0.5032
vn -0.2637 -0.7754 -0.5738
vn 0.9768 0.0112 -0.2137
vn 0.9850 0.1282 -0.1153
vn -0.5317 -0.4449 -0.7207
vn -0.5298 -0.8138 -0.2389
vn -0.1326 0.3919 -0.9104
vn -0.8242 -0.4454 0.3497
vn -0.4654 0.2619 0.8455
vn 0.8100 0.0795 0.5810
vn 0.9494 -0.3100 -0.0506
vn 0.9372 -0.3474 -0.0306
vn -0.5013 0.3063 -0.8093
vn 0.2972 -0.3157 0.9011
vn -0.6972 -0.1501 0.7010
vn 0.6699 -0.5566 0.4914
vn -0.4580 -0.8533 0.2493
vn 0.4434 -0.4697 0.7634
vn 0.4999 -0.3468 0.7936
vn 0.8562 -0.4668 0.2212
vn -0.7959 -0.6006 0.0756
vn -0.5169 -0.4831 -0.7067
vn -0.7383 -0.6647 0.1145
vn -0.0373 -0.9948 0.0944
vn -0.6431 -0.4341 -0.6308
vn 0.5795 -0.6115 0.5388
vn -0.1759 -0.5587 0.8105
vn -0.7164 -0.4757 0.5104
vn -0.8004 0.2926 0.5232
vn 0.3525 -0.7022 0.6187
vn 0.8476 -0.5252 -0.0755
vn 0.7360 -0.5514 0.3929
vn -0.2048 -0.7743 -0.5988
vn 0.2663 -0.4055 0.8744
vn -0.8456 0.4147 -0.3360
vn -0.8498 -0.5175 0.1000
vn -0.9250 -0.3793 -0.0222
vn 0.8162 -0.4820 -0.3187
vn -0.6036 -0.7808 -0.1616
vn -0.1454 -0.7883 -0.5979
vn -0.9393 -0.2240 0.2601
vn -0.8742 -0.1866 -0.4482
vn -0.3912 -0.5022 0.7712
vn -0.5923 -0.7641 -0.2556
vn -0.4212 -0.8053 -0.4172
vn -0.2604 -0.6365 -0.7260
vn -0.7911 0.2224 -0.5698
vn -0.1938 0.2593 0.9461
vn -0.8567 0.3934 0.3335
vn -0.8287 -0.0967 -0.5513
vn 0.7425 -0.6403 0.1966
vn 0.8339 -0.5303 0.1528
vn 0.3235 0.7587 -0.5655
vn -0.4486 -0.5580 0.6982
vn -0.9846 0.0826 0.1544
vn 0.4617 -0.5222 0.7170
vn 0.1286 -0.4922 0.8609
vn -0.8485 -0.5170 0.1134
vn 0.8028 -0.5368 -0.2596
vn -0.7763 -0.5098 0.3709
vn -0.7485 0.3245 -0.5783
vn -0.8150 0.5404 0.2092
vn -0.9308 0.2835 0.2306
vn 0.3857 -0.1689 0.9070
vn 0.1178 -0.5948 -0.7952
vn -0.7612 -0.6327 -0.1422
vn -0.3585 -0.9329 0.0340
vn -0.7829 -0.5905 0.1958
vn -0.6207 -0.6246 0.4739
vn 0.4391 -0.1013 -0.8927
vn -0.6974 0.7104 0.0948
vn -0.9230 0.2933 0.2490
vn 0.8703 0.2004 0.4499
vn -0.0048 -0.7402 -0.6724
vn 0.7180 -0.6954 0.0297
vn -0.4196 -0.6736 0.6085
vn -0.9686 0.0366 0.2458
vn -0.8287 0.5297 0.1810
vn -0.7785 0.5212 0.3496
vn -0.0054 -0.6622 -0.7493
vn -0.5130 -0.1373 0.8473
vn -0.0878 -0.6997 0.7091
vn -0.9654 -0.1911 0.1772
vn -0.9259 0.1978 0.3218
vn -0.8179 0.2386 0.5235
vn 0.1937 0.4401 0.8768
vn -0.7187 -0.4916 0.4917
vn -0.9791 -0.1467 -0.1409
vn -0.7997 -0.5884 -0.1195
vn -0.9419 -0.2730 0.1956
vn -0.8185 0.4750 0.3232
vn -0.8140 -0.3250 0.4813
vn -0.9151 -0.2437 0.3211
vn -0.8085 -0.2992 0.5067
vn -0.7823 -0.3755 0.4971
vn -0.8795 -0.2456 0.4077
vn 0.6281 0.7746 -0.0741
vn -0.2197 0.7410 0.6345
vn 0.9628 0.1972 0.1845
vn -0.6098 -0.2911 0.7371
vn -0.7702 -0.6371 -0.0281
vn 0.8934 0.0094 0.4491
vn -0.1982 -0.1045 0.9746
vn 0.7226 -0.6603 -0.2048
vn -0.9779 -0.1875 -0.0926
vn 0.2408 -0.7162 0.6550
vn -0.2186 -0.7209 0.6576
vn -0.5008 -0.3149 -0.8063
vn -0.2165 -0.9745 0.0583
vn 0.0600 -0.9954 0.0747
vn -0.8644 -0.4508 0.2224
vn -0.9094 -0.3424 0.2360
vn -0.5334 -0.7612 -0.3689
vn 0.5214 -0.1808 0.8339
vn -0.7733 -0.5328 0.3436
vn -0.7744 -0.6326 -0.0035
vn 0.9361 -0.2968 -0.1886
vn 0.4113 -0.9049 -0.1100
vn -0.7577 -0.6290 0.1737
vn 0.2550 -0.4924 0.8322
vn -0.6668 -0.6673 -0.3318
vn 0.9132 -0.3763 -0.1564
vn -0.9010 -0.4060 0.1531
vn -0.2802 -0.9588 -0.0466
vn 0.8512 -0.4115 -0.3257
vn -0.6637 0.3803 0.6441
vn -0.8716 -0.4877 0.0503
vn 0.5229 -0.8496 -0.0692
vn 0.5412 -0.8288 0.1424
vn 0.0317 0.8863 0.4621
vn -0.8426 -0.2329 0.4856
vn -0.1208 -0.8626 -0.4912
vn -0.6299 -0.6949 0.3469
vn -0.7571 -0.6123 0.2280
vn -0.8817 -0.3936 0.2601
vn 0.3077 0.9508 0.0361
vn 0.6340 -0.0515 0.7716
vn -0.0465 -0.8127 -0.5808
vn -0.8612 -0.5038 0.0674
vn -0.8000 -0.5989 -0.0365
vn -0.8100 -0.1233 -0.5733
vn 0.9514 0.2698 -0.1487
vn 0.9189 -0.2865 -0.2712
vn 0.3082 -0.9455 -0.1055
vn -0.0521 -0.9865 -0.1551
vn -0.2045 -0.8356 -0.5098
vn 0.9898 0.1314 0.0543
vn -0.0472 0.9440 0.3264
vn -0.7863 -0.1028 0.6092
vn -0.3212 0.7431 0.5871
vn -0.7615 -0.6454 0.0593
vn -0.5717 -0.3763 0.7291
vn -0.6648 0.2496 0.7041
vn -0.6908 -0.4677 -0.5514
vn -0.7317 -0.5832 -0.3527
vn 0.0620 -0.7775 0.6258
vn 0.6268 -0.7642 -0.1523
vn 0.3008 -0.7625 -0.5729
vn 0.2691 -0.4115 -0.8708
vn -0.6233 -0.6340 -0.4577
vn -0.6023 -0.7906 -0.1105
vn -0.2333 -0.8726 -0.4291
vn -0.2626 -0.3001 0.9171
vn -0.6188 -0.7038 0.3489
vn -0.9027 0.2340 0.3611
vn 0.9230 0.3232 -0.2090
vn 0.9277 0.1525 0.3409
vn -0.6544 -0.4225 0.6271
vn -0.0469 -0.8999 -0.4335
vn 0.1055 -0.7933 -0.5996
vn -0.4886 -0.8721 -0.0275
vn 0.6325 -0.7271 -0.2670
vn -0.7460 -0.6019 -0.2850
vn 0.9564 0.2649 -0.1233
vn -0.2216 0.1372 -0.9654
vn -0.6855 -0.5750 -0.4467
vn 0.4698 -0.4579 -0.7547
vn 0.5338 -0.8063 -0.2547
vn 0.7326 -0.6723 -0.1064
vn 0.4993 -0.8656 -0.0383
vn -0.4460 -0.8891 0.1034
vn 0.6709 -0.4515 -0.5883
vn -0.3931 0.6264 0.6731
vn -0.4918 -0.8381 -0.2359
vn -0.8690 -0.4809 0.1164
vn -0.9869 0.1607 -0.0151
vn 0.4028 0.6134 -0.6793
vn -0.8866 -0.4624 -0.0131
vn -0.6079 -0.6791 0.4115
vn -0.7160 -0.6701 0.1958
vn 0.0149 -0.8264 -0.5629
vn -0.6854 -0.6520 0.3243
vn -0.8245 -0.3990 -0.4012
vn -0.7819 -0.6058 0.1472
vn -0.4350 -0.8074 0.3986
vn -0.0104 0.7923 -0.6100
vn -0.3112 -0.9382 -0.1512
vn 0.5909 -0.5607 -0.5800
vn -0.3111 -0.9024 -0.2980
vn 0.3000 -0.6941 0.6544
vn 0.5546 -0.8297 0.0637
vn -0.1920 -0.8539 0.4836
vn 0.6622 0.2713 0.6985
vn 0.6742 0.2262 -0.7030
vn 0.2926 -0.9461 -0.1387
vn 0.5880 -0.5644 -0.5794
vn -0.6417 -0.7311 0.2317
vn 0.6892 -0.5682 -0.4496
vn 0.5183 -0.8532 -0.0576
vn -0.8195 -0.4232 0.3864
vn -0.6456 -0.0015 0.7637
vn 0.8360 0.0518 0.5462
vn -0.0261 -0.1992 0.9796
vn 0.5753 -0.8003 -0.1693
vn -0.7056 -0.7021 -0.0955
vn 0.6762 -0.7344 -0.0575
vn -0.8040 -0.3457 0.4839
vn -0.8653 -0.4595 0.2002
vn -0.7796 -0.5385 0.3199
vn -0.3927 0.7967 -0.4594
vn -0.9357 -0.2363 0.2619
vn -0.7971 0.3353 -0.5022
vn -0.7592 -0.6506 0.0176
vn -0.6797 -0.6253 0.3833
vn -0.7929 -0.4455 0.4157
vn 0.7422 0.5278 -0.4130
vn -0.3471 -0.8897 -0.2966
vn -0.7656 -0.4780 -0.4307
vn -0.6842 -0.7063 -0.1817
vn 0.6707 -0.7301 0.1311
vn 0.4104 -0.8595 0.3048
vn 0.5614 0.2377 -0.7927
vn 0.0774 0.9682 -0.2380
vn -0.1178 0.9337 -0.3381
vn 0.8580 0.4419 -0.2616
vn 0.5195 -0.7538 -0.4023
vn -0.7515 -0.5178 0.4087
vn -0.5995 -0.5599 0.5720
vn 0.7192 -0.0823 0.6899
vn 0.7888 -0.2534 0.5600
vn -0.5213 -0.8430 0.1328
vn -0.1111 -0.5379 0.8357
vn -0.7818 -0.4870 0.3894
vn 0.7094 0.6773 -0.1948
vn 0.1904 0.7650 -0.6153
vn -0.6591 -0.5998 0.4537
vn -0.3490 -0.9357 -0.0523
vn -0.1668 0.2235 -0.9603
vn -0.3437 0.7048 -0.6206
vn 0.7891 0.5250 -0.3190
vn 0.4127 -0.4193 -0.8086
vn -0.6531 0.1437 0.7436
vn -0.3281 -0.9365 -0.1235
vn -0.1123 -0.9470 -0.3011
vn -0.7409 -0.6563 -0.1430
vn -0.7421 -0.4399 -0.5057
vn 0.8456 0.4857 -0.2217
vn 0.7768 0.4932 -0.3915
vn 0.0652 -0.8328 -0.5497
vn 0.0918 -0.8659 -0.4916
vn -0.6531 0.6041 0.4566
vn 0.2762 -0.8865 0.3713
vn 0.0221 -0.1479 -0.9888
vn -0.7726 -0.0280 0.6343
vn -0.8311 -0.5195 0.1985
vn 0.7503 0.5682 -0.3379
vn -0.4979 -0.3797 0.7797
vn 0.3407 -0.9399 0.0230
vn -0.5261 -0.8401 0.1321
vn -0.5673 -0.8218 -0.0527
vn -0.3559 -0.8891 0.2878
vn -0.6487 -0.6828 -0.3361
vn -0.2920 -0.2824 0.9138
vn 0.4319 -0.7826 0.4484
vn 0.0923 -0.6922 0.7158
vn -0.1306 -0.9446 -0.3011
vn -0.4280 -0.8979 -0.1028
vn 0.3519 -0.9322 -0.0840
vn -0.5871 -0.6038 -0.5392
vn -0.8030 -0.5259 0.2803
vn -0.9050 0.3994 0.1464
vn -0.9382 -0.1093 0.3283
vn 0.0152 -0.8930 -0.4498
vn -0.5904 -0.7217 -0.3614
vn -0.2543 0.3270 -0.9102
vn -0.2302 0.9445 -0.2343
vn 0.9947 0.0588 -0.0848
vn 0.0194 -0.9514 -0.3073
vn -0.4255 -0.8860 -0.1841
vn 0.4674 -0.8700 0.1571
vn -0.2527 -0.9264 0.2793
vn 0.0712 -0.7435 0.6649
vn -0.2647 0.8306 -0.4899
vn -0.0271 0.9917 -0.1254
vn -0.1043 0.9558 -0.2751
vn -0.4461 -0.6728 0.5902
vn -0.7781 -0.5695 0.2652
vn -0.7493 -0.5749 0.3286
vn -0.4700 0.4896 0.7344
vn -0.7107 -0.4209 0.5638
vn 0.5011 -0.8500 -0.1622
vn 0.6446 -0.0029 -0.7645
vn -0.1603 0.7154 -0.6801
vn -0.4790 0.8179 -0.3187
vn 0.5367 0.3160 0.7823
vn 0.9904 0.0240 -0.1365
vn -0.6998 -0.6011 0.3859
vn 0.6189 -0.6839 -0.3863
vn 0.7098 -0.2468 -0.6598
vn -0.0807 -0.9928 -0.0882
vn -0.6081 0.4866 0.6272
vn -0.0730 -0.9075 0.4137
vn -0.8290 0.5564 -0.0573
vn 0.4724 0.8415 -0.2623
vn -0.3216 -0.8110 0.4887
vn -0.3290 -0.9168 -0.2265
vn -0.6669 0.7344 0.1260
vn 0.1471 -0.7858 0.6007
vn 0.1267 -0.3438 0.9304
vn 0.1247 -0.9913 -0.0426
vn 0.1954 -0.8974 -0.3956
vn -0.7116 -0.3617 -0.6024
vn -0.6888 0.7241 -0.0361
vn 0.1649 0.9863 0.0060
vn -0.7848 0.6195 0.0172
vn -0.3960 -0.9104 -0.1195
vn -0.9310 -0.3474 -0.1120
vn 0.6934 0.6681 0.2699
vn 0.1607 0.6538 -0.7394
vn 0.7509 -0.6555 0.0805
vn -0.2077 0.9764 0.0586
vn -0.4224 0.8495 0.3161
vn -0.3319 -0.4346 0.8372
vn -0.3961 -0.2596 0.8807
vn -0.1713 -0.9498 -0.2617
vn -0.2805 -0.9476 -0.1527
vn -0.4247 -0.8949 -0.1372
vn -0.2871 -0.9518 0.1078
vn -0.5434 -0.4911 -0.6809
vn -0.7669 -0.6254 0.1437
vn 0.5184 0.8176 -0.2507
vn 0.2203 0.9312 -0.2905
vn -0.6389 0.5968 -0.4854
vn 0.8870 -0.0755 -0.4556
vn -0.6049 -0.7843 0.1377
vn 0.9851 -0.0220 -0.1704
vn 0.8704 0.4744 -0.1316
vn 0.2065 -0.9759 -0.0699
vn -0.2013 -0.9781 -0.0520
vn -0.9287 -0.0735 0.3636
vn -0.5020 -0.8541 0.1358
vn 0.1515 -0.7846 0.6011
vn 0.0832 -0.9950 -0.0559
vn 0.3500 -0.9025 -0.2512
vn -0.3213 -0.9241 -0.2070
vn -0.6031 -0.7846 0.1437
vn -0.6115 0.5621 0.5568
vn -0.5220 0.1958 -0.8302
vn -0.5297 -0.8459 -0.0618
vn 0.6172 -0.4502 -0.6453
vn -0.6990 -0.6372 0.3247
vn 0.3732 -0.5307 -0.7610
vn -0.4151 0.8598 -0.2975
vn -0.2467 -0.9427 -0.2248
vn 0.7283 0.4789 0.4901
vn 0.7584 0.5869 -0.2836
vn 0.2608 -0.9486 0.1791
vn -0.3071 -0.9499 0.0579
vn -0.8931 0.0876 0.4412
vn 0.8653 -0.0999 0.4911
vn -0.1181 -0.9453 -0.3040
vn 0.5255 -0.7416 -0.4170
vn 0.3767 -0.8701 -0.3177
vn 0.5109 -0.8023 -0.3087
vn -0.6050 -0.7901 -0.0989
vn -0.7866 0.5002 0.3622
vn 0.5795 -0.1250 -0.8053
vn 0.9378 -0.2799 -0.2055
vn 0.9641 0.1957 -0.1797
vn -0.5644 -0.7474 -0.3504
vn -0.6537 -0.7466 0.1235
vn 0.9642 0.2052 -0.1678
vn 0.5953 -0.3406 -0.7277
vn 0.8546 0.4028 0.3278
vn -0.5253 -0.8482 -0.0674
vn 0.4413 -0.8957 0.0543
vn -0.5612 -0.7888 0.2506
vn -0.6052 -0.7943 -0.0521
vn 0.9215 -0.2594 -0.2892
vn 0.9232 0.0679 -0.3783
vn 0.9182 0.0762 -0.3888
vn 0.0062 -0.7494 0.6621
vn 0.0558 -0.9162 -0.3969
vn 0.2646 -0.9393 -0.2184
vn 0.0846 -0.9527 0.2919
vn 0.9036 -0.0293 -0.4274
vn -0.4880 -0.4092 -0.7709
vn 0.6181 0.7659 -0.1769
vn 0.9820 -0.0340 -0.1858
vn -0.4369 -0.8821 0.1763
vn 0.9741 -0.0886 -0.2081
vn 0.8655 -0.2459 -0.4365
vn -0.5145 -0.6185 -0.5940
vn -0.1891 -0.4659 0.8644
vn 0.3975 -0.8453 0.3569
vn -0.5844 -0.5052 -0.6350
vn -0.7669 -0.6253 0.1447
vn -0.0943 0.9420 -0.3222
vn -0.1948 -0.9251 0.3260
vn 0.0442 -0.8031 0.5942
vn -0.6407 -0.3295 0.6935
vn 0.0553 -0.3343 0.9408
vn -0.1985 -0.9506 -0.2386
vn 0.6776 -0.6048 -0.4185
vn -0.7705 0.6350 -0.0557
vn 0.9844 0.1084 -0.1384
vn 0.9198 0.3155 -0.2334
vn 0.0952 -0.9814 0.1664
vn 0.8148 -0.4366 -0.3814
vn 0.2036 -0.4418 -0.8737
vn 0.2652 -0.8526 -0.4503
vn -0.0284 -0.9117 -0.4100
vn 0.1820 -0.7515 0.6342
vn 0.6978 -0.2932 0.6535
vn 0.1473 -0.9342 -0.3248
vn 0.5225 -0.5105 -0.6829
vn 0.3786 -0.9227 -0.0720
vn -0.1078 -0.9778 0.1800
vn 0.2058 -0.9518 0.2275
vn 0.1216 -0.9563 0.2659
vn 0.9741 -0.1539 -0.1657
vn 0.2588 -0.9631 0.0734
vn 0.4039 -0.9105 0.0882
vn -0.9488 -0.0232 -0.3149
vn 0.3979 0.0169 0.9173
vn 0.4264 -0.2374 0.8728
vn -0.1273 -0.3468 0.9293
vn 0.0116 -0.9620 0.2729
vn 0.8915 -0.3254 0.3153
vn 0.7737 -0.5852 -0.2428
vn 0.0205 -0.8808 -0.4730
vn -0.0814 -0.9752 0.2056
vn -0.7822 -0.5697 0.2521
vn -0.2479 -0.9635 0.1008
vn -0.5656 0.7666 0.3040
vn -0.5501 0.4922 0.6746
vn 0.1491 -0.8576 -0.4922
vn -0.2265 -0.9588 -0.1717
vn 0.7005 0.5534 -0.4507
vn -0.7629 -0.4347 0.4786
vn -0.1915 -0.9596 0.2064
vn 0.5623 -0.8103 -0.1650
vn 0.6103 -0.7572 -0.2326
vn -0.9590 0.2768 -0.0604
vn -0.2824 -0.9554 0.0860
vn 0.1976 -0.8252 -0.5292
vn -0.4311 -0.4821 0.7627
vn 0.2298 -0.8466 0.4801
vn -0.7675 -0.6307 -0.1147
vn 0.9680 -0.2305 -0.0997
vn 0.9277 -0.2182 0.3028
vn 0.1484 0.6440 -0.7505
vn -0.5061 -0.5423 0.6707
vn 0.8206 0.2126 -0.5305
vn -0.2895 0.9156 -0.2790
vn 0.7628 -0.6445 -0.0524
vn 0.7940 -0.5807 -0.1799
vn -0.0887 -0.9164 -0.3903
vn -0.5269 -0.6995 0.4828
vn -0.0449 -0.9387 -0.3418
vn -0.9106 0.2025 -0.3604
vn -0.0467 -0.9759 0.2132
vn -0.7221 -0.4880 -0.4903
vn -0.3288 -0.7090 -0.6238
vn 0.6760 -0.7193 -0.1603
vn 0.0951 -0.2492 -0.9638
vn 0.4262 -0.4604 0.7787
vn -0.1330 0.2833 0.9498
vn -0.3015 -0.9529 0.0340
vn 0.9796 -0.1857 0.0771
vn -0.3895 0.8481 0.3593
vn -0.0599 -0.9907 0.1221
vn 0.7325 -0.6686 -0.1278
vn 0.4955 -0.8369 -0.2323
vn -0.0729 -0.9700 0.2321
vn 0.1562 -0.1604 -0.9746
vn 0.6128 0.2539 -0.7484
vn -0.3250 -0.4063 0.8540
vn 0.4087 -0.8363 0.3654
vn 0.9388 0.2795 -0.2012
vn 0.3614 -0.9056 -0.2219
vn 0.8939 -0.2981 0.3348
vn 0.7765 -0.0888 -0.6238
vn 0.9796 -0.1368 -0.1473
vn -0.8872 -0.4375 0.1465
vn -0.2146 -0.9766 0.0166
vn 0.0112 -0.9867 -0.1624
vn -0.6161 -0.3555 -0.7029
vn 0.2470 -0.9560 -0.1584
vn 0.8353 0.2549 -0.4871
vn -0.1465 -0.7632 -0.6293
vn 0.5537 -0.4568 0.6963
vn 0.9760 -0.1966 -0.0932
vn -0.7804 -0.1861 -0.5969
vn -0.5572 -0.5798 0.5944
vn -0.0221 -0.9913 -0.1296
vn -0.2301 -0.9161 0.3284
vn 0.2109 -0.9328 -0.2921
vn 0.1632 0.4968 -0.8524
vn 0.3907 -0.1950 -0.8996
vn -0.2861 -0.7629 -0.5797
vn -0.0886 -0.9895 -0.1146
vn -0.1791 -0.9593 -0.2183
vn 0.8403 0.4768 0.2580
vn -0.0298 -0.9970 0.0710
vn -0.1008 -0.9860 0.1328
vn -0.2388 -0.7313 0.6389
vn 0.0894 -0.8726 -0.4801
vn 0.0662 -0.9943 0.0833
vn 0.9658 0.0363 0.2567
vn -0.9232 0.3793 0.0624
vn 0.2749 -0.9396 -0.2040
vn -0.2461 -0.9691 -0.0141
vn 0.0885 -0.9960 0.0141
vn 0.8801 0.4153 -0.2301
vn -0.3234 -0.8889 0.3245
vn -0.2961 -0.9495 0.1033
vn -0.7165 -0.6893 -0.1068
vn -0.0636 -0.9961 0.0606
vn -0.2190 -0.9721 0.0841
vn -0.1495 -0.9837 0.1003
vn -0.4096 -0.6818 0.6061
vn 0.4633 -0.6620 -0.5891
vn -0.3436 -0.9372 -0.0596
vn -0.0826 -0.9791 -0.1860
vn 0.7569 0.0915 0.6470
vn -0.5824 -0.6375 0.5044
vn 0.3833 -0.6759 -0.6295
vn 0.7099 -0.3796 -0.5933
vn 0.2962 0.2355 0.9256
vn -0.3171 -0.4442 0.8379
vn 0.2303 -0.8473 -0.4786
vn 0.9840 -0.1780 -0.0062
vn 0.2239 -0.9253 -0.3060
vn -0.1197 -0.9414 -0.3154
vn -0.1811 -0.9612 0.2081
vn -0.4434 -0.8963 0.0030
vn -0.4939 -0.7662 -0.4111
vn -0.1129 -0.8491 -0.5160
vn -0.1332 -0.2481 0.9595
vn 0.7038 -0.6683 -0.2411
vn -0.1109 0.8309 -0.5453
vn 0.7367 -0.6169 -0.2768
vn -0.3152 -0.8416 0.4386
vn -0.5342 -0.6417 0.5503
vn 0.7379 0.0536 -0.6728
vn -0.0522 -0.9980 0.0355
vn -0.0432 -0.9985 0.0329
vn 0.0028 -1.0000 -0.0003
vn 0.6145 -0.7524 0.2372
vn -0.1944 -0.9398 -0.2810
vn -0.0912 -0.9958 0.0111
vn -0.4762 -0.8280 -0.2961
vn 0.2641 -0.6520 0.7107
vn 0.9588 -0.1982 -0.2033
vn 0.7739 -0.0692 0.6296
vn 0.3421 0.2267 -0.9119
vn 0.2823 0.6890 -0.6676
vn 0.1017 -0.8961 0.4321
vn 0.5603 -0.8133 -0.1567
vn -0.3664 -0.5232 0.7694
vn -0.9670 -0.2534 0.0275
vn -0.5008 -0.8610 0.0890
vn -0.1946 -0.8309 -0.5213
vn -0.4905 -0.5383 0.6853
vn -0.6959 -0.5440 0.4688
vn -0.0047 -0.0057 -1.0000
vn -0.9737 0.0890 0.2098
vn 0.0580 -0.8886 0.4551
vn 0.0049 -0.4279 0.9038
vn -0.5711 -0.7859 -0.2371
vn -0.1525 -0.5011 -0.8518
vn 0.6773 -0.1858 -0.7119
vn -0.0005 -0.9409 0.3387
vn 0.9424 -0.1950 -0.2719
vn -0.5648 -0.5798 0.5872
vn -0.3781 0.6033 -0.7022
vn -0.6244 -0.6288 0.4634
vn 0.5562 0.1746 -0.8125
vn -0.4376 0.0999 -0.8936
vn 0.9219 -0.0593 0.3829
vn 0.5954 0.0704 -0.8003
vn 0.6509 -0.7449 -0.1466
vn 0.5745 -0.2080 0.7917
vn -0.8468 -0.4992 0.1839
vn 0.3873 0.4305 -0.8153
vn -0.6074 0.3196 -0.7273
vn -0.4838 -0.8410 0.2422
vn 0.9130 -0.3510 -0.2079
vn -0.7653 -0.5492 0.3357
vn -0.3589 -0.8445 0.3976
vn 0.9769 0.1031 -0.1873
vn 0.3925 -0.9192 0.0301
vn -0.4556 -0.8836 -0.1081
vn -0.0521 -0.4033 -0.9136
vn 0.5576 -0.3069 -0.7713
vn 0.3498 -0.4016 0.8464
vn 0.9968 0.0605 -0.0526
vn -0.4527 -0.5379 0.7111
vn -0.9989 0.0426 -0.0197
vn 0.8730 -0.4502 -0.1875
vn 0.9320 0.2062 -0.2982
vn -0.8668 -0.4926 0.0776
vn -0.8734 -0.4840 -0.0541
vn -0.6435 0.7607 0.0853
vn -0.6082 -0.5470 0.5752
vn -0.0921 0.9954 0.0276
vn 0.8740 0.4784 0.0845
vn -0.4004 0.8473 0.3489
vn -0.9959 0.0872 0.0232
vn -0.6202 0.1613 0.7677
vn 0.0882 0.5224 0.8481
vn 0.9895 -0.0710 0.1260
vn 0.5715 0.7767 -0.2648
vn 0.2409 0.0641 -0.9684
vn 0.9206 -0.0350 -0.3890
vn -0.8164 -0.5409 0.2021
vn -0.0159 -0.9681 0.2501
vn -0.1359 -0.5162 0.8456
vn -0.9860 -0.0734 -0.1499
vn -0.6574 -0.5821 0.4785
vn 0.8000 -0.1656 0.5767
vn 0.0099 0.7386 -0.6741
vn -0.6180 -0.5861 0.5240
vn 0.2445 -0.1320 -0.9606
vn -0.3351 0.8606 0.3834
vn 0.7625 -0.6319 -0.1391
vn 0.8536 0.2596 -0.4516
vn -0.1340 -0.1524 0.9792
vn -0.2962 0.1640 -0.9409
vn -0.4720 0.4606 -0.7517
vn -0.5361 -0.4953 0.6836
vn -0.4939 0.8170 0.2974
vn -0.6667 -0.7452 0.0126
vn -0.8876 -0.2249 -0.4021
vn 0.8633 0.2182 -0.4551
vn 0.0993 0.0262 0.9947
vn 0.9031 0.3955 -0.1676
vn 0.6060 -0.5334 -0.5901
vn 0.8471 0.4696 -0.2487
vn 0.8514 -0.2994 0.4306
vn 0.4739 0.8070 -0.3522
vn -0.1925 0.3115 -0.9306
vn -0.6416 -0.6622 0.3870
vn 0.9967 0.0723 -0.0357
vn -0.3009 -0.4571 0.8370
vn 0.9369 -0.2145 0.2759
vn 0.6672 -0.3761 0.6430
vn 0.4262 0.7087 -0.5622
vn -0.6571 -0.7195 0.2249
vn 0.9939 -0.0275 -0.1063
vn -0.4393 -0.5467 -0.7128
vn -0.5822 -0.6560 0.4804
vn -0.5071 -0.5715 -0.6452
vn -0.6330 -0.1196 -0.7648
vn 0.9742 -0.2258 0.0045
vn 0.9278 0.2313 -0.2929
vn 0.2204 0.5694 -0.7920
vn 0.8674 0.3750 -0.3271
vn 0.0667 -0.0747 -0.9950
vn -0.6415 -0.6010 0.4766
vn 0.9788 -0.0423 -0.2002
vn 0.9340 -0.3390 0.1130
vn -0.8114 -0.5663 0.1448
vn 0.1703 -0.5878 0.7909
vn 0.2743 0.0264 0.9613
vn -0.0456 0.4959 -0.8672
vn -0.0489 -0.4619 0.8856
vn 0.4593 0.3857 -0.8002
vn -0.6806 -0.6976 0.2238
vn -0.6045 -0.6924 0.3940
vn 0.6484 -0.1830 -0.7390
vn -0.6593 -0.7519 0.0029
vn -0.8313 -0.5189 -0.1990
vn 0.4588 -0.5793 0.6737
vn -0.3218 -0.6794 0.6595
vn -0.2854 -0.5151 0.8083
vn 0.9115 -0.4113 0.0018
vn -0.4206 0.3948 -0.8168
vn -0.1261 -0.6667 0.7346
vn 0.8566 -0.4434 0.2640
vn -0.4777 -0.6505 0.5905
vn 0.5934 0.7574 -0.2725
vn 0.5653 0.3875 0.7282
vn -0.6368 -0.7185 0.2797
vn -0.6047 -0.7105 0.3599
vn 0.7108 0.0285 -0.7028
vn -0.6116 -0.7877 0.0740
vn -0.5089 -0.8163 -0.2733
vn -0.9489 -0.3099 -0.0597
vn -0.6256 -0.2189 0.7488
vn 0.6907 -0.5842 0.4263
vn 0.3734 0.4249 -0.8246
vn 0.1999 -0.6193 -0.7593
vn -0.5386 -0.8401 -0.0644
vn -0.2350 -0.3870 -0.8916
vn 0.8512 0.0694 0.5203
vn -0.2130 -0.4276 -0.8785
vn 0.8074 -0.5634 -0.1754
vn 0.7558 0.0584 -0.6522
vn 0.4742 -0.3529 -0.8066
vn -0.5063 -0.8536 0.1223
vn -0.2008 -0.9006 -0.3855
vn -0.6710 -0.7286 -0.1374
vn -0.1020 -0.3654 0.9252
vn -0.2064 -0.7907 -0.5764
vn -0.4363 -0.8921 0.1176
vn 0.2015 -0.7421 0.6393
vn 0.7540 0.3312 -0.5672
vn -0.6654 -0.7425 0.0768
vn 0.8199 -0.4687 0.3287
vn 0.9354 -0.3428 -0.0865
vn 0.6510 0.5218 0.5513
vn 0.9659 -0.2505 0.0647
vn 0.1547 -0.9724 -0.1749
vn 0.5698 -0.8157 -0.0997
vn 0.9497 -0.2825 0.1352
vn -0.6345 -0.6963 0.3357
vn -0.4274 -0.9034 -0.0335
vn -0.1308 -0.9864 -0.1000
vn 0.7619 0.6334 -0.1351
vn 0.9625 0.1629 0.2171
vn -0.1508 -0.9775 0.1473
vn 0.8853 -0.4486 0.1225
vn 0.6717 0.5994 -0.4353
vn 0.4855 0.3806 -0.7871
vn 0.8730 -0.4796 -0.0886
vn 0.7550 -0.6270 0.1921
vn -0.7935 -0.6016 -0.0918
vn 0.0074 -0.3268 -0.9451
vn -0.7072 -0.5774 -0.4079
vn -0.1772 -0.9551 0.2376
vn 0.4642 -0.7695 0.4387
vn -0.2045 -0.3074 -0.9294
vn 0.4205 0.5941 -0.6857
vn -0.2348 -0.7515 -0.6165
vn 0.6989 0.7151 -0.0151
vn -0.5598 -0.6963 0.4492
vn 0.9280 0.3705 0.0379
vn -0.4853 -0.8246 0.2906
vn 0.2919 -0.2997 -0.9083
vn -0.2668 -0.2113 -0.9403
vn -0.6365 -0.7649 0.0986
vn 0.8779 0.2577 -0.4035
vn 0.3064 -0.5810 -0.7540
vn -0.4870 -0.5082 -0.7103
vn 0.8901 0.4545 0.0346
vn -0.6059 -0.7909 -0.0859
vn -0.5527 -0.7357 0.3914
vn -0.1149 -0.8160 0.5666
vn -0.6793 -0.7209 -0.1374
vn -0.5926 -0.7915 0.1496
vn -0.3971 -0.8016 0.4469
vn -0.4946 -0.7821 0.3790
vn -0.5530 -0.7068 0.4412
vn 0.7312 -0.6568 -0.1844
vn 0.4159 -0.1987 -0.8874
vn 0.8533 -0.4756 -0.2137
vn -0.5988 -0.5316 0.5991
vn 0.0622 -0.8870 0.4575
vn -0.3729 -0.9233 -0.0918
vn -0.7606 -0.6444 0.0789
vn -0.1608 -0.4792 0.8628
vn -0.6110 -0.3533 0.7085
vn -0.6864 -0.6788 0.2608
vn 0.0339 -0.9605 -0.2761
vn 0.7067 -0.5091 -0.4913
vn -0.5383 -0.7991 0.2678
vn 0.9744 0.0985 0.2024
vn -0.6980 -0.7127 -0.0697
vn -0.0369 -0.9987 -0.0364
vn -0.4657 -0.7821 0.4141
vn -0.5249 -0.8278 0.1979
vn 0.3563 -0.9204 -0.1607
vn -0.8903 -0.4188 0.1787
vn -0.9579 -0.0233 0.2863
vn 0.2331 -0.9678 -0.0955
vn 0.6229 -0.5731 -0.5325
vn 0.3853 -0.8712 0.3042
vn 0.2477 -0.9415 -0.2286
vn 0.0321 -0.9669 0.2531
vn -0.9667 0.0146 0.2554
vn 0.8924 -0.0759 -0.4448
vn -0.1516 -0.9816 0.1161
vn 0.5374 -0.6841 0.4931
vn 0.7743 -0.6195 0.1293
vn -0.0327 -0.7875 -0.6154
vn -0.6658 -0.7429 -0.0697
vn -0.8647 -0.4559 0.2107
vn -0.7739 -0.6163 0.1458
vn -0.3667 -0.7918 0.4885
vn -0.8964 0.0967 -0.4325
vn -0.1545 -0.9747 -0.1616
vn -0.6883 -0.7024 0.1814
vn -0.4556 -0.6259 -0.6330
vn -0.0186 -0.9736 0.2277
vn -0.2819 -0.9036 0.3224
vn 0.3335 -0.9368 -0.1062
vn -0.4808 -0.8555 0.1920
vn -0.1960 -0.9613 0.1937
vn -0.7764 -0.2797 -0.5648
vn 0.4023 -0.9141 -0.0507
vn -0.9439 -0.1354 0.3012
vn -0.6992 -0.6148 0.3649
vn 0.0026 -0.9947 0.1032
vn 0.0799 -0.9922 -0.0954
vn -0.4963 -0.8679 0.0211
vn 0.5520 -0.8160 0.1718
vn 0.8166 -0.5755 -0.0443
vn -0.1989 -0.9044 0.3774
vn 0.2171 -0.9352 0.2798
vn -0.9073 -0.3423 0.2442
vn -0.8435 -0.5143 0.1551
vn -0.8769 -0.3211 0.3578
vn 0.5963 -0.2926 -0.7475
vn -0.5134 -0.8095 0.2847
vn -0.6350 -0.7537 0.1695
vn 0.2778 -0.9438 0.1793
vn -0.0573 -0.9492 0.3095
vn 0.3977 -0.6823 -0.6134
vn -0.4082 -0.8964 0.1728
vn -0.1524 -0.9683 0.1981
vn 0.5949 -0.8037 -0.0134
vn -0.1791 -0.7971 -0.5767
vn 0.0653 -0.9823 0.1753
vt 0.394589 0.539311
vt 0.369165 0.605743
vt 0.384691 0.542454
vt 0.366455 0.584182
vt 0.125221 0.662836
vt 0.125751 0.684396
vt 0.118582 0.670151
vt 0.357087 0.615872
vt 0.334408 0.600140
vt 0.696613 0.750755
vt 0.715997 0.788010
vt 0.690802 0.753347
vt 0.718466 0.777730
vt 0.732475 0.810657
vt 0.119601 0.713339
vt 0.114325 0.712138
vt 0.358283 0.540324
vt 0.705734 0.744947
vt 0.683391 0.815242
vt 0.671880 0.784260
vt 0.733912 0.804793
vt 0.715182 0.816463
vt 0.726498 0.783179
vt 0.103787 0.711592
vt 0.117629 0.634723
vt 0.112848 0.642351
vt 0.713685 0.746280
vt 0.384558 0.521206
vt 0.734639 0.783902
vt 0.752401 0.801788
vt 0.746851 0.808019
vt 0.740621 0.813297
vt 0.721018 0.744947
vt 0.727827 0.766206
vt 0.309949 0.585656
vt 0.740319 0.777609
vt 0.755684 0.437322
vt 0.713989 0.450865
vt 0.732877 0.432505
vt 0.110264 0.677551
vt 0.762121 0.797133
vt 0.712558 0.438832
vt 0.742138 0.457958
vt 0.367463 0.502334
vt 0.337287 0.537549
vt 0.738973 0.763878
vt 0.765918 0.771924
vt 0.765292 0.809976
vt 0.750024 0.814509
vt 0.667908 0.816791
vt 0.652040 0.801747
vt 0.714244 0.424009
vt 0.703146 0.434349
vt 0.769274 0.456503
vt 0.750971 0.488442
vt 0.090857 0.711116
vt 0.101503 0.691495
vt 0.776069 0.777986
vt 0.767192 0.805604
vt 0.768395 0.798393
vt 0.696837 0.431733
vt 0.697273 0.430029
vt 0.764133 0.510159
vt 0.726843 0.536146
vt 0.773922 0.792394
vt 0.784269 0.472766
vt 0.790386 0.437781
vt 0.103745 0.642145
vt 0.959281 0.378358
vt 0.956532 0.390593
vt 0.954469 0.376168
vt 0.957081 0.373511
vt 0.961281 0.373892
vt 0.960489 0.369739
vt 0.693685 0.423791
vt 0.695247 0.419365
vt 0.956673 0.374064
vt 0.954953 0.371686
vt 0.698982 0.418030
vt 0.749957 0.544175
vt 0.772180 0.806152
vt 0.770327 0.810666
vt 0.761608 0.814481
vt 0.769294 0.814128
vt 0.953537 0.372847
vt 0.950833 0.378778
vt 0.692095 0.415604
vt 0.708194 0.411582
vt 0.749139 0.419047
vt 0.377741 0.507060
vt 0.947881 0.385972
vt 0.953209 0.370110
vt 0.953606 0.369955
vt 0.951173 0.374807
vt 0.689680 0.412053
vt 0.688185 0.412583
vt 0.686115 0.410581
vt 0.085858 0.667536
vt 0.095927 0.630035
vt 0.745823 0.745990
vt 0.953375 0.368912
vt 0.695354 0.410251
vt 0.309759 0.528282
vt 0.086946 0.697203
vt 0.291692 0.564878
vt 0.278942 0.591009
vt 0.686046 0.405934
vt 0.791093 0.422805
vt 0.090369 0.625153
vt 0.079197 0.658217
vt 0.081647 0.632778
vt 0.692863 0.402436
vt 0.799264 0.452390
vt 0.684181 0.400443
vt 0.690191 0.399211
vt 0.705746 0.407111
vt 0.742918 0.743619
vt 0.770364 0.534891
vt 0.684502 0.395903
vt 0.761317 0.746168
vt 0.604448 0.176267
vt 0.617408 0.180243
vt 0.603501 0.194223
vt 0.747284 0.397966
vt 0.937968 0.397126
vt 0.584642 0.202395
vt 0.590480 0.173939
vt 0.268249 0.586532
vt 0.930884 0.381793
vt 0.578671 0.173864
vt 0.701774 0.399821
vt 0.291632 0.544217
vt 0.688017 0.391141
vt 0.703254 0.388002
vt 0.805259 0.446377
vt 0.790477 0.411512
vt 0.745014 0.565785
vt 0.958726 0.411223
vt 0.944066 0.420467
vt 0.270859 0.568572
vt 0.043914 0.629976
vt 0.060499 0.614119
vt 0.042179 0.656720
vt 0.941385 0.443559
vt 0.688815 0.382586
vt 0.715511 0.375280
vt 0.624499 0.202268
vt 0.786986 0.398111
vt 0.053003 0.612215
vt 0.750945 0.570121
vt 0.761004 0.565133
vt 0.631581 0.184249
vt 0.077874 0.708523
vt 0.056555 0.662610
vt 0.079378 0.629438
vt 0.771101 0.554920
vt 0.935805 0.441662
vt 0.300053 0.520287
vt 0.271544 0.555078
vt 0.060796 0.663574
vt 0.291891 0.039748
vt 0.285909 0.024434
vt 0.293894 0.018350
vt 0.638191 0.202196
vt 0.297859 0.022520
vt 0.299013 0.045181
vt 0.923411 0.428197
vt 0.685661 0.381183
vt 0.625913 0.332409
vt 0.616806 0.345617
vt 0.620775 0.331306
vt 0.065764 0.708292
vt 0.761476 0.574761
vt 0.546963 0.187074
vt 0.565647 0.175953
vt 0.915175 0.413169
vt 0.912816 0.391935
vt 0.610269 0.224495
vt 0.644121 0.198218
vt 0.640126 0.186059
vt 0.259125 0.575129
vt 0.561032 0.207388
vt 0.701615 0.370507
vt 0.782449 0.384980
vt 0.050134 0.689020
vt 0.620796 0.389632
vt 0.632181 0.334572
vt 0.056593 0.705950
vt 0.745969 0.367395
vt 0.266413 0.549174
vt 0.258348 0.562569
vt 0.247395 0.583476
vt 0.245572 0.579755
vt 0.594452 0.224127
vt 0.345559 0.475482
vt 0.283434 0.066648
vt 0.290868 0.506906
vt 0.309062 0.088986
vt 0.304973 0.114521
vt 0.270834 0.051876
vt 0.908278 0.412244
vt 0.290549 0.087807
vt 0.267574 0.027697
vt 0.636495 0.203655
vt 0.623337 0.227757
vt 0.046561 0.716294
vt 0.049178 0.705598
vt 0.683280 0.372769
vt 0.674270 0.345731
vt 0.666991 0.356517
vt 0.687185 0.351803
vt 0.603557 0.369859
vt 0.606877 0.341943
vt 0.533402 0.200653
vt 0.629649 0.233816
vt 0.636856 0.343306
vt 0.639296 0.355196
vt 0.628510 0.371054
vt 0.285739 0.504028
vt 0.324866 0.103116
vt 0.317935 0.103406
vt 0.320625 0.093347
vt 0.905871 0.439457
vt 0.586518 0.368073
vt 0.323408 0.112498
vt 0.266844 0.501402
vt 0.656212 0.333610
vt 0.719304 0.351420
vt 0.261633 0.062792
vt 0.263484 0.029026
vt 0.576008 0.227891
vt 0.801327 0.365131
vt 0.247049 0.051025
vt 0.295146 0.118354
vt 0.242267 0.038277
vt 0.257379 0.023931
vt 0.244640 0.569702
vt 0.700327 0.334850
vt 0.701315 0.357238
vt 0.663135 0.333203
vt 0.327439 0.472126
vt 0.265209 0.075640
vt 0.485923 0.180426
vt 0.754209 0.909657
vt 0.751404 0.888906
vt 0.756960 0.896038
vt 0.247365 0.496043
vt 0.270992 0.079969
vt 0.732469 0.349761
vt 0.284270 0.104805
vt 0.618181 0.254433
vt 0.271378 0.101800
vt 0.612938 0.397613
vt 0.801156 0.338271
vt 0.248782 0.065122
vt 0.718363 0.322159
vt 0.596885 0.247513
vt 0.541244 0.224497
vt 0.627838 0.385977
vt 0.510076 0.212459
vt 0.643117 0.367940
vt 0.291025 0.434248
vt 0.732110 0.882124
vt 0.254390 0.082533
vt 0.238521 0.053057
vt 0.286075 0.122592
vt 0.234900 0.026715
vt 0.267157 0.097428
vt 0.624003 0.389465
vt 0.573125 0.254345
vt 0.544217 0.029656
vt 0.557810 0.014694
vt 0.560445 0.015820
vt 0.738754 0.883728
vt 0.280863 0.121313
vt 0.234947 0.081305
vt 0.584148 0.410104
vt 0.627040 0.394143
vt 0.532085 0.895793
vt 0.533328 0.901387
vt 0.527745 0.902848
vt 0.536756 0.029169
vt 0.548103 0.030399
vt 0.258380 0.089170
vt 0.564210 0.910270
vt 0.575715 0.926853
vt 0.534241 0.935743
vt 0.556730 0.244498
vt 0.785578 0.320048
vt 0.621584 0.401525
vt 0.602923 0.397998
vt 0.535921 0.027024
vt 0.540164 0.949737
vt 0.526097 0.925298
vt 0.554111 0.912256
vt 0.570576 0.935998
vt 0.529076 0.029342
vt 0.230169 0.089023
vt 0.224629 0.083977
vt 0.615147 0.399239
vt 0.517900 0.915760
vt 0.571174 0.942608
vt 0.553980 0.961495
vt 0.563581 0.027795
vt 0.531850 0.912716
vt 0.536548 0.902000
vt 0.525535 0.901038
vt 0.633563 0.427813
vt 0.284148 0.126634
vt 0.520679 0.921513
vt 0.547619 0.963963
vt 0.545076 0.904724
vt 0.376022 0.987180
vt 0.379835 0.991210
vt 0.379606 0.994174
vt 0.314386 0.991866
vt 0.313736 0.991332
vt 0.315593 0.991227
vt 0.312141 0.993878
vt 0.312095 0.991710
vt 0.314981 0.992227
vt 0.551835 0.903166
vt 0.567132 0.020261
vt 0.312734 0.991299
vt 0.308902 0.992734
vt 0.384229 0.990612
vt 0.381608 0.988168
vt 0.382666 0.987727
vt 0.383137 0.988156
vt 0.948665 0.932260
vt 0.950366 0.929903
vt 0.949363 0.931486
vt 0.310733 0.991341
vt 0.525449 0.898943
vt 0.372886 0.990265
vt 0.374263 0.987608
vt 0.527326 0.894756
vt 0.530463 0.891640
vt 0.526128 0.014500
vt 0.555203 0.005919
vt 0.561331 0.007475
vt 0.593623 0.406218
vt 0.607527 0.407324
vt 0.708948 0.908253
vt 0.715871 0.852080
vt 0.500598 0.930382
vt 0.950108 0.931368
vt 0.949022 0.932238
vt 0.952187 0.928209
vt 0.304023 0.992388
vt 0.306376 0.988426
vt 0.529714 0.889597
vt 0.227151 0.090185
vt 0.225760 0.086822
vt 0.225441 0.090688
vt 0.931938 0.756417
vt 0.929630 0.752072
vt 0.943341 0.749752
vt 0.622287 0.412370
vt 0.611900 0.407895
vt 0.518892 0.013159
vt 0.515437 0.013920
vt 0.514934 0.011695
vt 0.606484 0.274672
vt 0.587546 0.267748
vt 0.306961 0.995397
vt 0.513148 0.956974
vt 0.523485 0.026763
vt 0.518013 0.019866
vt 0.592673 0.415491
vt 0.524807 0.008625
vt 0.574498 0.387152
vt 0.575156 0.374413
vt 0.955157 0.924337
vt 0.330176 0.995278
vt 0.334091 0.989917
vt 0.334436 0.996985
vt 0.578192 0.393112
vt 0.511627 0.906626
vt 0.518386 0.016284
vt 0.199955 0.073006
vt 0.505597 0.244210
vt 0.327412 0.994140
vt 0.326085 0.993543
vt 0.330466 0.986894
vt 0.613205 0.412662
vt 0.603326 0.416125
vt 0.328954 0.987733
vt 0.325623 0.988819
vt 0.337732 0.990856
vt 0.339643 0.991525
vt 0.468969 0.197695
vt 0.937761 0.707892
vt 0.952791 0.702763
vt 0.938391 0.710580
vt 0.938574 0.703405
vt 0.938724 0.700725
vt 0.942008 0.702952
vt 0.619212 0.423450
vt 0.489516 0.226781
vt 0.203241 0.997218
vt 0.206746 0.994685
vt 0.208340 0.996155
vt 0.198117 0.996437
vt 0.198932 0.994188
vt 0.198852 0.998285
vt 0.953697 0.718119
vt 0.943642 0.725726
vt 0.939179 0.719101
vt 0.645486 0.418033
vt 0.965713 0.911458
vt 0.962260 0.917558
vt 0.205027 0.992428
vt 0.202862 0.994216
vt 0.201461 0.998041
vt 0.587520 0.415710
vt 0.613008 0.423697
vt 0.942265 0.701162
vt 0.942745 0.699367
vt 0.965605 0.913586
vt 0.198802 0.990858
vt 0.191661 0.025841
vt 0.220407 0.024319
vt 0.201273 0.988728
vt 0.958315 0.705323
vt 0.600265 0.424130
vt 0.941724 0.901439
vt 0.952165 0.888029
vt 0.944506 0.696574
vt 0.804072 0.314104
vt 0.939607 0.725832
vt 0.188451 0.068483
vt 0.047821 0.107356
vt 0.035106 0.113592
vt 0.029270 0.110747
vt 0.589020 0.421154
vt 0.611828 0.432217
vt 0.958674 0.757880
vt 0.692695 0.279822
vt 0.591123 0.426056
vt 0.976460 0.898192
vt 0.970674 0.913619
vt 0.568032 0.292431
vt 0.457202 0.220459
vt 0.595277 0.438885
vt 0.973463 0.914052
vt 0.981676 0.902512
vt 0.965254 0.754887
vt 0.621941 0.430403
vt 0.978073 0.915112
vt 0.988465 0.911139
vt 0.990839 0.912814
vt 0.987879 0.914797
vt 0.960362 0.711034
vt 0.641544 0.422415
vt 0.636791 0.430011
vt 0.651772 0.408239
vt 0.030490 0.095963
vt 0.016107 0.103440
vt 0.046734 0.067327
vt 0.511052 0.334602
vt 0.503622 0.321651
vt 0.508100 0.320350
vt 0.506121 0.332021
vt 0.184526 0.044851
vt 0.641383 0.427654
vt 0.596790 0.458918
vt 0.500721 0.321413
vt 0.500413 0.316526
vt 0.504158 0.314626
vt 0.502092 0.328534
vt 0.990313 0.915474
vt 0.042405 0.100076
vt 0.026194 0.108260
vt 0.227846 0.341152
vt 0.238731 0.340727
vt 0.233813 0.345767
vt 0.510088 0.341296
vt 0.600002 0.297010
vt 0.650032 0.431211
vt 0.662153 0.436006
vt 0.625283 0.445662
vt 0.516054 0.317283
vt 0.510640 0.313476
vt 0.514065 0.325749
vt 0.516245 0.333059
vt 0.505172 0.338057
vt 0.653648 0.432638
vt 0.659149 0.432905
vt 0.656121 0.450023
vt 0.021631 0.072099
vt 0.024753 0.110428
vt 0.045718 0.118341
vt 0.027086 0.146036
vt 0.498295 0.316673
vt 0.497736 0.317989
vt 0.995353 0.914714
vt 0.995717 0.913913
vt 0.979431 0.892624
vt 0.801548 0.298928
vt 0.973054 0.602134
vt 0.969226 0.605087
vt 0.963288 0.605382
vt 0.007246 0.040097
vt 0.005098 0.031805
vt 0.014416 0.036617
vt 0.014870 0.116021
vt 0.207861 0.337469
vt 0.520399 0.347567
vt 0.966537 0.759000
vt 0.946669 0.601351
vt 0.954715 0.601186
vt 0.942348 0.604922
vt 0.951054 0.597774
vt 0.669711 0.436643
vt 0.670181 0.435925
vt 0.017587 0.046475
vt 0.014218 0.120678
vt 0.216877 0.343093
vt 0.229303 0.348933
vt 0.227267 0.332886
vt 0.234358 0.333643
vt 0.230221 0.324202
vt 0.224750 0.323156
vt 0.527347 0.318750
vt 0.531053 0.319894
vt 0.522178 0.320114
vt 0.526853 0.325965
vt 0.524576 0.343688
vt 0.022474 0.704373
vt 0.016577 0.702393
vt 0.008180 0.696220
vt 0.616820 0.461434
vt 0.237390 0.350817
vt 0.233863 0.354612
vt 0.498208 0.334879
vt 0.494380 0.322278
vt 0.519799 0.340070
vt 0.006739 0.876965
vt 0.010919 0.883745
vt 0.004422 0.875317
vt 0.637776 0.930338
vt 0.629363 0.930569
vt 0.636850 0.927441
vt 0.186827 0.995225
vt 0.187109 0.996660
vt 0.184827 0.998071
vt 0.958201 0.592313
vt 0.980541 0.601973
vt 0.045012 0.138407
vt 0.195032 0.331013
vt 0.210232 0.326101
vt 0.213539 0.346970
vt 0.214479 0.321024
vt 0.505330 0.346389
vt 0.002925 0.891748
vt 0.008009 0.906428
vt 0.183981 0.989478
vt 0.183165 0.994599
vt 0.183655 0.988507
vt 0.109790 0.434622
vt 0.117171 0.433509
vt 0.117301 0.434955
vt 0.184511 0.993555
vt 0.184983 0.994817
vt 0.188323 0.994759
vt 0.969317 0.590127
vt 0.214859 0.315119
vt 0.225436 0.318808
vt 0.516545 0.350982
vt 0.020244 0.703804
vt 0.017816 0.703264
vt 0.974325 0.404118
vt 0.978093 0.390763
vt 0.976659 0.409954
vt 0.111889 0.435087
vt 0.111598 0.434818
vt 0.023964 0.721654
vt 0.024067 0.718810
vt 0.023998 0.714600
vt 0.007772 0.010200
vt 0.003785 0.021676
vt 0.193384 0.334539
vt 0.226046 0.355531
vt 0.524511 0.341036
vt 0.690030 0.849713
vt 0.711305 0.832566
vt 0.725444 0.272954
vt 0.788733 0.282303
vt 0.971154 0.400626
vt 0.970504 0.398270
vt 0.971496 0.401966
vt 0.106103 0.434111
vt 0.109279 0.436227
vt 0.973806 0.392576
vt 0.110815 0.434758
vt 0.026773 0.053000
vt 0.001630 0.026366
vt 0.607838 0.464150
vt 0.588775 0.460376
vt 0.192034 0.339809
vt 0.203630 0.316666
vt 0.491144 0.324760
vt 0.494620 0.335140
vt 0.099466 0.434971
vt 0.103705 0.434708
vt 0.975658 0.391451
vt 0.023046 0.709368
vt 0.023386 0.706455
vt 0.635204 0.463772
vt 0.015756 0.145893
vt 0.529307 0.333978
vt 0.475873 0.352733
vt 0.496123 0.368057
vt 0.483697 0.254017
vt 0.619475 0.940476
vt 0.510213 0.270298
vt 0.531703 0.276838
vt 0.969961 0.397826
vt 0.970331 0.390735
vt 0.096601 0.445289
vt 0.007085 0.114106
vt 0.988998 0.973422
vt 0.994506 0.958362
vt 0.991667 0.978017
vt 0.991372 0.955585
vt 0.202368 0.311003
vt 0.221592 0.314074
vt 0.215754 0.309035
vt 0.538397 0.322316
vt 0.492022 0.317728
vt 0.489021 0.317285
vt 0.529597 0.349880
vt 0.476432 0.365420
vt 0.003627 0.885664
vt 0.974146 0.207085
vt 0.982788 0.201274
vt 0.983939 0.203282
vt 0.971603 0.205725
vt 0.985458 0.395329
vt 0.946411 0.590502
vt 0.685265 0.450669
vt 0.995187 0.601877
vt 0.991180 0.600484
vt 0.008413 0.127449
vt 0.182587 0.333012
vt 0.196362 0.312747
vt 0.536106 0.319507
vt 0.466014 0.320141
vt 0.454666 0.355282
vt 0.629310 0.921913
vt 0.618422 0.940047
vt 0.983119 0.194189
vt 0.090196 0.436350
vt 0.090253 0.437081
vt 0.089013 0.436487
vt 0.090736 0.438394
vt 0.976899 0.585004
vt 0.007682 0.116834
vt 0.852415 0.588562
vt 0.856772 0.588691
vt 0.852965 0.593524
vt 0.205742 0.354827
vt 0.531749 0.336286
vt 0.531331 0.387923
vt 0.516312 0.384202
vt 0.479518 0.377778
vt 0.978658 0.210025
vt 0.084427 0.442275
vt 0.084010 0.439434
vt 0.039154 0.049293
vt 0.018609 0.012323
vt 0.179775 0.337741
vt 0.210618 0.307548
vt 0.538387 0.336157
vt 0.027395 0.918411
vt 0.024670 0.944638
vt 0.002727 0.939406
vt 0.488683 0.989463
vt 0.490800 0.993306
vt 0.487504 0.992977
vt 0.975997 0.195235
vt 0.985843 0.204655
vt 0.963713 0.579828
vt 0.005565 0.004842
vt 0.014901 0.003788
vt 0.004203 0.009115
vt 0.007651 0.110850
vt 0.609898 0.469475
vt 0.594917 0.467926
vt 0.982693 0.956256
vt 0.226057 0.361808
vt 0.447982 0.326194
vt 0.509905 0.396660
vt 0.980875 0.211533
vt 0.980604 0.210305
vt 0.034655 0.693353
vt 0.978735 0.191138
vt 0.684942 0.454935
vt 0.894446 0.115081
vt 0.888095 0.097230
vt 0.919414 0.115343
vt 0.627164 0.470141
vt 0.175599 0.322516
vt 0.207870 0.360228
vt 0.546612 0.325415
vt 0.548331 0.326823
vt 0.539877 0.329738
vt 0.550574 0.370940
vt 0.460051 0.251705
vt 0.073572 0.183332
vt 0.079202 0.176399
vt 0.086105 0.179807
vt 0.069974 0.173830
vt 0.657412 0.471615
vt 0.638776 0.470385
vt 0.590014 0.482161
vt 0.218366 0.306943
vt 0.447007 0.369147
vt 0.045880 0.164747
vt 0.049407 0.177816
vt 0.035039 0.168363
vt 0.043414 0.158143
vt 0.042915 0.159348
vt 0.044785 0.157740
vt 0.032934 0.731359
vt 0.979013 0.971550
vt 0.978066 0.969956
vt 0.175548 0.334050
vt 0.552532 0.330331
vt 0.551092 0.354345
vt 0.345576 0.032624
vt 0.386235 0.031452
vt 0.371484 0.119296
vt 0.094471 0.185694
vt 0.058190 0.178291
vt 0.020695 0.006378
vt 0.867852 0.605888
vt 0.861625 0.590980
vt 0.971684 0.962546
vt 0.870883 0.585756
vt 0.892819 0.601175
vt 0.194718 0.386448
vt 0.204970 0.306679
vt 0.448427 0.404343
vt 0.501907 0.419224
vt 0.971740 0.954627
vt 0.138592 0.434327
vt 0.143212 0.433177
vt 0.137731 0.436091
vt 0.145728 0.432792
vt 0.177291 0.346940
vt 0.190462 0.372245
vt 0.175177 0.316827
vt 0.237321 0.381140
vt 0.546730 0.321716
vt 0.613883 0.973646
vt 0.639254 0.954985
vt 0.646275 0.955475
vt 0.621498 0.917544
vt 0.600683 0.952369
vt 0.073159 0.192572
vt 0.068974 0.195087
vt 0.674728 0.471681
vt 0.968169 0.581167
vt 0.030613 0.017219
vt 0.973283 0.969190
vt 0.973358 0.947068
vt 0.007704 0.149342
vt 0.010863 0.149420
vt 0.163485 0.313624
vt 0.156523 0.325517
vt 0.928555 0.302680
vt 0.921168 0.293098
vt 0.937329 0.304263
vt 0.541374 0.319774
vt 0.938281 0.276803
vt 0.431117 0.353725
vt 0.523655 0.417835
vt 0.424829 0.067140
vt 0.073472 0.189494
vt 0.032567 0.190356
vt 0.024935 0.169251
vt 0.625508 0.490552
vt 0.878732 0.116515
vt 0.858899 0.608122
vt 0.849605 0.594452
vt 0.134869 0.443556
vt 0.988415 0.939265
vt 0.885876 0.583769
vt 0.892931 0.594917
vt 0.171696 0.339609
vt 0.163106 0.331914
vt 0.156521 0.314349
vt 0.158507 0.303915
vt 0.435468 0.315694
vt 0.916505 0.283249
vt 0.432310 0.388034
vt 0.549355 0.299066
vt 0.926658 0.087337
vt 0.136682 0.449918
vt 0.149928 0.420741
vt 0.977445 0.942630
vt 0.170847 0.331299
vt 0.922106 0.301154
vt 0.466995 0.422458
vt 0.481465 0.426166
vt 0.597016 0.937967
vt 0.049803 0.022892
vt 0.032076 0.006623
vt 0.966654 0.947080
vt 0.855759 0.609161
vt 0.157161 0.431791
vt 0.191756 0.356396
vt 0.198694 0.398867
vt 0.107312 0.202403
vt 0.956886 0.977225
vt 0.956985 0.968058
vt 0.864838 0.618561
vt 0.892675 0.583140
vt 0.895385 0.587325
vt 0.141545 0.335602
vt 0.603818 0.745398
vt 0.629397 0.766564
vt 0.617097 0.777979
vt 0.935556 0.262567
vt 0.424848 0.182897
vt 0.614700 0.507539
vt 0.127353 0.458929
vt 0.872514 0.102097
vt 0.589342 0.496834
vt 0.582864 0.489334
vt 0.151970 0.443404
vt 0.141350 0.320162
vt 0.140898 0.311885
vt 0.173815 0.399343
vt 0.437156 0.403503
vt 0.062781 0.209136
vt 0.955807 0.976164
vt 0.639364 0.514356
vt 0.959014 0.955812
vt 0.972421 0.941917
vt 0.159068 0.347299
vt 0.150200 0.399057
vt 0.168526 0.339909
vt 0.903156 0.299211
vt 0.911073 0.300918
vt 0.419553 0.328627
vt 0.554065 0.436295
vt 0.452227 0.418182
vt 0.009473 0.910028
vt 0.024669 0.909393
vt 0.040877 0.002437
vt 0.606453 0.502963
vt 0.159396 0.432212
vt 0.145579 0.342364
vt 0.563586 0.405015
vt 0.423527 0.381190
vt 0.015371 0.871531
vt 0.022805 0.870632
vt 0.035924 0.871277
vt 0.051239 0.023579
vt 0.127394 0.460415
vt 0.131154 0.459374
vt 0.135970 0.457599
vt 0.135280 0.325642
vt 0.426803 0.393359
vt 0.065045 0.215017
vt 0.374646 0.157740
vt 0.408003 0.159292
vt 0.958353 0.947807
vt 0.909024 0.577891
vt 0.920982 0.571251
vt 0.924586 0.597036
vt 0.159269 0.422343
vt 0.902382 0.606931
vt 0.909384 0.255514
vt 0.540599 0.451815
vt 0.601261 0.930348
vt 0.380991 0.181596
vt 0.054557 0.008947
vt 0.658865 0.484033
vt 0.575782 0.516962
vt 0.959318 0.945186
vt 0.140346 0.420197
vt 0.142235 0.458942
vt 0.563248 0.694375
vt 0.567145 0.696636
vt 0.562197 0.703520
vt 0.133858 0.316623
vt 0.151609 0.352089
vt 0.338659 0.180598
vt 0.341425 0.153967
vt 0.366150 0.195266
vt 0.896260 0.273188
vt 0.894340 0.288604
vt 0.008098 0.195162
vt 0.585359 0.526021
vt 0.860856 0.625232
vt 0.878589 0.638674
vt 0.570633 0.549829
vt 0.167518 0.421906
vt 0.137716 0.332335
vt 0.909695 0.606549
vt 0.129285 0.318717
vt 0.567954 0.698494
vt 0.347577 0.201474
vt 0.478958 0.450891
vt 0.484602 0.277529
vt 0.106912 0.245890
vt 0.958376 0.564407
vt 0.876717 0.629194
vt 0.902868 0.618580
vt 0.182721 0.412527
vt 0.328801 0.155401
vt 0.589399 0.765037
vt 0.596791 0.737988
vt 0.455906 0.439849
vt 0.057367 0.001482
vt 0.624827 0.510856
vt 0.593226 0.537264
vt 0.131382 0.323314
vt 0.565225 0.708971
vt 0.573636 0.563166
vt 0.580767 0.548696
vt 0.567575 0.429980
vt 0.873102 0.071799
vt 0.433755 0.427001
vt 0.605768 0.959127
vt 0.965118 0.313735
vt 0.963124 0.307151
vt 0.982911 0.309368
vt 0.933053 0.573362
vt 0.930420 0.567099
vt 0.940001 0.570168
vt 0.559066 0.689775
vt 0.547454 0.681290
vt 0.378288 0.208315
vt 0.371232 0.214424
vt 0.903463 0.625426
vt 0.316288 0.184230
vt 0.311668 0.168802
vt 0.395272 0.183856
vt 0.633964 0.521834
vt 0.930220 0.581370
vt 0.545755 0.690567
vt 0.574573 0.571637
vt 0.353945 0.216791
vt 0.596262 0.798908
vt 0.613602 0.791925
vt 0.923408 0.235056
vt 0.048736 0.887150
vt 0.038267 0.903823
vt 0.051333 0.228217
vt 0.557657 0.710919
vt 0.579236 0.725052
vt 0.442850 0.253334
vt 0.418508 0.130301
vt 0.990149 0.296493
vt 0.991825 0.300784
vt 0.886184 0.067287
vt 0.931056 0.594149
vt 0.931511 0.583058
vt 0.935877 0.582075
vt 0.591777 0.553792
vt 0.046038 0.918705
vt 0.868240 0.067539
vt 0.867532 0.088437
vt 0.873795 0.642408
vt 0.581412 0.571765
vt 0.803492 0.267274
vt 0.796244 0.253636
vt 0.805557 0.252569
vt 0.400791 0.338645
vt 0.629425 0.539040
vt 0.560338 0.996179
vt 0.557521 0.990548
vt 0.564197 0.992989
vt 0.224498 0.995293
vt 0.230863 0.993829
vt 0.228759 0.995285
vt 0.548254 0.719684
vt 0.566596 0.729479
vt 0.572004 0.751226
vt 0.404973 0.317380
vt 0.602271 0.956071
vt 0.055623 0.234871
vt 0.224263 0.991673
vt 0.232846 0.987826
vt 0.341054 0.209835
vt 0.817146 0.261863
vt 0.893973 0.263161
vt 0.898834 0.254272
vt 0.903167 0.246902
vt 0.395592 0.366191
vt 0.880657 0.768167
vt 0.878764 0.767877
vt 0.880913 0.746461
vt 0.988524 0.286818
vt 0.957846 0.284269
vt 0.349359 0.218872
vt 0.439331 0.101995
vt 0.086835 0.259655
vt 0.662443 0.509711
vt 0.389387 0.216054
vt 0.392433 0.241013
vt 0.903861 0.230655
vt 0.524030 0.465347
vt 0.607362 0.547649
vt 0.375132 0.236789
vt 0.930758 0.608946
vt 0.533202 0.702881
vt 0.547163 0.723691
vt 0.393587 0.393716
vt 0.872326 0.638808
vt 0.929300 0.613353
vt 0.567574 0.777411
vt 0.912441 0.226741
vt 0.927245 0.222337
vt 0.463957 0.270294
vt 0.397759 0.897145
vt 0.401662 0.887561
vt 0.413161 0.890000
vt 0.867220 0.637212
vt 0.797279 0.238836
vt 0.587719 0.945438
vt 0.594734 0.938736
vt 0.972868 0.276561
vt 0.994013 0.271319
vt 0.357099 0.228224
vt 0.963337 0.844991
vt 0.956872 0.853487
vt 0.935792 0.871987
vt 0.422784 0.878663
vt 0.038433 0.971295
vt 0.014522 0.988866
vt 0.021314 0.968392
vt 0.638112 0.539071
vt 0.639141 0.529610
vt 0.037708 0.979958
vt 0.019748 0.990707
vt 0.537308 0.724696
vt 0.299866 0.200530
vt 0.388447 0.326518
vt 0.402787 0.432007
vt 0.399697 0.409189
vt 0.461984 0.466706
vt 0.044904 0.257083
vt 0.041479 0.257073
vt 0.401193 0.233781
vt 0.397515 0.225915
vt 0.528291 0.714096
vt 0.299819 0.182425
vt 0.822692 0.280456
vt 0.827262 0.267330
vt 0.073914 0.477717
vt 0.084512 0.475932
vt 0.079686 0.487009
vt 0.567778 0.447102
vt 0.592726 0.954279
vt 0.046004 0.879151
vt 0.349653 0.233009
vt 0.932518 0.619626
vt 0.331630 0.217731
vt 0.915252 0.631233
vt 0.556223 0.759227
vt 0.816988 0.243492
vt 0.898171 0.229505
vt 0.054548 0.918406
vt 0.292994 0.192377
vt 0.491283 0.474295
vt 0.048649 0.902066
vt 0.917916 0.741814
vt 0.886860 0.763267
vt 0.902182 0.730828
vt 0.808668 0.230970
vt 0.894500 0.240637
vt 0.103543 0.477202
vt 0.445490 0.458433
vt 0.413591 0.161928
vt 0.894611 0.232223
vt 0.382752 0.375222
vt 0.425915 0.443324
vt 0.039920 0.870999
vt 0.599128 0.958871
vt 0.434762 0.882851
vt 0.415659 0.897359
vt 0.626547 0.550282
vt 0.883948 0.661265
vt 0.872154 0.644702
vt 0.527537 0.717788
vt 0.606619 0.966290
vt 0.521861 0.719953
vt 0.321276 0.223875
vt 0.531384 0.735784
vt 0.382840 0.346468
vt 0.891880 0.234111
vt 0.556071 0.470840
vt 0.541025 0.474968
vt 0.594994 0.961352
vt 0.425629 0.145421
vt 0.393194 0.257606
vt 0.337297 0.236267
vt 0.837679 0.275742
vt 0.008927 0.229701
vt 0.573159 0.803451
vt 0.834796 0.286712
vt 0.092683 0.495900
vt 0.925826 0.717853
vt 0.959003 0.278204
vt 0.419010 0.271898
vt 0.407662 0.270588
vt 0.418745 0.265771
vt 0.819519 0.229800
vt 0.834908 0.251686
vt 0.598154 0.964953
vt 0.889647 0.533301
vt 0.901768 0.536374
vt 0.896350 0.543047
vt 0.899156 0.719111
vt 0.078525 0.272926
vt 0.410558 0.248133
vt 0.383576 0.255919
vt 0.879766 0.661152
vt 0.896073 0.660723
vt 0.302511 0.215601
vt 0.808829 0.228626
vt 0.115126 0.473338
vt 0.118602 0.479428
vt 0.568817 0.466621
vt 0.589421 0.949955
vt 0.591589 0.959485
vt 0.453154 0.625790
vt 0.389173 0.619746
vt 0.413279 0.597329
vt 0.444942 0.859943
vt 0.430876 0.848522
vt 0.395609 0.270239
vt 0.831838 0.242916
vt 0.868058 0.046938
vt 0.916796 0.656277
vt 0.286651 0.204188
vt 0.842534 0.286699
vt 0.048266 0.881866
vt 0.386091 0.637314
vt 0.444913 0.873271
vt 0.344603 0.247815
vt 0.328891 0.246724
vt 0.921805 0.654270
vt 0.076403 0.500724
vt 0.526303 0.480168
vt 0.423367 0.153160
vt 0.882327 0.728314
vt 0.061053 0.271353
vt 0.426230 0.897034
vt 0.316725 0.237755
vt 0.545580 0.775643
vt 0.850956 0.251813
vt 0.109340 0.499048
vt 0.050530 0.888389
vt 0.454320 0.558818
vt 0.466773 0.583773
vt 0.445643 0.561904
vt 0.033766 0.276585
vt 0.449744 0.838332
vt 0.457203 0.809683
vt 0.015716 0.259424
vt 0.291474 0.214903
vt 0.813863 0.222809
vt 0.822000 0.223795
vt 0.003364 0.251764
vt 0.025093 0.271583
vt 0.366808 0.262789
vt 0.872339 0.042154
vt 0.303780 0.235383
vt 0.513707 0.719653
vt 0.523171 0.746221
vt 0.129941 0.477208
vt 0.134629 0.484222
vt 0.126118 0.478287
vt 0.419824 0.462158
vt 0.588200 0.966752
vt 0.055681 0.906178
vt 0.460545 0.593527
vt 0.441665 0.603507
vt 0.439268 0.571908
vt 0.429288 0.145165
vt 0.916373 0.704408
vt 0.818349 0.217865
vt 0.464649 0.480336
vt 0.586749 0.967339
vt 0.058059 0.912537
vt 0.504032 0.718507
vt 0.499562 0.719686
vt 0.929493 0.637706
vt 0.281801 0.207580
vt 0.136552 0.490905
vt 0.403486 0.452108
vt 0.358064 0.662292
vt 0.366966 0.653698
vt 0.375930 0.675969
vt 0.398208 0.657696
vt 0.883270 0.043292
vt 0.286134 0.226142
vt 0.846434 0.278951
vt 0.039005 0.272381
vt 0.926914 0.707448
vt 0.440868 0.886350
vt 0.313557 0.254964
vt 0.489441 0.719037
vt 0.506849 0.709945
vt 0.848489 0.284238
vt 0.127503 0.491644
vt 0.448238 0.479054
vt 0.367081 0.689470
vt 0.053270 0.894924
vt 0.581406 0.971330
vt 0.056610 0.919579
vt 0.888683 0.706565
vt 0.346865 0.273798
vt 0.379755 0.397879
vt 0.095825 0.510063
vt 0.552457 0.492255
vt 0.537246 0.490603
vt 0.583053 0.968790
vt 0.900564 0.709217
vt 0.458353 0.880406
vt 0.377768 0.280064
vt 0.308869 0.244241
vt 0.296607 0.241537
vt 0.926643 0.654984
vt 0.834182 0.227457
vt 0.769448 0.706465
vt 0.742502 0.717147
vt 0.758973 0.688992
vt 0.584363 0.973861
vt 0.467342 0.866966
vt 0.465447 0.855040
vt 0.391862 0.284137
vt 0.229656 0.872149
vt 0.263823 0.856631
vt 0.249376 0.889677
vt 0.321053 0.270402
vt 0.301156 0.248415
vt 0.830343 0.212745
vt 0.550128 0.810569
vt 0.125580 0.501960
vt 0.383784 0.430796
vt 0.568275 0.483608
vt 0.091885 0.924107
vt 0.142489 0.870470
vt 0.156610 0.891043
vt 0.585583 0.965343
vt 0.459164 0.815800
vt 0.714431 0.927716
vt 0.722031 0.929599
vt 0.713510 0.941112
vt 0.402631 0.282929
vt 0.782523 0.720440
vt 0.790568 0.727599
vt 0.784622 0.726489
vt 0.711514 0.952069
vt 0.720963 0.948704
vt 0.368736 0.279328
vt 0.291952 0.242086
vt 0.503961 0.753432
vt 0.853392 0.268851
vt 0.080872 0.518167
vt 0.464199 0.553823
vt 0.482135 0.575071
vt 0.204161 0.879791
vt 0.205240 0.866251
vt 0.209372 0.882940
vt 0.821521 0.213842
vt 0.856199 0.281088
vt 0.522334 0.501077
vt 0.797804 0.712868
vt 0.785998 0.715668
vt 0.782489 0.726065
vt 0.778838 0.723514
vt 0.880036 0.707190
vt 0.303425 0.264282
vt 0.216144 0.843073
vt 0.213440 0.879877
vt 0.201424 0.873086
vt 0.266718 0.246587
vt 0.391371 0.448091
vt 0.034279 0.281186
vt 0.351930 0.289917
vt 0.284098 0.250751
vt 0.271054 0.218156
vt 0.264589 0.226313
vt 0.411258 0.467645
vt 0.424622 0.476856
vt 0.447699 0.490352
vt 0.057429 0.907268
vt 0.791772 0.732109
vt 0.058822 0.917755
vt 0.441950 0.125096
vt 0.477921 0.877744
vt 0.911657 0.684410
vt 0.925909 0.695475
vt 0.471032 0.808244
vt 0.323147 0.282441
vt 0.840936 0.214286
vt 0.726431 0.685810
vt 0.145205 0.495867
vt 0.786143 0.728155
vt 0.977095 0.231798
vt 0.990347 0.224956
vt 0.994577 0.228082
vt 0.283934 0.261395
vt 0.136293 0.505676
vt 0.699068 0.716923
vt 0.692409 0.733589
vt 0.672709 0.729574
vt 0.794959 0.733230
vt 0.029139 0.285360
vt 0.212049 0.849922
vt 0.852460 0.236545
vt 0.143963 0.492324
vt 0.716998 0.727597
vt 0.708774 0.698075
vt 0.059479 0.915532
vt 0.471200 0.716541
vt 0.471080 0.731325
vt 0.496664 0.766786
vt 0.395904 0.461955
vt 0.481016 0.508394
vt 0.437635 0.489025
vt 0.793130 0.732823
vt 0.475131 0.811565
vt 0.689821 0.940384
vt 0.291846 0.267918
vt 0.271115 0.260453
vt 0.516743 0.810026
vt 0.857416 0.253773
vt 0.114261 0.515260
vt 0.476993 0.884677
vt 0.506559 0.786195
vt 0.983516 0.225739
vt 0.485714 0.865776
vt 0.481035 0.746642
vt 0.176057 0.865931
vt 0.149861 0.512096
vt 0.248085 0.845541
vt 0.483989 0.738723
vt 0.177218 0.846681
vt 0.171948 0.861394
vt 0.863803 0.273991
vt 0.069550 0.524146
vt 0.074251 0.530355
vt 0.456491 0.501670
vt 0.695438 0.949343
vt 0.307493 0.279964
vt 0.405722 0.478324
vt 0.530507 0.513840
vt 0.898020 0.679886
vt 0.880155 0.684142
vt 0.473166 0.807618
vt 0.359921 0.297123
vt 0.255157 0.257430
vt 0.129388 0.518035
vt 0.417413 0.489754
vt 0.161665 0.879024
vt 0.485361 0.826442
vt 0.915585 0.683146
vt 0.701474 0.955133
vt 0.684557 0.931722
vt 0.702706 0.924000
vt 0.289177 0.275757
vt 0.250005 0.256417
vt 0.864065 0.278272
vt 0.686334 0.707149
vt 0.650733 0.734085
vt 0.641812 0.731375
vt 0.964381 0.229265
vt 0.489502 0.877149
vt 0.491722 0.840031
vt 0.323492 0.301307
vt 0.340193 0.305271
vt 0.854516 0.211067
vt 0.855564 0.225752
vt 0.857890 0.242392
vt 0.730190 0.662528
vt 0.104287 0.527876
vt 0.853370 0.230430
vt 0.653793 0.721251
vt 0.441845 0.653914
vt 0.480669 0.094971
vt 0.461909 0.992715
vt 0.463251 0.989254
vt 0.469079 0.994761
vt 0.275135 0.270107
vt 0.851314 0.205057
vt 0.860016 0.234090
vt 0.867421 0.249495
vt 0.561309 0.497289
vt 0.555143 0.513591
vt 0.438737 0.499377
vt 0.989033 0.249055
vt 0.966119 0.247535
vt 0.496325 0.885944
vt 0.375544 0.306013
vt 0.360154 0.314227
vt 0.230710 0.842862
vt 0.215999 0.874576
vt 0.217837 0.849806
vt 0.265972 0.260839
vt 0.864991 0.239413
vt 0.765129 0.650021
vt 0.149769 0.503303
vt 0.961463 0.233146
vt 0.957864 0.222910
vt 0.349129 0.994568
vt 0.350214 0.992070
vt 0.352826 0.994174
vt 0.886803 0.681595
vt 0.309903 0.301020
vt 0.463771 0.751281
vt 0.206031 0.839130
vt 0.873374 0.262890
vt 0.089974 0.540368
vt 0.799263 0.696028
vt 0.830181 0.698806
vt 0.499881 0.075750
vt 0.361024 0.989310
vt 0.357325 0.988440
vt 0.361151 0.987432
vt 0.360217 0.991129
vt 0.902990 0.677174
vt 0.347326 0.310931
vt 0.484154 0.774312
vt 0.171634 0.834949
vt 0.169555 0.857857
vt 0.863516 0.232368
vt 0.827874 0.684105
vt 0.357084 0.994073
vt 0.288966 0.285217
vt 0.453765 0.729166
vt 0.874472 0.273606
vt 0.872438 0.276121
vt 0.894287 0.677299
vt 0.279223 0.286622
vt 0.468150 0.759565
vt 0.865521 0.229917
vt 0.404006 0.696884
vt 0.501092 0.853069
vt 0.674837 0.957866
vt 0.847840 0.201966
vt 0.875920 0.236261
vt 0.962510 0.244413
vt 0.953999 0.239111
vt 0.950743 0.226031
vt 0.516855 0.858257
vt 0.494447 0.837789
vt 0.260998 0.273405
vt 0.848956 0.197432
vt 0.861267 0.225206
vt 0.876856 0.252261
vt 0.668769 0.705510
vt 0.072764 0.547589
vt 0.464117 0.034818
vt 0.506519 0.884996
vt 0.675711 0.946771
vt 0.842082 0.194472
vt 0.141840 0.541780
vt 0.469635 0.617189
vt 0.946721 0.226841
vt 0.253152 0.268672
vt 0.482085 0.780156
vt 0.226888 0.507609
vt 0.223361 0.507373
vt 0.219085 0.504337
vt 0.445628 0.510829
vt 0.959591 0.256374
vt 0.670600 0.934262
vt 0.860938 0.214308
vt 0.119917 0.540591
vt 0.402002 0.490183
vt 0.837613 0.754693
vt 0.790690 0.744352
vt 0.518493 0.863830
vt 0.951449 0.238913
vt 0.484541 0.601572
vt 0.667233 0.918423
vt 0.667723 0.908999
vt 0.275682 0.292528
vt 0.494717 0.800486
vt 0.861799 0.220340
vt 0.227067 0.513490
vt 0.217561 0.505599
vt 0.625386 0.711880
vt 0.267940 0.284653
vt 0.244177 0.285230
vt 0.246779 0.272850
vt 0.213796 0.503317
vt 0.211049 0.506691
vt 0.620839 0.725273
vt 0.499869 0.898255
vt 0.293053 0.302429
vt 0.838360 0.184114
vt 0.845103 0.189394
vt 0.180830 0.832128
vt 0.219684 0.509821
vt 0.209987 0.503554
vt 0.205186 0.505113
vt 0.880175 0.242612
vt 0.156948 0.514776
vt 0.165298 0.513580
vt 0.156884 0.518340
vt 0.153983 0.522988
vt 0.104816 0.545789
vt 0.427324 0.512841
vt 0.495426 0.895806
vt 0.257960 0.283514
vt 0.855719 0.195147
vt 0.876634 0.265527
vt 0.529697 0.528819
vt 0.472133 0.768542
vt 0.851410 0.188179
vt 0.863118 0.216349
vt 0.080101 0.560813
vt 0.949873 0.258977
vt 0.003318 0.765794
vt 0.015458 0.755930
vt 0.010332 0.770748
vt 0.658102 0.908588
vt 0.227719 0.520885
vt 0.184681 0.510542
vt 0.186054 0.512826
vt 0.488724 0.530346
vt 0.503845 0.070389
vt 0.494588 0.082252
vt 0.356867 0.322953
vt 0.314843 0.317643
vt 0.341124 0.322849
vt 0.859523 0.199343
vt 0.206773 0.507778
vt 0.606693 0.716786
vt 0.594160 0.701009
vt 0.831501 0.711443
vt 0.281160 0.313926
vt 0.263161 0.296253
vt 0.219573 0.831514
vt 0.469454 0.764746
vt 0.671358 0.989555
vt 0.667288 0.991362
vt 0.667674 0.987473
vt 0.212574 0.511468
vt 0.201496 0.507425
vt 0.198837 0.509762
vt 0.163430 0.522005
vt 0.662714 0.937127
vt 0.301880 0.318314
vt 0.218251 0.514530
vt 0.685521 0.687635
vt 0.445646 0.673236
vt 0.668961 0.953070
vt 0.353395 0.328566
vt 0.253632 0.290686
vt 0.942224 0.540253
vt 0.955415 0.545234
vt 0.941544 0.547000
vt 0.841446 0.178900
vt 0.866730 0.199950
vt 0.224444 0.523659
vt 0.157640 0.526929
vt 0.553324 0.525647
vt 0.484762 0.093693
vt 0.664753 0.945381
vt 0.175903 0.829264
vt 0.855349 0.192848
vt 0.227505 0.526497
vt 0.222471 0.527378
vt 0.499461 0.819581
vt 0.507525 0.891933
vt 0.191921 0.960845
vt 0.171547 0.961990
vt 0.183192 0.951340
vt 0.205247 0.510622
vt 0.187849 0.516719
vt 0.535075 0.861996
vt 0.532426 0.859448
vt 0.651102 0.912612
vt 0.400331 0.923620
vt 0.412301 0.928391
vt 0.398212 0.930953
vt 0.545740 0.991102
vt 0.540810 0.988018
vt 0.548585 0.990362
vt 0.217488 0.519868
vt 0.754170 0.631360
vt 0.706925 0.675586
vt 0.136381 0.554538
vt 0.509387 0.889966
vt 0.403400 0.914751
vt 0.405651 0.914438
vt 0.643551 0.991814
vt 0.645024 0.990938
vt 0.646046 0.992034
vt 0.645267 0.989522
vt 0.644550 0.989425
vt 0.643555 0.989819
vt 0.642918 0.990364
vt 0.643968 0.987791
vt 0.656266 0.992534
vt 0.657845 0.992389
vt 0.657750 0.993138
vt 0.642792 0.991743
vt 0.847781 0.174534
vt 0.964934 0.815554
vt 0.960145 0.819010
vt 0.957153 0.813633
vt 0.963697 0.540551
vt 0.961922 0.544159
vt 0.958975 0.535858
vt 0.200196 0.513186
vt 0.093769 0.557485
vt 0.496306 0.094095
vt 0.501485 0.078567
vt 0.336488 0.344916
vt 0.406356 0.946698
vt 0.394847 0.939579
vt 0.970891 0.700532
vt 0.971598 0.700478
vt 0.973854 0.705042
vt 0.643073 0.989609
vt 0.981459 0.706325
vt 0.982675 0.706450
vt 0.983216 0.707429
vt 0.965028 0.543859
vt 0.958261 0.803411
vt 0.951776 0.802447
vt 0.968322 0.812784
vt 0.168057 0.947461
vt 0.216786 0.526737
vt 0.217679 0.522557
vt 0.509085 0.084436
vt 0.830589 0.909986
vt 0.838848 0.912454
vt 0.830896 0.913330
vt 0.832665 0.921214
vt 0.975575 0.706455
vt 0.981371 0.704908
vt 0.971151 0.703775
vt 0.973448 0.549064
vt 0.963535 0.545003
vt 0.191941 0.956864
vt 0.192815 0.958701
vt 0.866031 0.208887
vt 0.209853 0.517540
vt 0.212960 0.517008
vt 0.167880 0.531191
vt 0.163024 0.540317
vt 0.490041 0.565749
vt 0.501143 0.575979
vt 0.248453 0.304670
vt 0.240529 0.283165
vt 0.972351 0.548260
vt 0.250205 0.987192
vt 0.252326 0.989064
vt 0.249630 0.989896
vt 0.862591 0.186204
vt 0.868668 0.193353
vt 0.157723 0.957015
vt 0.180045 0.528742
vt 0.147500 0.542825
vt 0.443941 0.524467
vt 0.839669 0.906204
vt 0.829935 0.904904
vt 0.840266 0.900456
vt 0.350913 0.338701
vt 0.259528 0.308102
vt 0.068931 0.437011
vt 0.071356 0.437247
vt 0.073923 0.436889
vt 0.828835 0.659944
vt 0.835673 0.674146
vt 0.838160 0.774933
vt 0.466725 0.644936
vt 0.911670 0.211533
vt 0.898992 0.192880
vt 0.921991 0.205697
vt 0.826772 0.929698
vt 0.835190 0.933125
vt 0.070394 0.443948
vt 0.074908 0.447457
vt 0.070685 0.447760
vt 0.409501 0.995620
vt 0.408294 0.997038
vt 0.405398 0.994007
vt 0.406309 0.995455
vt 0.398177 0.994996
vt 0.400472 0.994123
vt 0.398046 0.996620
vt 0.972540 0.548365
vt 0.253708 0.990029
vt 0.250479 0.996123
vt 0.254997 0.992218
vt 0.213381 0.527096
vt 0.204902 0.514281
vt 0.212189 0.522541
vt 0.123858 0.557893
vt 0.507970 0.076078
vt 0.826031 0.935330
vt 0.824594 0.935288
vt 0.419343 0.944807
vt 0.970900 0.705741
vt 0.405341 0.994545
vt 0.398812 0.992941
vt 0.397375 0.994313
vt 0.399859 0.991729
vt 0.397654 0.988275
vt 0.401003 0.987362
vt 0.401883 0.988140
vt 0.399015 0.988924
vt 0.252681 0.996078
vt 0.198207 0.949418
vt 0.190084 0.526152
vt 0.622537 0.677295
vt 0.423616 0.925289
vt 0.400352 0.993656
vt 0.405224 0.991428
vt 0.402022 0.989791
vt 0.399084 0.989840
vt 0.855559 0.178080
vt 0.857255 0.182798
vt 0.867695 0.187932
vt 0.210221 0.531082
vt 0.201716 0.525545
vt 0.151235 0.545637
vt 0.636957 0.676031
vt 0.498853 0.544958
vt 0.241312 0.309592
vt 0.066162 0.436870
vt 0.063262 0.446057
vt 0.428511 0.991182
vt 0.430694 0.992321
vt 0.423719 0.993346
vt 0.258811 0.993586
vt 0.265029 0.993045
vt 0.708568 0.653067
vt 0.653916 0.674729
vt 0.360048 0.364003
vt 0.347838 0.357108
vt 0.407405 0.963532
vt 0.064472 0.447845
vt 0.405533 0.990061
vt 0.404020 0.990687
vt 0.421164 0.994297
vt 0.422597 0.995156
vt 0.264246 0.993144
vt 0.206520 0.530815
vt 0.206616 0.526147
vt 0.169156 0.545950
vt 0.155525 0.549394
vt 0.545183 0.537928
vt 0.522245 0.542433
vt 0.853345 0.928305
vt 0.845399 0.928277
vt 0.293631 0.338194
vt 0.070108 0.449998
vt 0.064877 0.437225
vt 0.063695 0.436839
vt 0.064288 0.436189
vt 0.205546 0.949678
vt 0.205356 0.949949
vt 0.204907 0.949905
vt 0.420758 0.995142
vt 0.419738 0.995797
vt 0.418834 0.994437
vt 0.419965 0.992080
vt 0.420150 0.988813
vt 0.422202 0.989437
vt 0.420985 0.990091
vt 0.425257 0.988418
vt 0.423301 0.988317
vt 0.200954 0.945046
vt 0.683797 0.666076
vt 0.903545 0.214058
vt 0.891632 0.218067
vt 0.920429 0.185982
vt 0.069475 0.450348
vt 0.206950 0.949185
vt 0.202953 0.948700
vt 0.062367 0.436973
vt 0.418244 0.993689
vt 0.203234 0.949390
vt 0.419060 0.991819
vt 0.419750 0.989998
vt 0.419499 0.987838
vt 0.419157 0.987894
vt 0.419885 0.989363
vt 0.199991 0.948735
vt 0.060433 0.433134
vt 0.061558 0.432569
vt 0.061117 0.434072
vt 0.972083 0.804657
vt 0.962054 0.782142
vt 0.975059 0.776662
vt 0.954240 0.793254
vt 0.226798 0.529246
vt 0.216016 0.536330
vt 0.725827 0.636542
vt 0.110524 0.564183
vt 0.464496 0.532812
vt 0.830253 0.684245
vt 0.831986 0.697969
vt 0.834369 0.708059
vt 0.153372 0.989911
vt 0.150483 0.990033
vt 0.149172 0.989851
vt 0.320251 0.352731
vt 0.259789 0.321590
vt 0.201653 0.948413
vt 0.197357 0.530056
vt 0.189709 0.535296
vt 0.103550 0.574174
vt 0.841196 0.679697
vt 0.834871 0.722729
vt 0.839023 0.739088
vt 0.499818 0.593336
vt 0.333078 0.368191
vt 0.175273 0.930618
vt 0.530171 0.552035
vt 0.837741 0.722615
vt 0.840545 0.747104
vt 0.843741 0.771048
vt 0.498086 0.036723
vt 0.503583 0.046845
vt 0.144477 0.985576
vt 0.304603 0.350679
vt 0.065566 0.453143
vt 0.065643 0.453989
vt 0.061590 0.435549
vt 0.052340 0.435568
vt 0.304732 0.693781
vt 0.302398 0.694752
vt 0.299592 0.689893
vt 0.477238 0.543124
vt 0.836162 0.696914
vt 0.844431 0.766858
vt 0.507805 0.071321
vt 0.888736 0.220105
vt 0.887681 0.214656
vt 0.248171 0.316117
vt 0.946552 0.794051
vt 0.158522 0.552427
vt 0.223548 0.535402
vt 0.847123 0.739551
vt 0.050404 0.441254
vt 0.083759 0.586448
vt 0.839970 0.705723
vt 0.847798 0.764072
vt 0.506480 0.034002
vt 0.512157 0.040226
vt 0.511983 0.044521
vt 0.511895 0.054715
vt 0.148879 0.980635
vt 0.141220 0.986042
vt 0.143305 0.978292
vt 0.492370 0.629363
vt 0.854698 0.904216
vt 0.853356 0.914915
vt 0.427161 0.946696
vt 0.209498 0.936023
vt 0.210479 0.941781
vt 0.207609 0.943052
vt 0.225232 0.535507
vt 0.744798 0.607214
vt 0.755936 0.616962
vt 0.174510 0.552155
vt 0.612182 0.667311
vt 0.515465 0.553053
vt 0.584337 0.678859
vt 0.837563 0.655188
vt 0.232372 0.947216
vt 0.233059 0.959384
vt 0.231607 0.973726
vt 0.849890 0.704555
vt 0.847410 0.729595
vt 0.269270 0.334435
vt 0.425830 0.936781
vt 0.308941 0.717413
vt 0.300634 0.721775
vt 0.287739 0.719833
vt 0.277083 0.706671
vt 0.308348 0.702834
vt 0.238192 0.952017
vt 0.237588 0.960332
vt 0.851565 0.773999
vt 0.883657 0.205694
vt 0.883609 0.212426
vt 0.881603 0.209614
vt 0.253408 0.322570
vt 0.967861 0.773271
vt 0.053285 0.449450
vt 0.286122 0.694346
vt 0.237078 0.943753
vt 0.849525 0.711332
vt 0.233948 0.926114
vt 0.237669 0.928157
vt 0.915215 0.180908
vt 0.165874 0.933706
vt 0.200989 0.545866
vt 0.840203 0.678100
vt 0.238750 0.971311
vt 0.236691 0.974514
vt 0.885590 0.209471
vt 0.138349 0.970081
vt 0.144376 0.965139
vt 0.364090 0.384188
vt 0.345432 0.387936
vt 0.253013 0.333739
vt 0.194061 0.552536
vt 0.851873 0.747926
vt 0.884112 0.201609
vt 0.897447 0.187341
vt 0.418776 0.966970
vt 0.335808 0.379210
vt 0.289049 0.728705
vt 0.212650 0.540252
vt 0.158589 0.561086
vt 0.143120 0.568858
vt 0.847917 0.682395
vt 0.240366 0.950235
vt 0.237615 0.920886
vt 0.235397 0.916333
vt 0.232286 0.910983
vt 0.235304 0.908335
vt 0.489546 0.640981
vt 0.893121 0.197254
vt 0.141226 0.952596
vt 0.895930 0.182252
vt 0.850453 0.897768
vt 0.847223 0.896591
vt 0.864276 0.901652
vt 0.039973 0.447389
vt 0.283091 0.686332
vt 0.299931 0.683908
vt 0.158216 0.565628
vt 0.604657 0.657432
vt 0.239362 0.975069
vt 0.237910 0.914958
vt 0.236959 0.904286
vt 0.016592 0.422290
vt 0.016306 0.420371
vt 0.018096 0.422925
vt 0.146088 0.949545
vt 0.864147 0.925736
vt 0.282713 0.353837
vt 0.043124 0.453149
vt 0.128557 0.575019
vt 0.572888 0.645488
vt 0.550232 0.634096
vt 0.545369 0.614095
vt 0.218842 0.958243
vt 0.244274 0.942063
vt 0.013731 0.423317
vt 0.495064 0.613568
vt 0.864273 0.907459
vt 0.334022 0.408815
vt 0.320222 0.382647
vt 0.263262 0.342743
vt 0.288659 0.677455
vt 0.717463 0.616841
vt 0.163563 0.562256
vt 0.244393 0.955501
vt 0.017471 0.426343
vt 0.509631 0.990580
vt 0.508466 0.992365
vt 0.506077 0.991996
vt 0.129995 0.826782
vt 0.131272 0.845518
vt 0.133350 0.837432
vt 0.125649 0.821398
vt 0.128387 0.821816
vt 0.908181 0.176370
vt 0.366291 0.386842
vt 0.363763 0.397509
vt 0.221810 0.966163
vt 0.225963 0.929156
vt 0.240513 0.912244
vt 0.500717 0.990429
vt 0.504934 0.987635
vt 0.128000 0.843989
vt 0.918959 0.180125
vt 0.853901 0.896085
vt 0.154928 0.071867
vt 0.147580 0.060875
vt 0.162878 0.062610
vt 0.296251 0.365520
vt 0.280006 0.721524
vt 0.276224 0.695686
vt 0.175580 0.563010
vt 0.107817 0.588687
vt 0.241314 0.917576
vt 0.507177 0.988362
vt 0.116086 0.807301
vt 0.121342 0.811573
vt 0.352351 0.402228
vt 0.953850 0.773182
vt 0.181972 0.913074
vt 0.212851 0.921695
vt 0.564711 0.603825
vt 0.952747 0.042762
vt 0.950583 0.024701
vt 0.954110 0.022705
vt 0.286864 0.988162
vt 0.281099 0.996460
vt 0.275621 0.996438
vt 0.277227 0.993214
vt 0.279044 0.991379
vt 0.508328 0.988074
vt 0.275933 0.992734
vt 0.274000 0.996199
vt 0.275364 0.993190
vt 0.298407 0.952528
vt 0.303620 0.957489
vt 0.295299 0.961567
vt 0.859426 0.896822
vt 0.852587 0.894837
vt 0.865117 0.899115
vt 0.509072 0.583738
vt 0.837490 0.560945
vt 0.825983 0.548123
vt 0.847753 0.548902
vt 0.442531 0.934752
vt 0.434352 0.924744
vt 0.738796 0.592029
vt 0.748060 0.595654
vt 0.268959 0.665735
vt 0.284106 0.654585
vt 0.693979 0.633978
vt 0.849962 0.685103
vt 0.851366 0.694327
vt 0.853062 0.723299
vt 0.010791 0.427860
vt 0.274316 0.968144
vt 0.275603 0.965380
vt 0.274119 0.970226
vt 0.018946 0.431912
vt 0.505876 0.987300
vt 0.509423 0.987270
vt 0.509106 0.987389
vt 0.127693 0.994801
vt 0.105618 0.972031
vt 0.115558 0.970528
vt 0.893135 0.132961
vt 0.903575 0.137722
vt 0.890282 0.146025
vt 0.106244 0.798251
vt 0.848634 0.563423
vt 0.853157 0.554557
vt 0.436761 0.912512
vt 0.449646 0.907688
vt 0.171974 0.917366
vt 0.275801 0.684608
vt 0.168887 0.571395
vt 0.675694 0.647831
vt 0.652502 0.656425
vt 0.544527 0.605605
vt 0.250837 0.969599
vt 0.272116 0.967537
vt 0.272502 0.969022
vt 0.288875 0.990648
vt 0.281153 0.965432
vt 0.282818 0.965442
vt 0.281790 0.966227
vt 0.964659 0.633180
vt 0.964149 0.623107
vt 0.974515 0.625202
vt 0.307351 0.953591
vt 0.311378 0.946619
vt 0.132445 0.850046
vt 0.122575 0.954270
vt 0.897137 0.173915
vt 0.925246 0.173742
vt 0.872001 0.910857
vt 0.434689 0.954433
vt 0.447270 0.955229
vt 0.259650 0.351895
vt 0.252431 0.342785
vt 0.036971 0.445444
vt 0.039271 0.442598
vt 0.854101 0.730708
vt 0.853685 0.731977
vt 0.048676 0.597270
vt 0.027351 0.584292
vt 0.044008 0.585821
vt 0.064124 0.583021
vt 0.061184 0.588697
vt 0.054957 0.592405
vt 0.016574 0.431903
vt 0.277157 0.988518
vt 0.278124 0.990268
vt 0.275618 0.960150
vt 0.288320 0.963999
vt 0.284341 0.964240
vt 0.269173 0.354380
vt 0.271295 0.722308
vt 0.099395 0.606762
vt 0.320451 0.063647
vt 0.313801 0.022374
vt 0.329360 0.030235
vt 0.007125 0.430257
vt 0.006233 0.439577
vt 0.002444 0.435763
vt 0.005329 0.429138
vt 0.008090 0.441028
vt 0.272430 0.963811
vt 0.978288 0.624793
vt 0.989693 0.625911
vt 0.977968 0.636087
vt 0.112265 0.801147
vt 0.920896 0.166011
vt 0.880394 0.931505
vt 0.283660 0.365700
vt 0.269308 0.706321
vt 0.269476 0.694118
vt 0.026583 0.595676
vt 0.956029 0.626233
vt 0.947696 0.632398
vt 0.985644 0.674106
vt 0.993345 0.660470
vt 0.994712 0.679919
vt 0.142274 0.843599
vt 0.871709 0.933114
vt 0.308060 0.401651
vt 0.318427 0.410534
vt 0.775145 0.606264
vt 0.790426 0.605398
vt 0.772874 0.609148
vt 0.646394 0.637070
vt 0.849533 0.679568
vt 0.849600 0.682752
vt 0.331543 0.075149
vt 0.325283 0.078015
vt 0.323889 0.069287
vt 0.935532 0.682610
vt 0.936548 0.672825
vt 0.945190 0.679538
vt 0.020847 0.438924
vt 0.958655 0.639426
vt 0.883352 0.140813
vt 0.794795 0.599243
vt 0.932411 0.774486
vt 0.931359 0.777679
vt 0.191549 0.896991
vt 0.237720 0.623768
vt 0.251662 0.615206
vt 0.261583 0.622539
vt 0.149666 0.578678
vt 0.136295 0.588988
vt 0.853511 0.686098
vt 0.973038 0.873475
vt 0.967867 0.864942
vt 0.993720 0.872534
vt 0.990542 0.637931
vt 0.450334 0.930638
vt 0.455133 0.914911
vt 0.451153 0.922172
vt 0.283427 0.372406
vt 0.209629 0.903697
vt 0.273256 0.728486
vt 0.260643 0.720687
vt 0.732851 0.582694
vt 0.747315 0.585778
vt 0.267549 0.645193
vt 0.850043 0.680379
vt 0.057178 0.497171
vt 0.043398 0.501797
vt 0.042308 0.496875
vt 0.981491 0.676769
vt 0.965357 0.679887
vt 0.966680 0.663844
vt 0.915433 0.144677
vt 0.869307 0.889275
vt 0.924087 0.167528
vt 0.885741 0.918279
vt 0.297046 0.396989
vt 0.267948 0.363451
vt 0.178648 0.901722
vt 0.266689 0.688490
vt 0.935856 0.043192
vt 0.938474 0.044996
vt 0.933665 0.043832
vt 0.932842 0.041599
vt 0.016501 0.441172
vt 0.483497 0.657579
vt 0.835337 0.575290
vt 0.822068 0.523740
vt 0.825583 0.535023
vt 0.814432 0.532933
vt 0.256192 0.703721
vt 0.668541 0.633187
vt 0.116128 0.604015
vt 0.850248 0.677335
vt 0.630046 0.991961
vt 0.627793 0.988994
vt 0.629764 0.990522
vt 0.629705 0.987598
vt 0.047768 0.599661
vt 0.054320 0.597668
vt 0.944341 0.047805
vt 0.948490 0.043004
vt 0.057774 0.596183
vt 0.269330 0.954405
vt 0.946961 0.662587
vt 0.289823 0.937989
vt 0.878692 0.908029
vt 0.809609 0.595395
vt 0.694693 0.616403
vt 0.162286 0.578364
vt 0.633050 0.991953
vt 0.632196 0.989372
vt 0.439383 0.697783
vt 0.961967 0.057905
vt 0.941432 0.050001
vt 0.942279 0.034433
vt 0.266786 0.959002
vt 0.471490 0.673230
vt 0.101401 0.845760
vt 0.900217 0.155291
vt 0.918016 0.145889
vt 0.917689 0.148681
vt 0.515711 0.573099
vt 0.895055 0.927598
vt 0.888840 0.931434
vt 0.816692 0.574325
vt 0.810470 0.606654
vt 0.604495 0.618760
vt 0.953936 0.059726
vt 0.959310 0.050388
vt 0.049936 0.598556
vt 0.936151 0.046374
vt 0.947604 0.640222
vt 0.982268 0.651730
vt 0.913892 0.158138
vt 0.875733 0.885167
vt 0.463344 0.919969
vt 0.448305 0.941437
vt 0.794045 0.566108
vt 0.785842 0.570016
vt 0.811461 0.528726
vt 0.553960 0.052977
vt 0.522158 0.058472
vt 0.523549 0.050139
vt 0.309594 0.042176
vt 0.957785 0.067929
vt 0.961289 0.082585
vt 0.961750 0.059539
vt 0.959828 0.060351
vt 0.962901 0.058960
vt 0.962501 0.059146
vt 0.962824 0.058970
vt 0.012189 0.498059
vt 0.012941 0.497586
vt 0.012658 0.498141
vt 0.958302 0.061078
vt 0.958675 0.061797
vt 0.957028 0.062747
vt 0.041949 0.483889
vt 0.056142 0.483776
vt 0.943061 0.056138
vt 0.938838 0.053356
vt 0.937563 0.052122
vt 0.892046 0.899841
vt 0.448079 0.946946
vt 0.813483 0.617971
vt 0.783246 0.611273
vt 0.287414 0.387624
vt 0.255890 0.727670
vt 0.248804 0.713950
vt 0.250120 0.665119
vt 0.136108 0.599065
vt 0.053822 0.556582
vt 0.044732 0.553199
vt 0.056925 0.554739
vt 0.055821 0.538076
vt 0.042297 0.535898
vt 0.054711 0.525817
vt 0.989506 0.858356
vt 0.013290 0.507581
vt 0.010921 0.504917
vt 0.009963 0.498058
vt 0.012556 0.498831
vt 0.966269 0.057098
vt 0.974251 0.471134
vt 0.975368 0.470794
vt 0.973483 0.474643
vt 0.974260 0.470445
vt 0.974743 0.470059
vt 0.974793 0.470117
vt 0.014297 0.497690
vt 0.973977 0.467234
vt 0.974672 0.469336
vt 0.973626 0.470482
vt 0.974580 0.469484
vt 0.013709 0.496341
vt 0.013828 0.497097
vt 0.015169 0.493608
vt 0.015345 0.490336
vt 0.014919 0.490189
vt 0.006631 0.297339
vt 0.006932 0.293871
vt 0.007061 0.295543
vt 0.016593 0.486489
vt 0.110296 0.956653
vt 0.784129 0.626275
vt 0.772110 0.619224
vt 0.241765 0.722564
vt 0.166126 0.723740
vt 0.154171 0.728158
vt 0.143646 0.722997
vt 0.162450 0.704281
vt 0.247489 0.693755
vt 0.252852 0.648354
vt 0.317005 0.060537
vt 0.614848 0.033887
vt 0.618121 0.031934
vt 0.631031 0.027640
vt 0.972967 0.467436
vt 0.007382 0.293774
vt 0.008026 0.293814
vt 0.007439 0.295301
vt 0.006859 0.294337
vt 0.006932 0.294145
vt 0.016434 0.490978
vt 0.007360 0.296609
vt 0.007161 0.295543
vt 0.017195 0.487257
vt 0.016573 0.489792
vt 0.947471 0.060755
vt 0.020041 0.475056
vt 0.019127 0.466712
vt 0.021049 0.467715
vt 0.965618 0.643692
vt 0.984360 0.649948
vt 0.105443 0.959443
vt 0.918486 0.160317
vt 0.920809 0.160567
vt 0.821322 0.395062
vt 0.826120 0.397957
vt 0.822769 0.403521
vt 0.806260 0.530295
vt 0.793213 0.545655
vt 0.785158 0.552460
vt 0.694710 0.587370
vt 0.239541 0.614836
vt 0.245516 0.602189
vt 0.233473 0.608279
vt 0.236849 0.592025
vt 0.974727 0.508863
vt 0.975115 0.513485
vt 0.971436 0.498729
vt 0.631956 0.027096
vt 0.021378 0.512482
vt 0.950961 0.070056
vt 0.972261 0.467419
vt 0.971554 0.467845
vt 0.008424 0.294093
vt 0.008562 0.295677
vt 0.017420 0.490686
vt 0.017114 0.492876
vt 0.018144 0.493013
vt 0.007160 0.298302
vt 0.017903 0.488739
vt 0.007048 0.298245
vt 0.017894 0.486835
vt 0.007144 0.298642
vt 0.007380 0.299293
vt 0.006353 0.304823
vt 0.006148 0.299944
vt 0.019419 0.484530
vt 0.004319 0.310510
vt 0.004154 0.312164
vt 0.003524 0.310961
vt 0.004053 0.311753
vt 0.020266 0.475426
vt 0.266728 0.957775
vt 0.301743 0.913729
vt 0.149830 0.847224
vt 0.150844 0.841607
vt 0.888033 0.157361
vt 0.820003 0.396986
vt 0.514918 0.570662
vt 0.517325 0.569187
vt 0.803935 0.623179
vt 0.299078 0.405912
vt 0.307865 0.415879
vt 0.176327 0.713209
vt 0.182455 0.724308
vt 0.590313 0.590762
vt 0.620063 0.616761
vt 0.056835 0.551906
vt 0.974002 0.504955
vt 0.968797 0.355126
vt 0.976549 0.357118
vt 0.975423 0.359342
vt 0.635256 0.028005
vt 0.977566 0.473378
vt 0.976058 0.482891
vt 0.017262 0.493023
vt 0.019122 0.487965
vt 0.018286 0.487803
vt 0.462447 0.689882
vt 0.020086 0.476928
vt 0.114470 0.953057
vt 0.891312 0.152691
vt 0.915805 0.151783
vt 0.918878 0.148414
vt 0.918818 0.148218
vt 0.820109 0.401318
vt 0.869353 0.886393
vt 0.866716 0.890188
vt 0.868156 0.886937
vt 0.461421 0.945425
vt 0.476048 0.900640
vt 0.184636 0.708764
vt 0.658897 0.628908
vt 0.524024 0.087624
vt 0.311563 0.054248
vt 0.039599 0.517911
vt 0.055270 0.516806
vt 0.978230 0.474084
vt 0.950599 0.087142
vt 0.950585 0.081619
vt 0.961101 0.091680
vt 0.968750 0.468905
vt 0.026165 0.606094
vt 0.031758 0.609445
vt 0.030938 0.609050
vt 0.988170 0.645926
vt 0.891823 0.154727
vt 0.840856 0.616806
vt 0.450240 0.945233
vt 0.451905 0.948062
vt 0.451162 0.952561
vt 0.226441 0.709241
vt 0.233683 0.727312
vt 0.140234 0.704638
vt 0.700513 0.581798
vt 0.975388 0.523957
vt 0.985944 0.857591
vt 0.971755 0.488978
vt 0.970792 0.484670
vt 0.962992 0.089908
vt 0.017417 0.517212
vt 0.025476 0.472515
vt 0.953020 0.648696
vt 0.100808 0.967337
vt 0.882837 0.148274
vt 0.879037 0.144165
vt 0.885001 0.151764
vt 0.600025 0.990157
vt 0.596742 0.994065
vt 0.600011 0.988923
vt 0.819612 0.405515
vt 0.826500 0.409592
vt 0.832493 0.401930
vt 0.481034 0.917633
vt 0.449218 0.959325
vt 0.213513 0.719501
vt 0.205236 0.727350
vt 0.197336 0.704924
vt 0.139871 0.701927
vt 0.169148 0.698800
vt 0.681538 0.611912
vt 0.193138 0.613916
vt 0.217974 0.576220
vt 0.654620 0.617626
vt 0.637662 0.615260
vt 0.968810 0.465757
vt 0.963692 0.467252
vt 0.024137 0.510834
vt 0.023567 0.465773
vt 0.021810 0.465884
vt 0.992721 0.647907
vt 0.100557 0.965388
vt 0.102946 0.958895
vt 0.888686 0.152388
vt 0.813057 0.397040
vt 0.813348 0.400995
vt 0.810963 0.398422
vt 0.871054 0.883932
vt 0.455265 0.947418
vt 0.456555 0.944578
vt 0.158431 0.664846
vt 0.156315 0.662615
vt 0.159697 0.664176
vt 0.157447 0.656814
vt 0.153580 0.651784
vt 0.615543 0.599341
vt 0.977706 0.362432
vt 0.979166 0.361669
vt 0.000481 0.318519
vt 0.018814 0.321613
vt 0.962558 0.652515
vt 0.992997 0.645317
vt 0.097761 0.970444
vt 0.878878 0.146962
vt 0.881830 0.149716
vt 0.885807 0.877064
vt 0.845092 0.633055
vt 0.174423 0.694263
vt 0.226063 0.678700
vt 0.140674 0.699268
vt 0.154014 0.663109
vt 0.213691 0.628464
vt 0.908526 0.803345
vt 0.897683 0.832380
vt 0.902885 0.775136
vt 0.977126 0.354973
vt 0.979436 0.354643
vt 0.637110 0.028621
vt 0.620496 0.034416
vt 0.941844 0.657181
vt 0.271814 0.935977
vt 0.816140 0.398497
vt 0.815327 0.397375
vt 0.837499 0.412851
vt 0.475815 0.935113
vt 0.483151 0.910161
vt 0.193814 0.726906
vt 0.148247 0.658681
vt 0.681791 0.594948
vt 0.635940 0.026564
vt 0.641134 0.026833
vt 0.980787 0.361729
vt 0.980316 0.361972
vt 0.980280 0.360875
vt 0.989858 0.856213
vt 0.019677 0.517506
vt 0.019452 0.516818
vt 0.031412 0.484686
vt 0.027453 0.485936
vt 0.965877 0.650294
vt 0.815079 0.404091
vt 0.078381 0.784513
vt 0.099122 0.792827
vt 0.592826 0.991447
vt 0.816890 0.411058
vt 0.873645 0.880274
vt 0.886039 0.011517
vt 0.921214 0.017911
vt 0.912770 0.015355
vt 0.483824 0.914329
vt 0.906695 0.017286
vt 0.454490 0.956278
vt 0.457110 0.952105
vt 0.232450 0.651960
vt 0.186398 0.595069
vt 0.656052 0.036076
vt 0.641276 0.027831
vt 0.660649 0.024062
vt 0.983009 0.364132
vt 0.980778 0.361719
vt 0.638420 0.028661
vt 0.639659 0.028518
vt 0.988078 0.856312
vt 0.030725 0.495164
vt 0.947623 0.651677
vt 0.953255 0.652561
vt 0.823270 0.419406
vt 0.911313 0.006462
vt 0.166222 0.694506
vt 0.154648 0.694988
vt 0.163282 0.667117
vt 0.164320 0.665257
vt 0.700775 0.576745
vt 0.690587 0.587760
vt 0.161644 0.651845
vt 0.674321 0.596975
vt 0.965348 0.522549
vt 0.671916 0.028884
vt 0.982610 0.348094
vt 0.986480 0.353222
vt 0.937582 0.494970
vt 0.027345 0.473448
vt 0.139996 0.079815
vt 0.090036 0.780998
vt 0.077257 0.770580
vt 0.081571 0.768219
vt 0.087868 0.773694
vt 0.924637 0.020315
vt 0.189563 0.692470
vt 0.139260 0.686669
vt 0.155328 0.647573
vt 0.665210 0.597210
vt 0.032523 0.553914
vt 0.986066 0.362650
vt 0.027278 0.519501
vt 0.030471 0.483313
vt 0.815730 0.409529
vt 0.814232 0.406611
vt 0.879205 0.875227
vt 0.471858 0.938080
vt 0.202890 0.686748
vt 0.665604 0.557240
vt 0.658300 0.562016
vt 0.659674 0.557564
vt 0.068351 0.761163
vt 0.837359 0.421663
vt 0.092010 0.767470
vt 0.082657 0.758015
vt 0.068005 0.753051
vt 0.893316 0.021201
vt 0.879230 0.021893
vt 0.166022 0.690751
vt 0.174996 0.681825
vt 0.155441 0.643807
vt 0.677207 0.589240
vt 0.179197 0.630205
vt 0.166118 0.621445
vt 0.652797 0.590873
vt 0.642265 0.584892
vt 0.627679 0.582320
vt 0.032643 0.552549
vt 0.031609 0.519534
vt 0.147684 0.048646
vt 0.128475 0.052656
vt 0.888988 0.871263
vt 0.902763 0.889991
vt 0.053929 0.745015
vt 0.086114 0.756772
vt 0.057545 0.745962
vt 0.053395 0.743403
vt 0.051556 0.742110
vt 0.173358 0.671322
vt 0.174444 0.659285
vt 0.698043 0.571171
vt 0.688685 0.580747
vt 0.155388 0.670544
vt 0.146309 0.667914
vt 0.668114 0.561280
vt 0.208678 0.645162
vt 0.163659 0.633536
vt 0.032294 0.534364
vt 0.876618 0.876591
vt 0.059450 0.759349
vt 0.090178 0.758223
vt 0.087536 0.755999
vt 0.165396 0.686500
vt 0.158070 0.640577
vt 0.670803 0.590053
vt 0.648269 0.581577
vt 0.989441 0.362023
vt 0.989989 0.355352
vt 0.045745 0.808639
vt 0.828521 0.431928
vt 0.143239 0.685700
vt 0.656729 0.566563
vt 0.663842 0.592558
vt 0.650484 0.019141
vt 0.028778 0.304973
vt 0.047402 0.748226
vt 0.129140 0.144061
vt 0.126465 0.139503
vt 0.129933 0.135146
vt 0.154045 0.687417
vt 0.676788 0.559786
vt 0.681108 0.584038
vt 0.655858 0.578105
vt 0.652362 0.575206
vt 0.655476 0.583625
vt 0.663121 0.569923
vt 0.672547 0.576122
vt 0.667376 0.579724
vt 0.660345 0.580410
vt 0.656878 0.590227
vt 0.031094 0.532024
vt 0.817870 0.432495
vt 0.973497 0.113142
vt 0.986421 0.104966
vt 0.990247 0.106645
vt 0.142913 0.105214
vt 0.137312 0.108080
vt 0.137653 0.098326
vt 0.688104 0.577096
vt 0.656071 0.587291
vt 0.651387 0.012851
vt 0.063336 0.783954
vt 0.840770 0.430626
vt 0.981004 0.118309
vt 0.991334 0.108429
vt 0.148746 0.674118
vt 0.137631 0.680328
vt 0.143500 0.672007
vt 0.673953 0.565584
vt 0.683294 0.566161
vt 0.674018 0.586010
vt 0.663951 0.586270
vt 0.031737 0.548052
vt 0.660379 0.021192
vt 0.133692 0.036869
vt 0.972008 0.104543
vt 0.964375 0.105054
vt 0.687315 0.573382
vt 0.694856 0.567414
vt 0.139968 0.674474
vt 0.143162 0.668886
vt 0.671245 0.582490
vt 0.665050 0.589354
vt 0.842443 0.043002
vt 0.839354 0.073970
vt 0.752367 0.057975
vt 0.840434 0.149071
vt 0.821834 0.095061
vt 0.836892 0.119008
vt 0.816342 0.423841
vt 0.123542 0.083234
vt 0.846070 0.427284
vt 0.831109 0.438573
vt 0.970977 0.124606
vt 0.810661 0.640084
vt 0.992681 0.116079
vt 0.978868 0.122301
vt 0.337771 0.971797
vt 0.347791 0.971845
vt 0.337473 0.976378
vt 0.976675 0.133849
vt 0.994586 0.126784
vt 0.476254 0.949530
vt 0.891225 0.869472
vt 0.837322 0.640826
vt 0.817811 0.436845
vt 0.817136 0.432366
vt 0.127539 0.127151
vt 0.819133 0.437842
vt 0.045788 0.760384
vt 0.904268 0.885317
vt 0.901888 0.877121
vt 0.760714 0.093534
vt 0.279517 0.899494
vt 0.817694 0.446667
vt 0.821192 0.443859
vt 0.977933 0.145903
vt 0.993652 0.139383
vt 0.471535 0.964332
vt 0.827009 0.452789
vt 0.825067 0.486824
vt 0.809698 0.487104
vt 0.813478 0.472439
vt 0.822990 0.443292
vt 0.801800 0.112074
vt 0.974128 0.140365
vt 0.908184 0.884942
vt 0.907611 0.879413
vt 0.493356 0.688677
vt 0.044165 0.779167
vt 0.346108 0.961971
vt 0.045658 0.830467
vt 0.964795 0.134126
vt 0.335542 0.957497
vt 0.123943 0.115783
vt 0.128827 0.122454
vt 0.826327 0.448521
vt 0.110106 0.062730
vt 0.961124 0.136731
vt 0.830589 0.451943
vt 0.824151 0.448725
vt 0.968973 0.132023
vt 0.112736 0.090992
vt 0.923597 0.473185
vt 0.930214 0.460974
vt 0.926232 0.486687
vt 0.952192 0.129363
vt 0.346928 0.954424
vt 0.964988 0.141250
vt 0.476693 0.696918
vt 0.841919 0.467148
vt 0.814020 0.137081
vt 0.064979 0.977089
vt 0.076149 0.972653
vt 0.074864 0.998179
vt 0.344570 0.944911
vt 0.346267 0.920740
vt 0.966165 0.141435
vt 0.836512 0.497088
vt 0.829757 0.494224
vt 0.503807 0.688645
vt 0.119758 0.020133
vt 0.131161 0.027454
vt 0.118400 0.019567
vt 0.058609 0.996923
vt 0.962420 0.138735
vt 0.847596 0.474307
vt 0.096735 0.996545
vt 0.856577 0.480255
vt 0.860007 0.471241
vt 0.787962 0.119068
vt 0.100301 0.092410
vt 0.098778 0.033081
vt 0.839392 0.500220
vt 0.837238 0.497735
vt 0.086834 0.118803
vt 0.109970 0.146007
vt 0.329942 0.917301
vt 0.346754 0.909618
vt 0.333340 0.919487
vt 0.084965 0.998834
vt 0.504084 0.678556
vt 0.513783 0.688131
vt 0.193903 0.743975
vt 0.219493 0.740061
vt 0.216047 0.751165
vt 0.822976 0.336349
vt 0.827014 0.314443
vt 0.846663 0.325951
vt 0.488766 0.697287
vt 0.329885 0.930144
vt 0.349090 0.916840
vt 0.833666 0.159412
vt 0.199243 0.749725
vt 0.179973 0.745175
vt 0.156734 0.742510
vt 0.158786 0.750614
vt 0.155808 0.746332
vt 0.892918 0.455948
vt 0.887763 0.463432
vt 0.889950 0.455084
vt 0.897600 0.492690
vt 0.893870 0.459067
vt 0.793486 0.924584
vt 0.795144 0.921139
vt 0.793380 0.925947
vt 0.796842 0.921105
vt 0.797158 0.919437
vt 0.449095 0.989921
vt 0.443432 0.989217
vt 0.450164 0.988013
vt 0.440617 0.990499
vt 0.744071 0.955549
vt 0.747092 0.951521
vt 0.748887 0.951616
vt 0.097323 0.044963
vt 0.779259 0.943236
vt 0.770578 0.944121
vt 0.771716 0.943421
vt 0.768184 0.946722
vt 0.801266 0.911336
vt 0.813217 0.907303
vt 0.050513 0.850712
vt 0.765397 0.120338
vt 0.791542 0.936824
vt 0.807797 0.904723
vt 0.163943 0.757697
vt 0.786970 0.941995
vt 0.789670 0.936205
vt 0.096459 0.103991
vt 0.155799 0.751998
vt 0.790614 0.952042
vt 0.498549 0.695175
vt 0.034490 0.795745
vt 0.035562 0.791574
vt 0.105050 0.075177
vt 0.792525 0.948728
vt 0.035411 0.822886
vt 0.739087 0.075313
vt 0.907095 0.457374
vt 0.901262 0.457330
vt 0.805699 0.927014
vt 0.802143 0.143761
vt 0.905746 0.472285
vt 0.829897 0.347221
vt 0.901407 0.494967
vt 0.907439 0.498308
vt 0.898912 0.499339
vt 0.097443 0.149025
vt 0.159354 0.770068
vt 0.803076 0.940432
vt 0.751652 0.962951
vt 0.912394 0.457768
vt 0.813801 0.911928
vt 0.814077 0.908494
vt 0.200310 0.774836
vt 0.811884 0.975298
vt 0.823547 0.161137
vt 0.820186 0.159489
vt 0.905429 0.501393
vt 0.903597 0.499999
vt 0.911165 0.501299
vt 0.504891 0.694987
vt 0.904769 0.488263
vt 0.033275 0.808652
vt 0.285491 0.871345
vt 0.282252 0.861724
vt 0.293094 0.871219
vt 0.814192 0.150988
vt 0.857078 0.339001
vt 0.871132 0.316292
vt 0.090064 0.066029
vt 0.809606 0.953073
vt 0.841772 0.359105
vt 0.815546 0.977285
vt 0.781696 0.120624
vt 0.157297 0.764439
vt 0.621402 0.887704
vt 0.648541 0.856938
vt 0.629892 0.896941
vt 0.515342 0.694298
vt 0.658247 0.876371
vt 0.614102 0.893813
vt 0.615694 0.868361
vt 0.617975 0.890050
vt 0.087335 0.028832
vt 0.089989 0.056225
vt 0.091805 0.077910
vt 0.816862 0.974951
vt 0.804909 0.972727
vt 0.808890 0.973604
vt 0.879023 0.330406
vt 0.920523 0.902434
vt 0.918534 0.942296
vt 0.915602 0.919105
vt 0.510329 0.697679
vt 0.069079 0.151391
vt 0.063172 0.121978
vt 0.562218 0.894491
vt 0.562156 0.897961
vt 0.561786 0.895143
vt 0.564489 0.899226
vt 0.568870 0.895898
vt 0.290139 0.836299
vt 0.293996 0.821973
vt 0.303918 0.829766
vt 0.284731 0.844909
vt 0.561110 0.890637
vt 0.577974 0.895012
vt 0.080949 0.032531
vt 0.298429 0.861367
vt 0.305074 0.870161
vt 0.313552 0.861169
vt 0.560936 0.892186
vt 0.843422 0.380476
vt 0.157040 0.794384
vt 0.083775 0.025124
vt 0.029003 0.845550
vt 0.027581 0.836976
vt 0.801010 0.180946
vt 0.771097 0.187144
vt 0.800659 0.170520
vt 0.205771 0.810381
vt 0.853316 0.390768
vt 0.080002 0.046917
vt 0.571925 0.871869
vt 0.086625 0.090596
vt 0.616397 0.861238
vt 0.952968 0.202503
vt 0.964969 0.185563
vt 0.955238 0.200051
vt 0.934049 0.196310
vt 0.937606 0.172849
vt 0.622928 0.855047
vt 0.321591 0.855505
vt 0.580804 0.860734
vt 0.603485 0.851474
vt 0.346029 0.857137
vt 0.189793 0.817473
vt 0.553290 0.876073
vt 0.553691 0.871947
vt 0.083008 0.081383
vt 0.070100 0.102246
vt 0.312935 0.830004
vt 0.613762 0.858115
vt 0.899798 0.317537
vt 0.895083 0.404521
vt 0.550437 0.870437
vt 0.747861 0.156772
vt 0.787062 0.157172
vt 0.075637 0.096683
vt 0.077364 0.059280
vt 0.067285 0.109748
vt 0.970011 0.175724
vt 0.617885 0.849629
vt 0.634789 0.852784
vt 0.060052 0.320354
vt 0.055656 0.301299
vt 0.074469 0.297703
vt 0.795702 0.218556
vt 0.761247 0.204704
vt 0.327795 0.853701
vt 0.970328 0.179502
vt 0.558386 0.869273
vt 0.563067 0.866863
vt 0.568065 0.869503
vt 0.573215 0.868994
vt 0.073378 0.068477
vt 0.747845 0.119184
vt 0.975370 0.174897
vt 0.972729 0.178087
vt 0.550923 0.866210
vt 0.563663 0.867175
vt 0.621180 0.848689
vt 0.546492 0.863132
vt 0.931032 0.932703
vt 0.931038 0.936397
vt 0.971499 0.171953
vt 0.551610 0.862209
vt 0.966900 0.167541
vt 0.156661 0.805715
vt 0.571526 0.864438
vt 0.602489 0.148308
vt 0.597388 0.122138
vt 0.615801 0.123638
vt 0.977058 0.174631
vt 0.554847 0.859294
vt 0.969131 0.169529
vt 0.575623 0.844092
vt 0.616493 0.847756
vt 0.324591 0.832694
vt 0.562566 0.849929
vt 0.100081 0.333782
vt 0.090975 0.310952
vt 0.099759 0.316748
vt 0.070549 0.083890
vt 0.960542 0.156409
vt 0.580722 0.846947
vt 0.109333 0.327594
vt 0.936831 0.149676
vt 0.878465 0.397495
vt 0.828144 0.803331
vt 0.826642 0.792821
vt 0.834823 0.799394
vt 0.933757 0.960811
vt 0.937216 0.962042
vt 0.936770 0.963192
vt 0.936630 0.963836
vt 0.799021 0.802322
vt 0.754332 0.216676
vt 0.781339 0.219016
vt 0.946943 0.958552
vt 0.942823 0.961581
vt 0.933829 0.962945
vt 0.938021 0.963099
vt 0.938516 0.963309
vt 0.935485 0.963358
vt 0.940489 0.963341
vt 0.756212 0.841850
vt 0.757033 0.843562
vt 0.756658 0.840661
vt 0.765538 0.837173
vt 0.757215 0.839825
vt 0.759890 0.831883
vt 0.935566 0.144808
vt 0.935183 0.144922
vt 0.118999 0.339889
vt 0.068017 0.056691
vt 0.931343 0.356258
vt 0.930925 0.333718
vt 0.941336 0.348966
vt 0.562579 0.847453
vt 0.554501 0.857528
vt 0.134554 0.353226
vt 0.126258 0.359463
vt 0.934680 0.143809
vt 0.934236 0.143738
vt 0.934403 0.143657
vt 0.066361 0.072309
vt 0.737614 0.118890
vt 0.917128 0.947371
vt 0.903020 0.950797
vt 0.902377 0.942298
vt 0.934120 0.964262
vt 0.822158 0.886557
vt 0.814965 0.888108
vt 0.804974 0.884555
vt 0.809205 0.817498
vt 0.787919 0.814599
vt 0.974532 0.029095
vt 0.974922 0.029711
vt 0.973806 0.029086
vt 0.974644 0.028489
vt 0.681429 0.990711
vt 0.681292 0.989323
vt 0.681984 0.990230
vt 0.974260 0.027824
vt 0.973758 0.027280
vt 0.682205 0.990178
vt 0.682910 0.990940
vt 0.681118 0.991161
vt 0.736651 0.188857
vt 0.885203 0.956731
vt 0.958695 0.152333
vt 0.827320 0.888314
vt 0.827279 0.882688
vt 0.829458 0.888881
vt 0.831536 0.886652
vt 0.761523 0.230405
vt 0.564002 0.845869
vt 0.100431 0.350499
vt 0.857198 0.818954
vt 0.840914 0.807748
vt 0.843754 0.801500
vt 0.074974 0.337520
vt 0.914627 0.955571
vt 0.910496 0.955179
vt 0.950183 0.334922
vt 0.916442 0.969200
vt 0.774881 0.856825
vt 0.127263 0.386692
vt 0.097110 0.357696
vt 0.566662 0.844349
vt 0.848163 0.825707
vt 0.063613 0.089782
vt 0.861314 0.872686
vt 0.853849 0.877390
vt 0.861438 0.863615
vt 0.588901 0.843686
vt 0.712213 0.149672
vt 0.731927 0.138337
vt 0.713221 0.111363
vt 0.715438 0.107146
vt 0.866125 0.858895
vt 0.865762 0.865778
vt 0.840675 0.883769
vt 0.717425 0.214292
vt 0.734548 0.196902
vt 0.711095 0.131184
vt 0.911755 0.969173
vt 0.840518 0.868518
vt 0.763466 0.866243
vt 0.781401 0.859888
vt 0.799742 0.849865
vt 0.849991 0.850909
vt 0.724297 0.199889
vt 0.062376 0.085043
vt 0.771471 0.883377
vt 0.803556 0.862794
vt 0.068258 0.352602
vt 0.643939 0.133097
vt 0.696710 0.134152
vt 0.832794 0.816539
vt 0.719288 0.188222
vt 0.724829 0.118558
vt 0.043676 0.342241
vt 0.655877 0.125636
vt 0.669736 0.129772
vt 0.836181 0.860465
vt 0.823653 0.856642
vt 0.839397 0.849161
vt 0.825331 0.819224
vt 0.747161 0.234644
vt 0.680453 0.127165
vt 0.682586 0.142211
vt 0.955402 0.345384
vt 0.116597 0.397455
vt 0.831687 0.843821
vt 0.698152 0.163417
vt 0.979660 0.336351
vt 0.970124 0.339077
vt 0.974677 0.332353
vt 0.225864 0.125108
vt 0.240374 0.128030
vt 0.218140 0.127089
vt 0.214755 0.118546
vt 0.823453 0.849130
vt 0.658319 0.157141
vt 0.820431 0.833622
vt 0.688762 0.165404
vt 0.244025 0.141658
vt 0.175579 0.138338
vt 0.828650 0.854230
vt 0.827435 0.829312
vt 0.828000 0.819626
vt 0.617476 0.163879
vt 0.714416 0.113712
vt 0.962978 0.334932
vt 0.956105 0.335323
vt 0.958847 0.335360
vt 0.246040 0.114736
vt 0.081919 0.382414
vt 0.041129 0.414328
vt 0.073309 0.422303
vt 0.054387 0.420851
vt 0.039784 0.410338
vt 0.055847 0.359777
vt 0.699831 0.185291
vt 0.017129 0.564812
vt 0.022850 0.564162
vt 0.017801 0.571399
vt 0.129485 0.412299
vt 0.079704 0.390157
vt 0.028536 0.407927
vt 0.329339 0.896972
vt 0.348030 0.897993
vt 0.254246 0.106931
vt 0.234977 0.101016
vt 0.681417 0.158658
vt 0.669210 0.168123
vt 0.192318 0.252575
vt 0.153853 0.267856
vt 0.158175 0.235539
vt 0.032834 0.377636
vt 0.087089 0.405212
vt 0.734772 0.240252
vt 0.723622 0.233800
vt 0.413782 0.763366
vt 0.422789 0.800506
vt 0.415122 0.792368
vt 0.676773 0.179321
vt 0.014287 0.557684
vt 0.425149 0.764083
vt 0.402519 0.777710
vt 0.685326 0.189906
vt 0.669716 0.182594
vt 0.400209 0.763131
vt 0.413869 0.812497
vt 0.034225 0.359786
vt 0.149643 0.119829
vt 0.698748 0.197048
vt 0.049255 0.379781
vt 0.054184 0.372370
vt 0.442006 0.796771
vt 0.633076 0.169751
vt 0.445860 0.761291
vt 0.443927 0.779030
vt 0.443094 0.753416
vt 0.007602 0.557100
vt 0.243797 0.154519
vt 0.248187 0.167139
vt 0.322585 0.781499
vt 0.343535 0.783229
vt 0.321989 0.802173
vt 0.404658 0.814988
vt 0.652471 0.173938
vt 0.454679 0.789276
vt 0.641942 0.171196
vt 0.389200 0.767585
vt 0.398247 0.750821
vt 0.155792 0.141949
vt 0.144144 0.129026
vt 0.029451 0.369654
vt 0.213004 0.158206
vt 0.180253 0.221582
vt 0.395719 0.813316
vt 0.391751 0.803972
vt 0.212721 0.239647
vt 0.385348 0.807421
vt 0.141732 0.225553
vt 0.377081 0.769098
vt 0.232906 0.193479
vt 0.249195 0.222378
vt 0.141538 0.146154
vt 0.152531 0.147145
vt 0.141310 0.139592
vt 0.355277 0.811438
vt 0.347341 0.802810
vt 0.377560 0.800444
vt 0.250854 0.175845
vt 0.217011 0.219882
vt 0.144200 0.206486
vt 0.144709 0.193234
vt 0.179417 0.171007
vt 0.154821 0.169647
vt 0.360618 0.814929
vt 0.196755 0.215691
vt 0.153320 0.187403
vt 0.223607 0.207703
vt 0.192393 0.200175
s 1
usemtl mat0
f 1433/1/1 1333/2/2 1158/3/3
f 1158/3/3 1333/2/2 1239/4/4
f 1333/5/2 1433/6/1 1409/7/5
f 1239/4/4 1135/8/6 907/9/7
f 1333/10/2 1135/11/6 1239/12/4
f 1333/10/2 1261/13/8 1135/11/6
f 1124/14/9 1135/11/6 1261/13/8
f 1409/7/5 1433/15/1 1567/16/10
f 1158/3/3 1239/4/4 1051/17/11
f 1409/18/5 1261/13/8 1333/10/2
f 1135/11/6 824/19/12 907/20/7
f 1051/17/11 1239/4/4 907/9/7
f 1261/13/8 1250/21/13 1124/14/9
f 1124/14/9 1004/22/14 1135/11/6
f 1135/11/6 1004/22/14 824/19/12
f 1261/13/8 1277/23/15 1250/21/13
f 1567/16/10 1433/15/1 1539/24/16
f 1567/16/10 1539/24/16 1409/7/5
f 1261/25/8 1409/7/5 1445/26/17
f 1445/27/17 1277/23/15 1261/13/8
f 1433/1/1 1158/3/3 1424/28/18
f 1277/23/15 1255/29/19 1250/21/13
f 1373/30/20 1321/31/21 1250/21/13
f 1216/32/22 1250/21/13 1321/31/21
f 1250/21/13 1216/32/22 1124/14/9
f 1277/23/15 1408/33/23 1308/34/24
f 800/35/25 1051/17/11 907/9/7
f 1279/36/26 1373/30/20 1250/21/13
f 1037/37/27 1124/38/9 1126/39/28
f 1539/24/16 1514/40/29 1409/7/5
f 1445/27/17 1408/33/23 1277/23/15
f 1277/23/15 1308/34/24 1255/29/19
f 1321/31/21 1373/30/20 1488/41/30
f 1126/39/28 1124/38/9 1216/42/22
f 1037/37/27 1004/43/14 1124/38/9
f 1051/17/11 1207/44/31 1158/3/3
f 1051/17/11 800/35/25 882/45/32
f 1308/34/24 1276/46/33 1255/29/19
f 1279/36/26 1250/21/13 1255/29/19
f 1488/41/30 1373/30/20 1362/47/34
f 1377/48/35 1321/31/21 1488/41/30
f 1377/48/35 1307/49/36 1321/31/21
f 1307/49/36 1216/32/22 1321/31/21
f 1514/40/29 1445/26/17 1409/7/5
f 907/20/7 824/50/12 800/51/25
f 1373/30/20 1279/36/26 1362/47/34
f 1267/52/37 1216/42/22 1307/53/36
f 1004/43/14 887/54/38 824/55/12
f 1158/3/3 1207/44/31 1424/28/18
f 1539/24/16 1433/15/1 1424/56/18
f 1514/40/29 1536/57/39 1445/26/17
f 1279/36/26 1255/29/19 1276/46/33
f 1488/41/30 1362/47/34 1529/58/40
f 1459/59/41 1377/48/35 1488/41/30
f 1498/60/42 1459/59/41 1488/41/30
f 1377/61/35 1383/62/43 1307/53/36
f 1216/42/22 1267/52/37 1126/39/28
f 1004/43/14 1037/37/27 887/54/38
f 824/55/12 690/63/44 800/64/25
f 1566/65/45 1488/41/30 1529/58/40
f 1498/60/42 1488/41/30 1566/65/45
f 1307/53/36 1383/62/43 1267/52/37
f 824/55/12 887/54/38 717/66/46
f 1037/37/27 832/67/47 887/54/38
f 1536/57/39 1408/68/23 1445/26/17
f 1207/44/31 1051/17/11 882/45/32
f 1514/40/29 1539/24/16 1536/57/39
f 1498/69/42 1566/70/45 1526/71/48
f 1498/69/42 1473/72/49 1484/73/50
f 1473/72/49 1464/74/51 1484/73/50
f 1498/69/42 1526/71/48 1473/72/49
f 1464/75/51 1473/76/49 1383/62/43
f 1473/77/49 1526/71/48 1411/78/52
f 1473/76/49 1411/79/52 1383/62/43
f 1383/62/43 1411/79/52 1267/52/37
f 717/66/46 690/63/44 824/55/12
f 800/64/25 690/63/44 680/80/53
f 1459/59/41 1498/60/42 1484/81/50
f 1469/82/54 1383/83/43 1377/48/35
f 1383/83/43 1469/82/54 1464/84/51
f 1411/78/52 1526/71/48 1465/85/55
f 1459/59/41 1484/81/50 1377/48/35
f 1377/48/35 1484/81/50 1469/82/54
f 1465/85/55 1526/71/48 1538/86/56
f 1411/79/52 1465/87/55 1329/88/57
f 1126/39/28 1267/52/37 1092/89/58
f 1424/28/18 1207/44/31 1313/90/59
f 1547/91/60 1526/71/48 1566/70/45
f 1538/86/56 1526/71/48 1547/91/60
f 1484/92/50 1464/93/51 1497/94/61
f 1465/85/55 1497/94/61 1464/93/51
f 1471/95/62 1464/96/51 1469/97/54
f 1497/94/61 1465/85/55 1538/86/56
f 1464/96/51 1471/95/62 1465/87/55
f 1037/37/27 1126/39/28 1092/89/58
f 1408/68/23 1451/98/63 1308/99/24
f 1362/47/34 1279/36/26 1314/100/64
f 1484/92/50 1497/94/61 1469/101/54
f 1454/102/65 1471/95/62 1469/97/54
f 1471/95/62 1454/102/65 1465/87/55
f 1411/79/52 1329/88/57 1267/52/37
f 1267/52/37 1329/88/57 1092/89/58
f 1536/57/39 1539/24/16 1424/56/18
f 800/35/25 753/103/66 882/45/32
f 1424/56/18 1561/104/67 1536/57/39
f 740/105/68 800/35/25 680/106/53
f 1276/46/33 1314/100/64 1279/36/26
f 1497/107/61 1454/102/65 1469/97/54
f 1465/87/55 1454/102/65 1329/88/57
f 1037/37/27 1092/89/58 878/108/69
f 878/108/69 832/67/47 1037/37/27
f 753/103/66 800/35/25 740/105/68
f 1276/109/33 1380/110/70 1315/111/71
f 1380/110/70 1276/109/33 1308/99/24
f 1497/107/61 1496/112/72 1454/102/65
f 717/66/46 887/54/38 755/113/73
f 832/67/47 755/113/73 887/54/38
f 1538/114/56 1489/115/74 1497/107/61
f 1489/115/74 1496/112/72 1497/107/61
f 1454/102/65 1496/112/72 1340/116/75
f 1536/57/39 1561/104/67 1408/68/23
f 1308/99/24 1451/98/63 1380/110/70
f 1276/46/33 1315/117/71 1314/100/64
f 680/80/53 690/63/44 528/118/76
f 1547/119/60 1489/115/74 1538/114/56
f 1489/115/74 1340/116/75 1496/112/72
f 1340/116/75 1329/88/57 1454/102/65
f 1314/100/64 1457/120/77 1362/47/34
f 690/121/44 717/122/46 499/123/78
f 1141/124/79 1092/89/58 1329/88/57
f 1408/68/23 1561/104/67 1451/98/63
f 1566/70/45 1548/125/80 1547/91/60
f 499/123/78 412/126/81 690/127/44
f 680/106/53 649/128/82 740/105/68
f 1547/91/60 1548/125/80 1535/129/83
f 528/130/76 690/127/44 412/126/81
f 1340/116/75 1489/115/74 1475/131/84
f 740/105/68 704/132/85 753/103/66
f 1547/119/60 1535/133/83 1489/115/74
f 1489/115/74 1535/133/83 1475/131/84
f 1340/116/75 1475/131/84 1442/134/86
f 1329/88/57 1340/116/75 1141/124/79
f 755/113/73 832/67/47 601/135/87
f 1092/89/58 932/136/88 878/108/69
f 649/137/82 680/80/53 528/118/76
f 1529/138/40 1607/139/89 1566/70/45
f 740/105/68 649/128/82 704/132/85
f 1548/125/80 1566/70/45 1607/139/89
f 649/128/82 648/140/90 704/132/85
f 1524/141/91 1362/142/34 1457/143/77
f 1612/144/92 1607/139/89 1529/138/40
f 1092/89/58 1141/124/79 932/136/88
f 1475/131/84 1535/133/83 1515/145/93
f 1340/116/75 1442/134/86 1397/146/94
f 584/147/95 499/123/78 717/122/46
f 1141/124/79 941/148/96 932/136/88
f 1529/149/40 1362/142/34 1524/141/91
f 648/150/90 649/137/82 623/151/97
f 623/151/97 649/137/82 528/118/76
f 1475/131/84 1515/145/93 1442/134/86
f 717/122/46 755/152/73 584/147/95
f 1424/56/18 1313/153/59 1561/104/67
f 1315/111/71 1325/154/98 1314/155/64
f 532/156/99 623/151/97 528/118/76
f 1607/139/89 1612/157/92 1548/125/80
f 704/132/85 731/158/100 753/103/66
f 704/132/85 648/140/90 657/159/101
f 1315/111/71 1380/110/70 1334/160/102
f 1626/161/103 1612/162/92 1529/163/40
f 1397/146/94 1141/124/79 1340/116/75
f 584/147/95 755/152/73 601/164/87
f 1626/161/103 1529/165/40 1524/166/91
f 1451/98/63 1561/104/67 1313/153/59
f 1548/125/80 1612/157/92 1557/167/104
f 1557/167/104 1535/129/83 1548/125/80
f 1515/145/93 1535/133/83 1595/168/105
f 878/169/69 705/170/106 832/171/47
f 1380/110/70 1451/98/63 1486/172/107
f 704/132/85 657/159/101 731/158/100
f 576/173/108 623/151/97 532/156/99
f 434/174/109 532/175/99 528/130/76
f 1578/176/110 1595/177/105 1535/129/83
f 404/178/111 499/123/78 584/147/95
f 705/179/106 601/164/87 832/180/47
f 1451/98/63 1313/153/59 1486/172/107
f 657/159/101 648/140/90 623/181/97
f 355/182/112 528/130/76 412/126/81
f 1397/146/94 1442/134/86 1505/183/113
f 941/148/96 1141/124/79 936/184/114
f 1315/111/71 1334/160/102 1325/154/98
f 355/182/112 434/174/109 528/130/76
f 1334/160/102 1337/185/115 1325/154/98
f 1457/143/77 1314/155/64 1325/154/98
f 746/186/116 878/169/69 932/187/88
f 1207/188/31 1380/110/70 1486/172/107
f 1141/124/79 1397/146/94 1134/189/117
f 1380/110/70 1207/188/31 1334/160/102
f 657/159/101 623/181/97 673/190/118
f 576/191/108 532/192/99 434/193/109
f 404/178/111 365/194/119 499/123/78
f 705/170/106 878/169/69 746/186/116
f 882/45/32 753/103/66 1095/195/120
f 1580/196/121 1612/162/92 1626/161/103
f 365/194/119 412/126/81 499/123/78
f 731/158/100 657/159/101 710/197/122
f 710/197/122 657/159/101 673/190/118
f 936/184/114 1141/124/79 1134/189/117
f 1457/198/77 1470/199/123 1524/166/91
f 623/181/97 576/191/108 673/190/118
f 1612/162/92 1580/196/121 1546/200/124
f 1557/167/104 1578/176/110 1535/129/83
f 1578/176/110 1609/201/125 1595/177/105
f 731/158/100 710/197/122 753/103/66
f 1616/202/126 1626/161/103 1524/166/91
f 1557/203/104 1612/162/92 1546/200/124
f 584/147/95 601/204/87 469/205/127
f 1207/188/31 882/206/32 1095/207/120
f 1313/153/59 1207/188/31 1486/172/107
f 1207/188/31 1337/185/115 1334/160/102
f 1470/199/123 1616/202/126 1524/166/91
f 1595/208/105 1532/209/128 1515/145/93
f 1609/210/125 1532/209/128 1595/208/105
f 1616/202/126 1580/196/121 1626/161/103
f 1551/211/129 1442/134/86 1515/145/93
f 469/205/127 404/178/111 584/147/95
f 529/212/130 601/213/87 705/170/106
f 434/174/109 355/182/112 333/214/131
f 469/205/127 601/204/87 431/215/132
f 941/216/96 936/217/114 838/218/133
f 932/187/88 838/218/133 746/186/116
f 708/219/134 673/190/118 576/191/108
f 1551/211/129 1505/183/113 1442/134/86
f 1207/188/31 1095/207/120 1337/185/115
f 1337/220/115 1428/221/135 1325/222/98
f 1457/198/77 1325/222/98 1428/221/135
f 710/197/122 673/190/118 708/219/134
f 1613/223/136 1609/201/125 1578/176/110
f 1515/145/93 1532/209/128 1551/211/129
f 431/224/132 601/213/87 529/212/130
f 838/218/133 932/187/88 941/216/96
f 1337/220/115 1095/225/120 1428/221/135
f 708/219/134 576/191/108 548/226/137
f 1636/227/138 1532/209/128 1609/210/125
f 1505/183/113 1452/228/139 1397/146/94
f 746/186/116 529/212/130 705/170/106
f 1557/203/104 1554/229/140 1578/230/110
f 263/231/141 355/182/112 412/126/81
f 903/232/142 936/184/114 1134/189/117
f 1428/221/135 1095/225/120 1470/199/123
f 1457/198/77 1428/221/135 1470/199/123
f 1613/233/136 1578/230/110 1554/229/140
f 1470/199/123 1404/234/143 1616/202/126
f 1613/233/136 1636/235/138 1609/236/125
f 412/126/81 365/194/119 263/231/141
f 1397/146/94 1452/228/139 1134/189/117
f 548/226/137 576/191/108 434/237/109
f 1546/200/124 1554/229/140 1557/203/104
f 1505/183/113 1501/238/144 1500/239/145
f 1646/240/146 1532/209/128 1636/227/138
f 753/103/66 710/197/122 1005/241/147
f 1493/242/148 1554/229/140 1546/200/124
f 333/214/131 392/243/149 434/174/109
f 1551/211/129 1501/238/144 1505/183/113
f 1500/239/145 1452/228/139 1505/183/113
f 1095/244/120 1404/245/143 1470/246/123
f 392/247/149 548/226/137 434/237/109
f 1580/196/121 1517/248/150 1546/200/124
f 1134/189/117 1452/228/139 1196/249/151
f 1095/195/120 753/103/66 1005/241/147
f 1616/202/126 1555/250/152 1580/196/121
f 1517/248/150 1493/242/148 1546/200/124
f 334/251/153 469/205/127 431/215/132
f 1483/252/154 1517/248/150 1580/196/121
f 746/186/116 659/253/155 529/212/130
f 947/254/156 903/232/142 1134/189/117
f 1555/250/152 1483/252/154 1580/196/121
f 1554/229/140 1610/255/157 1613/233/136
f 1500/239/145 1414/256/158 1452/228/139
f 404/178/111 268/257/159 365/194/119
f 230/258/160 355/182/112 263/231/141
f 1414/256/158 1500/239/145 1501/238/144
f 469/205/127 334/251/153 404/178/111
f 1404/234/143 1555/250/152 1616/202/126
f 838/218/133 936/217/114 836/259/161
f 836/259/161 746/186/116 838/218/133
f 207/260/162 392/243/149 333/214/131
f 936/217/114 903/261/142 836/259/161
f 708/219/134 609/262/163 710/197/122
f 263/231/141 365/194/119 268/257/159
f 1404/245/143 1095/244/120 1005/263/147
f 1493/242/148 1517/248/150 1483/252/154
f 1610/255/157 1554/229/140 1575/264/164
f 1613/233/136 1672/265/165 1636/235/138
f 355/182/112 230/258/160 333/214/131
f 334/251/153 268/257/159 404/178/111
f 708/219/134 548/226/137 609/262/163
f 1480/266/166 1483/252/154 1555/250/152
f 1613/233/136 1610/255/157 1672/265/165
f 1672/265/165 1646/267/146 1636/235/138
f 1472/268/167 1554/229/140 1493/242/148
f 1501/238/144 1551/211/129 1532/209/128
f 799/269/168 746/186/116 836/259/161
f 268/257/159 145/270/169 263/231/141
f 1555/250/152 1404/234/143 1480/266/166
f 1758/271/170 1759/272/171 1751/273/172
f 1610/255/157 1575/264/164 1672/265/165
f 1414/256/158 1196/249/151 1452/228/139
f 1404/245/143 1005/263/147 1480/274/166
f 1480/266/166 1443/275/173 1483/252/154
f 1472/268/167 1493/242/148 1483/252/154
f 1575/264/164 1554/229/140 1472/268/167
f 1699/276/174 1672/265/165 1575/264/164
f 207/260/162 333/214/131 230/258/160
f 529/212/130 438/277/175 431/224/132
f 817/278/176 799/269/168 836/259/161
f 1443/275/173 1472/268/167 1483/252/154
f 1790/279/177 1758/280/170 1794/281/178
f 1790/282/177 1759/272/171 1758/271/170
f 1758/271/170 1751/273/172 1765/283/179
f 1485/284/180 1575/264/164 1472/268/167
f 1699/285/174 1575/286/164 1639/287/181
f 145/270/169 136/288/182 263/231/141
f 1134/189/117 1121/289/183 947/254/156
f 746/186/116 799/269/168 732/290/184
f 817/278/176 732/290/184 799/269/168
f 529/212/130 659/253/155 591/291/185
f 1800/292/186 1759/272/171 1790/282/177
f 136/288/182 230/258/160 263/231/141
f 1639/287/181 1575/286/164 1533/293/187
f 1639/287/181 1745/294/188 1699/285/174
f 1745/294/188 1742/295/189 1699/285/174
f 1575/286/164 1485/296/180 1533/293/187
f 1790/282/177 1808/297/190 1800/292/186
f 1742/298/189 1731/299/191 1699/276/174
f 1121/289/183 1134/189/117 1196/249/151
f 746/186/116 707/300/192 659/253/155
f 1639/287/181 1533/293/187 1745/294/188
f 1758/280/170 1802/301/193 1794/281/178
f 1485/296/180 1472/302/167 1443/303/173
f 1765/283/179 1751/273/172 1750/304/194
f 746/186/116 732/290/184 707/300/192
f 1771/305/195 1742/295/189 1745/294/188
f 1758/280/170 1765/306/179 1771/305/195
f 1794/281/178 1804/307/196 1790/279/177
f 817/278/176 836/259/161 781/308/197
f 1480/266/166 1005/309/147 1443/275/173
f 1802/301/193 1771/305/195 1779/310/198
f 1758/280/170 1771/305/195 1802/301/193
f 1533/293/187 1485/296/180 1005/311/147
f 1765/306/179 1761/312/199 1771/305/195
f 1811/313/200 1819/314/201 1827/315/202
f 1816/316/203 1794/317/178 1796/318/204
f 1794/317/178 1811/319/200 1804/320/196
f 1794/317/178 1816/316/203 1811/319/200
f 1816/316/203 1819/321/201 1811/319/200
f 1761/312/199 1765/306/179 1750/322/194
f 1751/273/172 1731/323/191 1750/304/194
f 1005/311/147 1485/296/180 1443/303/173
f 1804/320/196 1796/324/204 1803/325/205
f 1805/326/206 1816/327/203 1804/328/196
f 1805/326/206 1804/328/196 1806/329/207
f 1816/330/203 1796/331/204 1804/332/196
f 1805/326/206 1819/314/201 1816/327/203
f 1804/320/196 1811/319/200 1806/333/207
f 1806/333/207 1811/319/200 1803/325/205
f 1804/307/196 1803/334/205 1790/279/177
f 1817/335/208 1803/336/205 1811/313/200
f 1790/279/177 1797/337/209 1808/338/190
f 1759/272/171 1774/339/210 1735/340/211
f 1751/273/172 1759/272/171 1735/341/211
f 489/342/212 438/277/175 529/212/130
f 489/342/212 529/212/130 591/291/185
f 659/253/155 628/343/213 591/291/185
f 1005/263/147 710/344/122 609/345/163
f 1533/293/187 1550/346/214 1745/294/188
f 1745/294/188 1779/310/198 1771/305/195
f 1819/314/201 1805/326/206 1827/315/202
f 1796/331/204 1806/347/207 1803/348/205
f 1796/331/204 1805/349/206 1806/347/207
f 1771/305/195 1761/312/199 1742/295/189
f 1797/350/209 1790/351/177 1803/325/205
f 1808/338/190 1797/337/209 1817/352/208
f 1800/292/186 1808/297/190 1774/339/210
f 1731/299/191 1742/353/189 1750/354/194
f 1750/354/194 1742/353/189 1761/355/199
f 1800/292/186 1774/339/210 1759/272/171
f 1731/356/191 1751/357/172 1735/358/211
f 817/278/176 727/359/215 732/290/184
f 699/360/216 659/253/155 707/300/192
f 609/262/163 548/226/137 392/247/149
f 1824/361/217 1832/362/218 1831/363/219
f 232/364/220 111/365/221 268/257/159
f 699/360/216 628/343/213 659/253/155
f 1802/301/193 1779/310/198 1550/346/214
f 1817/335/208 1811/313/200 1827/315/202
f 1817/366/208 1797/350/209 1803/325/205
f 145/270/169 268/257/159 111/365/221
f 1533/293/187 1005/311/147 609/367/163
f 1817/368/208 1820/369/222 1808/297/190
f 1820/369/222 1774/339/210 1808/297/190
f 1824/361/217 1774/339/210 1832/362/218
f 334/251/153 232/364/220 268/257/159
f 591/291/185 533/370/223 489/342/212
f 732/290/184 699/360/216 707/300/192
f 1824/361/217 1831/363/219 1780/371/224
f 1824/361/217 1780/371/224 1774/339/210
f 431/224/132 386/372/225 334/373/153
f 1802/301/193 1550/346/214 1794/281/178
f 1805/349/206 1796/331/204 1798/374/226
f 1827/375/202 1823/376/227 1817/377/208
f 836/259/161 903/261/142 781/308/197
f 431/224/132 438/277/175 386/378/225
f 732/290/184 727/359/215 699/360/216
f 533/370/223 591/291/185 628/343/213
f 1533/293/187 609/367/163 1550/346/214
f 1794/281/178 1550/346/214 1796/379/204
f 1828/380/228 1832/362/218 1774/339/210
f 1699/276/174 1707/381/229 1672/265/165
f 135/382/230 230/258/160 136/288/182
f 781/308/197 727/359/215 817/278/176
f 1827/383/202 1805/384/206 1821/385/231
f 1501/238/144 1532/209/128 1414/256/158
f 727/359/215 644/386/232 699/360/216
f 644/386/232 628/343/213 699/360/216
f 533/370/223 628/343/213 581/387/233
f 581/387/233 628/343/213 644/386/232
f 1821/385/231 1805/384/206 1807/388/234
f 1798/389/226 1807/388/234 1805/384/206
f 1817/377/208 1823/376/227 1822/390/235
f 1817/377/208 1822/390/235 1820/391/222
f 1820/369/222 1828/380/228 1774/339/210
f 207/260/162 230/258/160 135/382/230
f 1779/310/198 1745/294/188 1550/346/214
f 207/260/162 297/392/236 392/243/149
f 1832/393/218 1829/394/237 1831/395/219
f 1828/396/228 1820/397/222 1825/398/238
f 644/386/232 692/399/239 581/387/233
f 1821/385/231 1823/376/227 1827/383/202
f 297/392/236 207/260/162 165/400/240
f 1822/401/235 1807/402/234 1798/403/226
f 1832/393/218 1825/398/238 1829/394/237
f 1822/404/235 1798/405/226 1820/406/222
f 1825/398/238 1832/393/218 1828/396/228
f 1785/407/241 1780/408/224 1831/409/219
f 903/261/142 869/410/242 781/308/197
f 1796/331/204 1783/411/243 1798/412/226
f 1821/413/231 1807/402/234 1815/414/244
f 1822/401/235 1815/414/244 1807/402/234
f 1822/401/235 1825/415/238 1815/414/244
f 1820/406/222 1798/405/226 1815/414/244
f 1820/406/222 1815/414/244 1825/415/238
f 1731/299/191 1707/381/229 1699/276/174
f 644/386/232 727/359/215 692/399/239
f 533/370/223 426/416/245 489/342/212
f 581/387/233 692/399/239 645/417/246
f 1822/418/235 1823/419/227 1825/398/238
f 1783/411/243 1795/420/247 1798/412/226
f 1815/414/244 1798/405/226 1795/421/247
f 1646/267/146 1468/422/248 1532/423/128
f 1795/421/247 1810/424/249 1815/414/244
f 1815/414/244 1810/424/249 1821/413/231
f 1829/394/237 1833/425/250 1831/395/219
f 727/359/215 781/308/197 692/399/239
f 645/417/246 557/426/251 581/387/233
f 1796/331/204 1550/427/214 1773/428/252
f 1833/425/250 1785/407/241 1831/395/219
f 489/342/212 426/416/245 438/277/175
f 581/387/233 557/426/251 533/370/223
f 1796/331/204 1773/428/252 1783/411/243
f 1823/419/227 1821/429/231 1829/394/237
f 947/254/156 1121/289/183 1058/430/253
f 1774/431/210 1780/408/224 1735/358/211
f 1672/265/165 1700/432/254 1646/267/146
f 533/433/223 456/434/255 426/435/245
f 557/426/251 456/436/255 533/370/223
f 1823/419/227 1829/394/237 1825/398/238
f 645/417/246 635/437/256 557/426/251
f 1735/358/211 1707/438/229 1731/356/191
f 1468/439/248 1414/256/158 1532/209/128
f 456/436/255 557/426/251 500/440/257
f 1783/411/243 1791/441/258 1795/442/247
f 145/270/169 111/365/221 88/443/259
f 165/400/240 151/444/260 297/392/236
f 1672/265/165 1707/381/229 1700/432/254
f 635/437/256 500/445/257 557/426/251
f 1810/446/249 1795/442/247 1799/447/261
f 1780/408/224 1725/448/262 1735/358/211
f 692/399/239 738/449/263 645/417/246
f 645/417/246 738/449/263 635/437/256
f 1821/450/231 1810/446/249 1812/451/264
f 1799/447/261 1795/442/247 1791/441/258
f 1821/450/231 1812/451/264 1814/452/265
f 1814/452/265 1829/453/237 1821/450/231
f 1785/407/241 1833/425/250 1760/454/266
f 165/400/240 207/260/162 135/382/230
f 781/308/197 869/410/242 822/455/267
f 692/399/239 781/308/197 738/449/263
f 781/308/197 790/456/268 738/449/263
f 1810/446/249 1799/447/261 1812/451/264
f 903/261/142 947/457/156 869/410/242
f 386/458/225 286/459/269 334/460/153
f 702/461/270 639/462/271 674/463/272
f 702/461/270 672/464/273 639/462/271
f 1700/432/254 1632/465/274 1646/267/146
f 1196/249/151 1414/256/158 1121/289/183
f 790/456/268 781/308/197 822/466/267
f 635/437/256 738/449/263 790/456/268
f 635/437/256 572/467/275 500/445/257
f 632/468/276 633/469/277 639/462/271
f 639/462/271 633/470/277 674/463/272
f 642/471/278 632/468/276 639/462/271
f 639/462/271 672/464/273 642/471/278
f 1833/472/250 1829/453/237 1814/452/265
f 438/473/175 420/474/279 386/458/225
f 420/474/279 438/473/175 426/435/245
f 677/475/280 674/476/272 633/477/277
f 756/478/281 672/464/273 702/461/270
f 106/479/282 111/365/221 232/364/220
f 822/480/267 888/481/283 790/456/268
f 386/458/225 420/474/279 286/459/269
f 790/456/268 757/482/284 635/437/256
f 686/483/285 674/463/272 677/484/280
f 686/483/285 688/485/286 674/463/272
f 702/461/270 674/463/272 688/485/286
f 702/461/270 688/485/286 728/486/287
f 672/464/273 693/487/288 642/471/278
f 672/464/273 756/478/281 693/487/288
f 888/481/283 822/488/267 884/489/289
f 858/490/290 790/456/268 888/481/283
f 334/460/153 286/459/269 232/491/220
f 426/435/245 394/492/291 420/474/279
f 500/493/257 443/494/292 456/434/255
f 633/495/277 632/468/276 637/496/293
f 297/392/236 151/444/260 392/243/149
f 1833/497/250 1814/452/265 1813/498/294
f 1799/447/261 1791/441/258 1786/499/295
f 1646/267/146 1632/465/274 1468/422/248
f 1121/289/183 1049/500/296 1058/430/253
f 788/501/297 793/502/298 822/503/267
f 822/504/267 793/505/298 844/506/299
f 375/507/300 394/492/291 426/435/245
f 443/494/292 426/435/245 456/434/255
f 677/475/280 633/477/277 725/508/301
f 820/509/302 756/478/281 702/461/270
f 1700/510/254 1707/438/229 1735/358/211
f 1735/358/211 1725/448/262 1700/510/254
f 923/511/303 869/512/242 947/513/156
f 923/511/303 884/514/289 869/512/242
f 929/515/304 884/489/289 923/516/303
f 929/515/304 888/481/283 884/489/289
f 884/517/289 822/504/267 844/506/299
f 790/456/268 858/490/290 757/482/284
f 394/492/291 286/459/269 420/474/279
f 375/507/300 426/435/245 359/518/305
f 359/518/305 426/435/245 443/494/292
f 725/508/301 633/477/277 684/519/306
f 633/477/277 637/520/293 684/519/306
f 677/475/280 709/521/307 686/522/285
f 734/523/308 686/522/285 743/524/309
f 743/525/309 779/526/310 734/527/308
f 779/526/310 775/528/311 734/527/308
f 728/486/287 688/485/286 686/483/285
f 734/527/308 728/486/287 686/483/285
f 702/461/270 794/529/312 820/509/302
f 1058/530/253 1012/531/313 947/532/156
f 572/467/275 635/437/256 749/533/314
f 743/524/309 686/522/285 709/521/307
f 637/520/293 632/534/276 650/535/315
f 642/471/278 670/536/316 650/537/315
f 734/527/308 777/538/317 728/486/287
f 642/471/278 693/487/288 670/536/316
f 1813/539/294 1760/540/266 1833/541/250
f 1783/542/243 1786/543/295 1791/544/258
f 1056/545/318 888/546/283 929/547/304
f 833/548/319 822/503/267 869/512/242
f 793/502/298 788/501/297 771/549/320
f 757/482/284 749/533/314 635/437/256
f 572/550/275 443/494/292 500/493/257
f 798/551/321 677/475/280 725/508/301
f 764/552/322 677/475/280 798/551/321
f 677/475/280 764/552/322 709/521/307
f 637/520/293 681/553/323 684/519/306
f 776/554/324 743/524/309 709/521/307
f 632/468/276 642/471/278 650/537/315
f 775/528/311 777/538/317 734/527/308
f 702/461/270 728/486/287 777/538/317
f 702/461/270 777/538/317 794/529/312
f 756/478/281 716/555/325 693/487/288
f 1780/556/224 1760/540/266 1725/557/262
f 1007/558/326 947/559/156 1012/560/313
f 1012/561/313 923/562/303 934/563/327
f 1007/558/326 934/564/327 947/559/156
f 923/565/303 1012/566/313 1056/545/318
f 923/565/303 947/559/156 934/564/327
f 923/565/303 1056/545/318 929/547/304
f 869/512/242 884/514/289 833/548/319
f 833/548/319 788/501/297 822/503/267
f 795/567/328 788/501/297 833/548/319
f 764/552/322 776/554/324 709/521/307
f 743/524/309 804/568/329 779/569/310
f 670/536/316 693/487/288 716/555/325
f 823/570/330 756/478/281 820/509/302
f 756/478/281 823/570/330 716/555/325
f 1053/571/331 1012/531/313 1058/530/253
f 1053/571/331 959/572/332 1012/531/313
f 1056/573/318 1075/574/333 888/575/283
f 1024/576/334 1007/577/326 1012/561/313
f 1024/576/334 1012/561/313 934/563/327
f 934/578/327 1007/579/326 959/580/332
f 796/581/335 793/505/298 772/582/336
f 828/583/337 798/551/321 725/508/301
f 684/519/306 681/553/323 725/508/301
f 804/568/329 743/524/309 776/554/324
f 637/520/293 650/535/315 668/584/338
f 775/528/311 830/585/339 777/538/317
f 609/345/163 1384/586/340 1550/587/214
f 1414/256/158 1073/588/341 1121/289/183
f 1049/500/296 1121/289/183 1073/589/341
f 1053/590/331 1058/591/253 1056/573/318
f 1056/573/318 1014/592/342 1053/590/331
f 1056/593/318 1012/561/313 1014/594/342
f 1059/595/343 1075/574/333 1056/573/318
f 1014/594/342 1012/561/313 959/596/332
f 1014/594/342 959/596/332 1024/576/334
f 1007/577/326 1024/576/334 959/596/332
f 1024/576/334 934/563/327 1014/594/342
f 884/517/289 844/506/299 934/597/327
f 796/581/335 844/506/299 793/505/298
f 793/505/298 771/598/320 772/582/336
f 572/467/275 613/599/344 443/600/292
f 828/583/337 725/508/301 792/601/345
f 845/602/346 776/554/324 764/552/322
f 845/602/346 804/568/329 776/554/324
f 681/553/323 637/520/293 668/584/338
f 650/537/315 670/536/316 600/603/347
f 600/603/347 670/536/316 614/604/348
f 777/538/317 830/585/339 794/529/312
f 670/536/316 716/555/325 614/604/348
f 1073/588/341 1414/256/158 1468/439/248
f 1014/594/342 1049/605/296 1053/606/331
f 1091/607/349 1075/574/333 1059/595/343
f 959/580/332 1053/608/331 1049/609/296
f 788/501/297 795/567/328 771/549/320
f 749/533/314 757/482/284 866/610/350
f 359/518/305 443/494/292 402/611/351
f 681/553/323 792/601/345 725/508/301
f 807/612/352 830/585/339 775/528/311
f 716/555/325 516/613/353 614/604/348
f 716/555/325 666/614/354 516/613/353
f 823/570/330 666/614/354 716/555/325
f 151/444/260 165/400/240 109/615/355
f 1783/542/243 1778/616/356 1786/543/295
f 90/617/357 135/382/230 136/288/182
f 136/288/182 145/270/169 78/618/358
f 1058/591/253 1049/619/296 1087/620/359
f 1058/591/253 1059/595/343 1056/573/318
f 1014/594/342 934/563/327 1003/621/360
f 394/492/291 375/507/300 343/622/361
f 572/467/275 749/533/314 613/599/344
f 561/623/362 443/624/292 613/625/344
f 428/626/363 443/624/292 561/623/362
f 845/602/346 764/552/322 798/551/321
f 841/627/364 804/568/329 845/602/346
f 779/628/310 804/568/329 809/629/365
f 779/526/310 802/630/366 775/528/311
f 668/631/338 650/537/315 626/632/367
f 626/632/367 650/537/315 600/603/347
f 823/570/330 820/509/302 889/633/368
f 596/634/369 516/613/353 666/614/354
f 1780/556/224 1785/635/241 1760/540/266
f 1159/636/370 1075/637/333 1091/638/349
f 1175/639/371 1075/637/333 1159/636/370
f 1087/620/359 1059/595/343 1058/591/253
f 1075/574/333 1102/640/372 888/575/283
f 884/514/289 934/641/327 833/548/319
f 888/481/283 1102/642/372 858/490/290
f 866/610/350 757/482/284 858/490/290
f 772/643/336 771/549/320 766/644/373
f 359/518/305 402/611/351 350/645/374
f 875/646/375 798/551/321 828/583/337
f 845/602/346 892/647/376 841/627/364
f 809/648/365 802/630/366 779/526/310
f 802/630/366 807/612/352 775/528/311
f 614/604/348 516/613/353 450/649/377
f 516/613/353 596/634/369 410/650/378
f 1799/651/261 1786/543/295 1784/652/379
f 1102/653/372 1075/637/333 1175/639/371
f 1087/654/359 1100/655/380 1105/656/381
f 1049/605/296 1100/655/380 1087/654/359
f 1049/605/296 1096/657/382 1100/655/380
f 1049/605/296 1014/594/342 1003/621/360
f 771/549/320 795/567/328 803/658/383
f 766/644/373 771/549/320 803/658/383
f 375/507/300 339/659/384 343/622/361
f 375/660/300 359/661/305 339/662/384
f 722/663/385 681/553/323 668/584/338
f 807/612/352 848/664/386 830/585/339
f 794/529/312 830/585/339 848/664/386
f 614/604/348 450/649/377 600/603/347
f 823/570/330 953/665/387 666/614/354
f 953/665/387 750/666/388 666/614/354
f 750/666/388 501/667/389 666/614/354
f 1159/636/370 1091/638/349 1154/668/390
f 1105/656/381 1117/669/391 1087/670/359
f 1096/657/382 1117/669/391 1105/656/381
f 1049/605/296 1003/621/360 1096/657/382
f 934/597/327 844/506/299 1003/671/360
f 857/672/392 844/506/299 796/581/335
f 792/601/345 860/673/393 828/583/337
f 841/627/364 815/674/394 804/568/329
f 895/675/395 794/529/312 848/664/386
f 820/509/302 794/529/312 895/675/395
f 953/665/387 823/570/330 889/633/368
f 501/667/389 410/650/378 596/634/369
f 501/667/389 596/634/369 666/614/354
f 1632/676/274 1476/677/396 1468/678/248
f 1154/679/390 1059/680/343 1087/681/359
f 1175/639/371 1170/682/397 1102/653/372
f 1091/638/349 1059/683/343 1154/668/390
f 833/548/319 934/641/327 870/684/398
f 766/685/373 803/686/383 772/687/336
f 394/492/291 343/622/361 286/688/269
f 685/689/399 561/690/362 613/599/344
f 471/691/400 428/626/363 561/623/362
f 828/583/337 860/673/393 875/646/375
f 875/646/375 845/602/346 798/551/321
f 668/584/338 626/692/367 722/663/385
f 804/568/329 815/674/394 809/629/365
f 626/632/367 600/603/347 450/649/377
f 820/509/302 895/675/395 889/633/368
f 450/649/377 516/613/353 396/693/401
f 516/613/353 410/650/378 396/693/401
f 501/667/389 750/666/388 787/694/402
f 1117/695/391 1154/668/390 1087/696/359
f 1073/697/341 959/580/332 1049/609/296
f 1096/657/382 1003/621/360 1117/669/391
f 1170/682/397 1133/698/403 1102/653/372
f 1102/642/372 1050/699/404 858/490/290
f 286/700/269 191/701/405 232/702/220
f 685/689/399 613/599/344 855/703/406
f 875/646/375 931/704/407 845/602/346
f 931/704/407 892/647/376 845/602/346
f 722/663/385 626/692/367 683/705/408
f 841/706/364 892/707/376 895/675/395
f 807/612/352 859/708/409 848/664/386
f 1036/709/410 953/665/387 889/633/368
f 109/615/355 108/710/411 151/444/260
f 1236/711/412 1159/712/370 1154/713/390
f 1236/711/412 1175/714/371 1159/712/370
f 858/490/290 965/715/413 866/610/350
f 866/610/350 871/716/414 749/533/314
f 613/599/344 749/533/314 871/716/414
f 685/689/399 585/717/415 561/690/362
f 792/601/345 681/553/323 722/663/385
f 809/629/365 815/674/394 802/718/366
f 895/675/395 848/664/386 859/708/409
f 501/667/389 398/719/416 410/650/378
f 165/400/240 135/382/230 109/615/355
f 90/617/357 109/615/355 135/382/230
f 1133/720/403 1171/721/417 1122/722/418
f 1050/723/404 1133/720/403 1122/724/418
f 1133/720/403 1050/723/404 1102/725/372
f 934/578/327 959/580/332 870/726/398
f 857/672/392 796/581/335 772/687/336
f 855/703/406 613/599/344 871/716/414
f 585/727/415 546/728/419 561/623/362
f 561/623/362 546/728/419 471/691/400
f 860/673/393 927/729/420 875/646/375
f 895/675/395 892/707/376 975/730/421
f 802/630/366 859/708/409 807/612/352
f 841/706/364 895/675/395 859/708/409
f 1036/709/410 889/633/368 1013/731/422
f 787/694/402 750/666/388 953/665/387
f 90/617/357 136/288/182 78/618/358
f 1468/732/248 1476/733/396 1073/734/341
f 1154/713/390 1117/735/391 1236/711/412
f 1236/711/412 1170/736/397 1175/714/371
f 1170/736/397 1171/721/417 1133/720/403
f 772/687/336 803/737/383 857/672/392
f 265/738/423 339/662/384 359/661/305
f 350/739/374 265/738/423 359/661/305
f 546/728/419 477/740/424 471/691/400
f 402/741/351 323/742/425 350/739/374
f 927/729/420 931/704/407 875/646/375
f 683/705/408 626/692/367 517/743/426
f 867/744/427 815/674/394 841/627/364
f 895/675/395 975/730/421 1013/731/422
f 895/675/395 1013/731/422 889/633/368
f 501/667/389 435/745/428 398/719/416
f 787/694/402 718/746/429 501/667/389
f 833/548/319 870/684/398 795/567/328
f 477/740/424 467/747/430 471/691/400
f 585/748/415 465/749/431 546/750/419
f 465/749/431 472/751/432 546/750/419
f 792/601/345 722/663/385 769/752/433
f 517/743/426 621/753/434 683/705/408
f 975/754/421 892/647/376 931/704/407
f 517/743/426 626/692/367 450/755/377
f 841/706/364 859/708/409 867/756/427
f 1384/757/340 1773/758/252 1550/759/214
f 1812/760/264 1799/651/261 1781/761/435
f 1262/762/436 1236/711/412 1117/735/391
f 1170/736/397 1236/711/412 1342/763/437
f 858/490/290 1050/699/404 1068/764/438
f 795/567/328 870/684/398 876/765/439
f 803/658/383 795/567/328 876/765/439
f 857/672/392 920/766/440 844/506/299
f 546/728/419 550/767/441 477/740/424
f 467/747/430 423/768/442 471/691/400
f 265/738/423 350/739/374 323/742/425
f 443/494/292 357/769/443 402/611/351
f 357/769/443 443/494/292 428/770/363
f 1072/771/444 975/754/421 1021/772/445
f 1072/773/444 1057/774/446 975/775/421
f 815/776/394 859/708/409 802/630/366
f 1057/774/446 1013/777/422 975/775/421
f 410/650/378 398/719/416 352/778/447
f 953/665/387 951/779/448 787/694/402
f 1185/780/449 1073/734/341 1476/733/396
f 1236/711/412 1262/762/436 1365/781/450
f 1171/721/417 1163/782/451 1122/722/418
f 1122/722/418 1163/782/451 1050/783/404
f 965/715/413 858/490/290 1068/764/438
f 855/703/406 745/784/452 685/689/399
f 343/785/361 191/701/405 286/700/269
f 339/662/384 231/786/453 343/787/361
f 550/788/441 546/750/419 472/751/432
f 471/691/400 393/789/454 428/626/363
f 402/790/351 357/791/443 323/742/425
f 897/792/455 927/729/420 860/673/393
f 1021/772/445 975/754/421 950/793/456
f 1072/771/444 1086/794/457 1114/795/458
f 815/776/394 867/756/427 859/708/409
f 360/796/459 450/649/377 396/693/401
f 1098/797/460 1013/777/422 1057/774/446
f 396/693/401 410/650/378 352/778/447
f 435/745/428 370/798/461 398/719/416
f 1778/616/356 1784/652/379 1786/543/295
f 78/618/358 145/270/169 55/799/462
f 55/799/462 145/270/169 88/443/259
f 232/702/220 191/701/405 106/800/282
f 550/788/441 472/751/432 480/801/463
f 585/748/415 474/802/464 465/749/431
f 423/768/442 395/803/465 471/691/400
f 860/673/393 792/601/345 769/752/433
f 897/792/455 860/673/393 769/752/433
f 927/729/420 897/792/455 946/804/466
f 946/804/466 950/793/456 975/754/421
f 975/754/421 931/704/407 946/804/466
f 1072/773/444 1114/805/458 1057/774/446
f 501/667/389 536/806/467 435/745/428
f 718/746/429 658/807/468 501/667/389
f 1812/760/264 1781/761/435 1788/808/469
f 1773/758/252 1778/616/356 1783/542/243
f 1365/781/450 1342/763/437 1236/711/412
f 1342/763/437 1171/721/417 1170/736/397
f 920/766/440 1006/809/470 844/506/299
f 857/672/392 803/810/383 920/766/440
f 871/716/414 866/610/350 965/715/413
f 467/747/430 477/740/424 388/811/471
f 467/747/430 388/811/471 423/768/442
f 343/787/361 231/786/453 250/812/472
f 472/751/432 465/749/431 448/813/473
f 393/789/454 471/691/400 395/803/465
f 946/804/466 931/704/407 927/729/420
f 683/705/408 769/752/433 722/663/385
f 683/705/408 621/753/434 751/814/474
f 517/743/426 450/755/377 430/815/475
f 501/667/389 658/807/468 536/806/467
f 1342/763/437 1365/781/450 1262/762/436
f 1117/735/391 1003/816/360 1262/762/436
f 564/817/476 514/818/477 550/767/441
f 514/818/477 477/740/424 550/767/441
f 211/819/478 231/786/453 339/662/384
f 428/820/363 393/821/454 357/791/443
f 1021/772/445 950/793/456 961/822/479
f 769/752/433 683/705/408 751/814/474
f 430/823/475 450/824/377 360/825/459
f 1098/797/460 1036/826/410 1013/777/422
f 718/746/429 787/694/402 951/779/448
f 392/243/149 151/444/260 609/827/163
f 1781/761/435 1799/651/261 1784/652/379
f 685/689/399 682/828/480 585/717/415
f 564/829/476 550/788/441 480/801/463
f 250/830/472 191/701/405 343/785/361
f 585/717/415 518/831/481 474/832/464
f 422/833/482 480/801/463 472/751/432
f 265/738/423 211/819/478 339/662/384
f 1078/834/483 1072/771/444 1021/772/445
f 1072/771/444 1078/834/483 1086/794/457
f 1078/834/483 1109/835/484 1086/794/457
f 1114/795/458 1086/794/457 1109/835/484
f 490/836/485 621/753/434 517/743/426
f 751/814/474 621/753/434 769/752/433
f 370/798/461 435/745/428 403/837/486
f 1342/763/437 1358/838/487 1171/721/417
f 1171/721/417 1358/838/487 1163/782/451
f 844/506/299 1006/809/470 1003/671/360
f 558/839/488 514/818/477 564/817/476
f 855/703/406 812/840/489 745/784/452
f 514/818/477 447/841/490 477/740/424
f 447/841/490 388/811/471 477/740/424
f 423/768/442 388/842/471 395/803/465
f 760/843/491 621/753/434 560/844/492
f 769/752/433 621/753/434 760/843/491
f 950/793/456 917/845/493 760/843/491
f 769/752/433 917/845/493 897/792/455
f 917/845/493 950/793/456 946/804/466
f 897/792/455 917/845/493 946/804/466
f 1203/846/494 1057/774/446 1114/847/458
f 396/693/401 352/778/447 266/848/495
f 352/778/447 398/719/416 370/798/461
f 1150/849/496 951/779/448 953/665/387
f 488/850/497 403/837/486 435/745/428
f 435/745/428 536/806/467 488/850/497
f 1700/851/254 1725/557/262 1715/852/498
f 920/766/440 803/810/383 876/853/439
f 611/854/499 585/717/415 682/828/480
f 611/854/499 518/831/481 585/717/415
f 422/833/482 472/751/432 448/813/473
f 422/833/482 448/813/473 427/855/500
f 560/844/492 621/753/434 490/836/485
f 918/856/501 961/822/479 760/843/491
f 961/822/479 950/793/456 760/843/491
f 917/845/493 769/752/433 760/843/491
f 360/796/459 396/693/401 266/848/495
f 1036/709/410 1190/857/502 953/665/387
f 352/778/447 370/798/461 259/858/503
f 1814/859/265 1812/860/264 1793/861/504
f 920/766/440 876/853/439 957/862/505
f 685/689/399 745/784/452 682/828/480
f 564/829/476 480/801/463 558/863/488
f 480/801/463 514/864/477 558/863/488
f 514/864/477 480/801/463 447/865/490
f 958/866/506 1021/772/445 961/822/479
f 1078/834/483 1021/772/445 958/866/506
f 1098/797/460 1057/774/446 1203/846/494
f 403/837/486 306/867/507 370/798/461
f 1262/762/436 1003/816/360 1202/868/508
f 959/869/332 1073/734/341 952/870/509
f 447/841/490 406/871/510 388/811/471
f 422/833/482 447/865/490 480/801/463
f 395/872/465 388/873/471 329/874/511
f 474/802/464 464/875/512 465/749/431
f 560/844/492 490/836/485 474/802/464
f 393/821/454 316/876/513 357/791/443
f 517/743/426 430/815/475 490/836/485
f 1036/826/410 1098/797/460 1280/877/514
f 259/858/503 266/848/495 352/778/447
f 306/867/507 259/858/503 370/798/461
f 951/779/448 978/878/515 718/746/429
f 1812/760/264 1788/808/469 1793/879/504
f 959/869/332 952/870/509 870/880/398
f 957/862/505 876/853/439 937/881/516
f 920/766/440 957/862/505 1006/809/470
f 855/703/406 871/716/414 964/882/517
f 611/854/499 560/883/492 518/831/481
f 388/811/471 406/871/510 373/884/518
f 518/885/481 560/844/492 474/802/464
f 422/833/482 406/886/510 447/865/490
f 464/875/512 448/813/473 465/749/431
f 422/887/482 427/888/500 361/889/519
f 490/836/485 464/875/512 474/802/464
f 1078/834/483 958/866/506 1109/890/484
f 760/843/491 560/844/492 761/891/520
f 918/856/501 760/843/491 761/891/520
f 1181/892/521 1114/893/458 1109/894/484
f 1354/895/522 1098/797/460 1306/896/523
f 1725/557/262 1760/540/266 1715/852/498
f 1068/897/438 1050/783/404 1163/782/451
f 669/898/524 560/883/492 611/854/499
f 250/812/472 231/786/453 227/899/525
f 265/738/423 172/900/526 211/819/478
f 669/898/524 761/901/520 560/883/492
f 448/813/473 464/875/512 382/902/527
f 958/866/506 961/822/479 918/903/501
f 395/872/465 324/904/528 393/821/454
f 1109/890/484 958/866/506 1081/905/529
f 427/888/500 448/906/473 361/889/519
f 1181/892/521 1109/894/484 1186/907/530
f 1098/797/460 1203/846/494 1306/896/523
f 664/908/531 536/806/467 658/807/468
f 90/617/357 68/909/532 109/615/355
f 1202/868/508 1342/763/437 1262/762/436
f 1003/816/360 1006/910/470 1202/868/508
f 921/911/533 876/765/439 870/684/398
f 265/738/423 201/912/534 172/900/526
f 357/791/443 316/876/513 258/913/535
f 490/836/485 430/815/475 415/914/536
f 1114/893/458 1181/892/521 1203/915/494
f 349/916/537 430/917/475 360/825/459
f 1354/895/522 1280/877/514 1098/797/460
f 536/806/467 664/908/531 527/918/538
f 1700/851/254 1715/852/498 1632/676/274
f 921/919/533 937/881/516 876/853/439
f 736/920/539 745/784/452 812/840/489
f 745/784/452 736/920/539 682/828/480
f 611/854/499 768/921/540 669/898/524
f 1081/905/529 958/866/506 949/922/541
f 382/923/527 361/889/519 448/906/473
f 918/924/501 761/901/520 865/925/542
f 464/875/512 490/836/485 382/902/527
f 415/914/536 382/902/527 490/836/485
f 1217/926/543 953/665/387 1190/857/502
f 1150/849/496 953/665/387 1217/926/543
f 1814/859/265 1793/861/504 1813/539/294
f 1342/763/437 1202/868/508 1358/838/487
f 768/921/540 611/854/499 682/828/480
f 191/701/405 250/830/472 185/927/544
f 403/837/486 488/850/497 417/928/545
f 658/807/468 718/746/429 978/878/515
f 1768/929/546 1778/616/356 1773/758/252
f 1163/930/451 1161/931/547 1068/932/438
f 373/933/518 406/934/510 368/935/548
f 422/936/482 361/889/519 406/937/510
f 1109/894/484 1081/938/529 1142/939/549
f 324/904/528 395/872/465 329/874/511
f 200/940/550 265/738/423 323/742/425
f 1336/941/551 1203/915/494 1181/892/521
f 1306/942/523 1203/915/494 1336/941/551
f 978/878/515 951/779/448 1150/849/496
f 870/880/398 952/870/509 921/943/533
f 736/920/539 737/944/552 682/828/480
f 964/882/517 812/840/489 855/703/406
f 373/933/518 374/945/553 388/873/471
f 406/937/510 361/889/519 368/946/548
f 865/925/542 669/898/524 768/921/540
f 865/925/542 761/901/520 669/898/524
f 865/925/542 958/947/506 918/924/501
f 1205/948/554 1109/894/484 1142/939/549
f 1205/948/554 1186/907/530 1109/894/484
f 200/940/550 201/912/534 265/738/423
f 393/821/454 324/904/528 316/876/513
f 357/791/443 258/913/535 323/742/425
f 360/825/459 239/949/555 349/916/537
f 239/949/555 360/825/459 266/950/495
f 1190/951/502 1036/826/410 1280/877/514
f 1772/952/556 1704/953/557 1760/540/266
f 1163/782/451 1358/838/487 1161/954/547
f 768/921/540 682/828/480 737/944/552
f 329/874/511 388/873/471 374/945/553
f 382/923/527 380/955/558 361/889/519
f 430/917/475 349/916/537 415/956/536
f 488/850/497 536/806/467 527/918/538
f 151/444/260 108/710/411 77/957/559
f 1813/539/294 1772/952/556 1760/540/266
f 952/870/509 1073/734/341 1064/958/560
f 1068/932/438 871/959/414 965/960/413
f 112/961/561 191/701/405 185/927/544
f 304/962/562 368/963/548 361/964/519
f 958/947/506 865/925/542 900/965/563
f 1476/677/396 1632/676/274 1356/966/564
f 737/944/552 736/920/539 812/840/489
f 250/830/472 196/967/565 185/927/544
f 227/968/525 196/967/565 250/830/472
f 211/819/478 179/969/566 231/786/453
f 949/970/541 958/947/506 900/965/563
f 1354/971/522 1306/972/523 1502/973/567
f 214/974/568 266/848/495 259/858/503
f 1760/540/266 1704/953/557 1715/852/498
f 797/975/569 768/921/540 737/944/552
f 374/976/553 373/977/518 363/978/570
f 363/979/570 368/980/548 374/981/553
f 374/945/553 368/963/548 304/962/562
f 900/965/563 865/925/542 768/921/540
f 336/982/571 361/889/519 380/955/558
f 415/956/536 387/983/572 382/923/527
f 415/956/536 346/984/573 387/983/572
f 346/984/573 415/956/536 349/916/537
f 214/974/568 239/985/555 266/848/495
f 1778/616/356 1769/986/574 1784/652/379
f 1358/838/487 1202/868/508 1328/987/575
f 1328/987/575 1161/954/547 1358/838/487
f 1202/868/508 1006/910/470 1328/987/575
f 363/988/570 373/989/518 368/980/548
f 304/962/562 329/874/511 374/945/553
f 1304/990/576 1181/892/521 1186/907/530
f 323/742/425 258/913/535 200/940/550
f 1502/973/567 1520/991/577 1354/971/522
f 1354/895/522 1520/992/577 1280/877/514
f 1280/877/514 1491/993/578 1477/994/579
f 206/995/580 214/974/568 259/858/503
f 527/918/538 417/928/545 488/850/497
f 1793/861/504 1772/952/556 1813/539/294
f 1768/929/546 1769/986/574 1778/616/356
f 937/996/516 921/997/533 980/998/581
f 964/999/517 871/959/414 1116/1000/582
f 179/969/566 227/899/525 231/786/453
f 1186/907/530 1205/948/554 1291/1001/583
f 1520/992/577 1491/993/578 1280/877/514
f 1185/780/449 1130/1002/584 1073/734/341
f 1328/987/575 1006/910/470 1191/1003/585
f 812/840/489 964/882/517 933/1004/586
f 1068/932/438 1116/1000/582 871/959/414
f 1081/938/529 949/1005/541 999/1006/587
f 1186/907/530 1291/1001/583 1304/990/576
f 1336/941/551 1181/892/521 1304/990/576
f 1477/994/579 1523/1007/588 1280/877/514
f 658/807/468 978/878/515 901/1008/589
f 900/965/563 768/921/540 877/1009/590
f 1081/938/529 999/1006/587 1093/1010/591
f 1081/938/529 1093/1010/591 1142/939/549
f 329/874/511 304/962/562 285/1011/592
f 336/982/571 304/1012/562 361/889/519
f 337/1013/593 380/955/558 382/923/527
f 380/955/558 337/1013/593 336/982/571
f 1190/951/502 1280/877/514 1523/1007/588
f 306/867/507 212/1014/594 259/858/503
f 664/908/531 658/807/468 901/1008/589
f 112/961/561 106/800/282 191/701/405
f 797/975/569 877/1009/590 768/921/540
f 172/900/526 179/1015/566 211/819/478
f 324/904/528 329/874/511 271/1016/595
f 382/923/527 387/983/572 337/1013/593
f 346/984/573 337/1013/593 387/983/572
f 239/949/555 251/1017/596 349/916/537
f 1499/1018/597 1217/1019/543 1190/951/502
f 206/995/580 259/858/503 212/1014/594
f 1384/757/340 1768/929/546 1773/758/252
f 109/615/355 68/909/532 85/1020/598
f 1073/734/341 1130/1002/584 1064/958/560
f 737/1021/552 812/1022/489 851/1023/599
f 227/899/525 179/969/566 196/1024/565
f 1502/973/567 1306/972/523 1336/1025/551
f 1787/1026/600 1793/1027/504 1788/808/469
f 964/999/517 1020/1028/601 933/1029/586
f 1142/939/549 1209/1030/602 1205/948/554
f 285/1011/592 271/1016/595 329/874/511
f 1523/1007/588 1499/1018/597 1190/951/502
f 609/1031/163 151/1032/260 77/1033/559
f 851/1023/599 812/1022/489 933/1034/586
f 1169/1035/603 957/1036/505 937/1037/516
f 843/1038/604 737/944/552 851/1039/599
f 1191/1040/585 1006/1041/470 1169/1035/603
f 1006/1041/470 957/1036/505 1169/1035/603
f 337/1013/593 289/1042/605 336/982/571
f 1336/941/551 1304/990/576 1461/1043/606
f 251/1017/596 346/984/573 349/916/537
f 209/1044/607 239/985/555 214/974/568
f 306/867/507 267/1045/608 253/1046/609
f 527/918/538 664/908/531 606/1047/610
f 1784/652/379 1769/986/574 1781/761/435
f 109/615/355 85/1020/598 108/710/411
f 1161/954/547 1392/1048/611 1322/1049/612
f 737/944/552 843/1038/604 797/975/569
f 900/1050/563 999/1006/587 949/1051/541
f 289/1042/605 285/1052/592 304/1012/562
f 336/982/571 289/1042/605 304/1012/562
f 1502/1053/567 1336/941/551 1461/1043/606
f 1491/1054/578 1520/991/577 1583/1055/613
f 1150/1056/496 1217/1057/543 1382/1058/614
f 1150/849/496 1382/1059/614 978/878/515
f 1787/1026/600 1788/808/469 1782/1060/615
f 1772/952/556 1793/861/504 1792/1061/616
f 1161/954/547 1328/987/575 1392/1048/611
f 1205/948/554 1209/1030/602 1291/1001/583
f 1245/1062/617 1304/990/576 1291/1001/583
f 271/1016/595 245/1063/618 324/904/528
f 1461/1043/606 1304/990/576 1407/1064/619
f 258/913/535 316/876/513 255/1065/620
f 300/1066/621 337/1013/593 346/984/573
f 1592/1067/622 1520/991/577 1502/973/567
f 1477/994/579 1605/1068/623 1523/1007/588
f 212/1014/594 306/867/507 253/1046/609
f 1788/808/469 1781/761/435 1782/1060/615
f 1632/676/274 1715/852/498 1658/1069/624
f 1209/1030/602 1245/1062/617 1291/1001/583
f 1541/1070/625 1502/1053/567 1461/1043/606
f 306/867/507 403/837/486 267/1045/608
f 901/1008/589 782/1071/626 664/908/531
f 1772/952/556 1729/1072/627 1704/953/557
f 1169/1073/603 937/1074/516 1097/1075/628
f 1142/939/549 1093/1010/591 1209/1030/602
f 1304/990/576 1245/1062/617 1407/1064/619
f 1502/973/567 1541/1076/625 1592/1067/622
f 251/1017/596 300/1066/621 346/984/573
f 1605/1068/623 1477/994/579 1545/1077/629
f 1499/1078/597 1382/1058/614 1217/1057/543
f 606/1047/610 484/1079/630 527/918/538
f 952/870/509 980/1080/581 921/943/533
f 937/1074/516 980/998/581 1097/1075/628
f 255/1065/620 324/904/528 245/1063/618
f 324/904/528 255/1065/620 316/876/513
f 1477/994/579 1491/993/578 1545/1077/629
f 1545/1077/629 1582/1081/631 1605/1068/623
f 212/1014/594 188/1082/632 206/995/580
f 267/1045/608 403/837/486 417/928/545
f 417/928/545 527/918/538 399/1083/633
f 527/918/538 484/1079/630 399/1083/633
f 1787/1084/600 1792/1061/616 1793/861/504
f 1766/1085/634 1769/986/574 1768/929/546
f 1356/966/564 1632/676/274 1658/1069/624
f 851/1023/599 924/1086/635 843/1087/604
f 797/975/569 930/1088/636 877/1009/590
f 179/969/566 160/1089/637 196/1090/565
f 289/1042/605 271/1091/595 285/1052/592
f 417/928/545 399/1083/633 267/1045/608
f 1768/929/546 1384/757/340 1767/1092/638
f 1328/987/575 1191/1003/585 1392/1048/611
f 271/1091/595 289/1042/605 245/1093/618
f 1407/1064/619 1458/1094/639 1461/1043/606
f 289/1042/605 337/1013/593 262/1095/640
f 209/1044/607 214/974/568 186/1096/641
f 1585/1097/642 1582/1081/631 1545/1077/629
f 206/995/580 186/1096/641 214/974/568
f 1238/1098/643 1188/1099/644 978/878/515
f 978/878/515 1188/1099/644 901/1008/589
f 1766/1085/634 1754/1100/645 1769/986/574
f 1704/953/557 1658/1069/624 1715/852/498
f 952/870/509 1054/1101/646 980/1080/581
f 999/1006/587 900/1050/563 944/1102/647
f 1093/1010/591 1245/1062/617 1209/1030/602
f 1245/1062/617 1415/1103/648 1407/1064/619
f 1583/1055/613 1572/1104/649 1491/1054/578
f 1382/1059/614 1238/1098/643 978/878/515
f 1767/1092/638 1766/1085/634 1768/929/546
f 1064/958/560 1054/1101/646 952/870/509
f 924/1086/635 851/1023/599 933/1034/586
f 1068/1105/438 1161/954/547 1322/1049/612
f 337/1013/593 300/1066/621 262/1095/640
f 239/949/555 209/1106/607 251/1017/596
f 1572/1104/649 1545/1107/629 1491/1054/578
f 1499/1078/597 1568/1108/650 1382/1058/614
f 1767/1092/638 1754/1100/645 1766/1085/634
f 1169/1073/603 1097/1075/628 1198/1109/651
f 1165/1110/652 1020/1028/601 964/999/517
f 843/1111/604 940/1112/653 797/1113/569
f 1415/1103/648 1458/1094/639 1407/1064/619
f 262/1095/640 245/1093/618 289/1042/605
f 1541/1076/625 1621/1114/654 1592/1067/622
f 1520/991/577 1650/1115/655 1583/1055/613
f 664/908/531 782/1071/626 606/1047/610
f 1384/757/340 1724/1116/656 1767/1092/638
f 65/1117/657 88/1118/259 111/1119/221
f 1097/1075/628 980/998/581 1136/1120/658
f 1169/1121/603 1392/1048/611 1191/1003/585
f 877/1122/590 944/1102/647 900/1050/563
f 1046/1123/659 1093/1010/591 999/1006/587
f 160/1089/637 166/1124/660 196/1090/565
f 201/912/534 200/940/550 167/1125/661
f 1458/1094/639 1522/1126/662 1461/1043/606
f 1461/1127/606 1621/1114/654 1541/1076/625
f 1523/1128/588 1605/1129/623 1499/1078/597
f 1382/1059/614 1447/1130/663 1238/1098/643
f 1787/1026/600 1782/1060/615 1792/1131/616
f 1724/1116/656 1754/1100/645 1767/1092/638
f 1781/761/435 1769/986/574 1782/1060/615
f 1782/1060/615 1769/986/574 1757/1132/664
f 40/1133/665 90/1134/357 78/1135/358
f 1039/1136/666 933/1034/586 1020/1137/601
f 930/1138/636 797/1113/569 940/1112/653
f 930/1138/636 944/1102/647 877/1122/590
f 1046/1123/659 999/1006/587 944/1102/647
f 201/912/534 167/1125/661 172/900/526
f 1592/1067/622 1665/1139/667 1520/991/577
f 1769/986/574 1754/1100/645 1757/1132/664
f 196/967/565 166/1140/660 185/927/544
f 200/940/550 258/913/535 189/1141/668
f 1562/1142/669 1461/1043/606 1522/1126/662
f 1572/1104/649 1585/1143/642 1545/1107/629
f 1792/1061/616 1782/1144/615 1772/952/556
f 68/1145/532 90/1134/357 40/1133/665
f 933/1034/586 1039/1136/666 985/1146/670
f 1245/1062/617 1093/1010/591 1252/1147/671
f 1415/1103/648 1245/1062/617 1252/1147/671
f 1458/1094/639 1415/1103/648 1466/1148/672
f 160/1089/637 179/1015/566 172/900/526
f 229/1149/673 258/913/535 255/1065/620
f 1665/1139/667 1650/1115/655 1520/991/577
f 1382/1058/614 1568/1108/650 1447/1150/663
f 1188/1099/644 1027/1151/674 901/1008/589
f 1054/1101/646 1071/1152/675 980/1080/581
f 1136/1120/658 980/998/581 1071/1153/675
f 1198/1154/651 1392/1048/611 1169/1121/603
f 843/1087/604 924/1086/635 940/1155/653
f 1527/1156/676 1458/1094/639 1466/1148/672
f 262/1095/640 300/1066/621 243/1157/677
f 300/1066/621 251/1017/596 243/1157/677
f 251/1017/596 209/1106/607 243/1157/677
f 1583/1055/613 1650/1115/655 1648/1158/678
f 1605/1129/623 1638/1159/679 1499/1078/597
f 1757/1160/664 1772/952/556 1782/1144/615
f 933/1034/586 985/1146/670 924/1086/635
f 106/1161/282 65/1162/657 111/1163/221
f 1322/1049/612 1396/1164/680 1068/1105/438
f 1111/1165/681 1020/1137/601 1165/1166/652
f 1116/1167/582 1068/1105/438 1396/1164/680
f 1466/1148/672 1415/1103/648 1252/1147/671
f 1527/1156/676 1522/1126/662 1458/1094/639
f 1558/1168/682 1562/1142/669 1522/1126/662
f 258/913/535 229/1149/673 189/1141/668
f 1461/1127/606 1562/1169/669 1611/1170/683
f 186/1096/641 206/995/580 188/1082/632
f 1499/1078/597 1638/1159/679 1568/1108/650
f 901/1008/589 1027/1151/674 782/1071/626
f 964/1171/517 1116/1167/582 1165/1172/652
f 1093/1010/591 1046/1123/659 1138/1173/684
f 164/1174/685 112/961/561 185/927/544
f 1522/1126/662 1527/1156/676 1593/1175/686
f 244/1176/687 245/1093/618 249/1177/688
f 245/1093/618 262/1095/640 249/1177/688
f 1621/1114/654 1665/1139/667 1592/1067/622
f 1585/1178/642 1614/1179/689 1582/1180/631
f 484/1079/630 400/1181/690 399/1083/633
f 1754/1100/645 1724/1116/656 1723/1182/691
f 1772/952/556 1713/1183/692 1729/1072/627
f 50/1184/693 55/1185/462 88/1186/259
f 1080/1187/694 1071/1152/675 1054/1101/646
f 1198/1109/651 1097/1075/628 1260/1188/695
f 1558/1168/682 1522/1126/662 1593/1175/686
f 262/1095/640 243/1157/677 249/1177/688
f 1573/1189/696 1611/1170/683 1562/1169/669
f 1461/1127/606 1611/1170/683 1621/1114/654
f 782/1071/626 695/1190/697 606/1047/610
f 1723/1182/691 1718/1191/698 1754/1100/645
f 1729/1072/627 1692/1192/699 1704/953/557
f 1260/1188/695 1097/1075/628 1136/1120/658
f 1020/1137/601 1111/1165/681 1039/1136/666
f 1252/1147/671 1093/1010/591 1138/1173/684
f 240/1193/700 228/1194/701 244/1176/687
f 245/1063/618 221/1195/702 255/1065/620
f 1562/1142/669 1558/1168/682 1573/1196/696
f 1634/1197/703 1605/1129/623 1582/1180/631
f 399/1083/633 305/1198/704 267/1045/608
f 108/1199/411 85/1200/598 75/1201/705
f 85/1200/598 68/1145/532 46/1202/706
f 164/1174/685 137/1203/707 112/961/561
f 185/927/544 166/1140/660 164/1174/685
f 1558/1168/682 1581/1204/708 1573/1196/696
f 1572/1104/649 1620/1205/709 1585/1143/642
f 1614/1179/689 1634/1197/703 1582/1180/631
f 1322/1049/612 1392/1048/611 1413/1206/710
f 1198/1154/651 1413/1206/710 1392/1048/611
f 1198/1109/651 1260/1188/695 1413/1207/710
f 924/1086/635 970/1208/711 940/1155/653
f 1527/1156/676 1466/1148/672 1596/1209/712
f 244/1176/687 221/1210/702 245/1211/618
f 1620/1205/709 1614/1212/689 1585/1143/642
f 1655/1213/713 1605/1129/623 1634/1197/703
f 484/1079/630 606/1047/610 512/1214/714
f 606/1047/610 695/1190/697 512/1214/714
f 108/1199/411 75/1201/705 77/1215/559
f 1740/1216/715 1772/952/556 1757/1160/664
f 1772/952/556 1740/1216/715 1713/1183/692
f 1754/1100/645 1718/1191/698 1757/1132/664
f 1718/1191/698 1723/1182/691 1656/1217/716
f 1704/953/557 1692/1192/699 1658/1069/624
f 1356/966/564 1658/1069/624 1495/1218/717
f 1136/1120/658 1071/1153/675 1123/1219/718
f 1138/1173/684 1348/1220/719 1252/1147/671
f 1527/1156/676 1596/1209/712 1593/1175/686
f 1558/1168/682 1593/1175/686 1581/1204/708
f 192/1221/720 188/1082/632 212/1014/594
f 1568/1108/650 1601/1222/721 1447/1150/663
f 1238/1098/643 1317/1223/722 1188/1099/644
f 400/1181/690 305/1198/704 399/1083/633
f 1188/1099/644 1167/1224/723 1027/1151/674
f 512/1214/714 400/1181/690 484/1079/630
f 1718/1191/698 1694/1225/724 1757/1132/664
f 40/1133/665 78/1135/358 55/1185/462
f 1136/1120/658 1166/1226/725 1260/1188/695
f 985/1146/670 993/1227/726 924/1086/635
f 944/1102/647 930/1138/636 1060/1228/727
f 1641/1229/728 1593/1175/686 1596/1209/712
f 1640/1230/729 1593/1175/686 1641/1229/728
f 224/1231/730 255/1065/620 221/1195/702
f 1621/1114/654 1611/1170/683 1653/1232/731
f 1653/1232/731 1665/1139/667 1621/1114/654
f 209/1233/607 186/1234/641 198/1235/732
f 1317/1223/722 1167/1224/723 1188/1099/644
f 1724/1116/656 1549/1236/733 1723/1182/691
f 985/1146/670 1039/1136/666 1045/1237/734
f 1039/1136/666 1111/1165/681 1085/1238/735
f 1396/1164/680 1165/1172/652 1116/1167/582
f 940/1112/653 1028/1239/736 930/1138/636
f 1046/1123/659 944/1102/647 1060/1228/727
f 137/1240/707 60/1241/737 112/1242/561
f 1252/1147/671 1449/1243/738 1466/1148/672
f 1660/1244/739 1641/1229/728 1596/1209/712
f 228/1194/701 221/1210/702 244/1176/687
f 1581/1204/708 1593/1175/686 1640/1230/729
f 229/1149/673 255/1065/620 224/1231/730
f 1573/1189/696 1615/1245/740 1611/1170/683
f 243/1157/677 209/1106/607 198/1246/732
f 1655/1213/713 1671/1247/741 1605/1129/623
f 1605/1129/623 1671/1247/741 1638/1159/679
f 253/1046/609 213/1248/742 212/1014/594
f 1238/1098/643 1447/1130/663 1492/1249/743
f 609/1250/163 1446/1251/744 1384/1252/340
f 1694/1225/724 1740/1253/715 1757/1132/664
f 1227/1254/745 1111/1165/681 1165/1166/652
f 968/1255/746 940/1256/653 970/1257/711
f 968/1258/746 1028/1239/736 940/1112/653
f 1641/1229/728 1660/1244/739 1640/1230/729
f 1638/1159/679 1601/1222/721 1568/1108/650
f 253/1046/609 267/1045/608 213/1248/742
f 1718/1259/698 1656/1260/716 1694/1261/724
f 1729/1072/627 1713/1183/692 1692/1192/699
f 1123/1219/718 1166/1226/725 1136/1120/658
f 1039/1136/666 1085/1238/735 1045/1237/734
f 1396/1164/680 1322/1049/612 1413/1206/710
f 993/1262/726 970/1257/711 924/1263/635
f 1060/1228/727 1131/1264/747 1046/1123/659
f 1348/1220/719 1449/1243/738 1252/1147/671
f 1581/1204/708 1640/1230/729 1645/1265/748
f 244/1176/687 249/1177/688 248/1266/749
f 1665/1139/667 1648/1158/678 1650/1115/655
f 1572/1104/649 1622/1267/750 1620/1205/709
f 1447/1150/663 1601/1222/721 1492/1268/743
f 1492/1249/743 1317/1223/722 1238/1098/643
f 112/1269/561 60/1270/737 106/1161/282
f 930/1138/636 1028/1239/736 1060/1228/727
f 1596/1209/712 1466/1148/672 1449/1243/738
f 1660/1244/739 1645/1265/748 1640/1230/729
f 244/1176/687 248/1266/749 240/1193/700
f 172/1271/526 163/1272/751 160/1273/637
f 1573/1189/696 1581/1274/708 1615/1245/740
f 1583/1055/613 1622/1267/750 1572/1104/649
f 1620/1205/709 1622/1267/750 1587/1275/752
f 1620/1205/709 1587/1275/752 1614/1212/689
f 1027/1151/674 1043/1276/753 782/1071/626
f 1549/1277/733 1656/1260/716 1723/1278/691
f 1694/1261/724 1713/1279/692 1740/1280/715
f 1071/1153/675 1080/1281/694 1123/1219/718
f 1660/1244/739 1596/1209/712 1657/1282/754
f 160/1273/637 141/1283/755 166/1284/660
f 172/1271/526 167/1285/661 163/1272/751
f 189/1141/668 167/1125/661 200/940/550
f 1648/1158/678 1622/1267/750 1583/1055/613
f 1111/1165/681 1227/1254/745 1085/1238/735
f 1131/1264/747 1138/1173/684 1046/1123/659
f 1645/1265/748 1643/1286/756 1581/1204/708
f 267/1045/608 305/1198/704 288/1287/757
f 1043/1276/753 1027/1151/674 1167/1224/723
f 1413/1206/710 1429/1288/758 1396/1164/680
f 1348/1220/719 1138/1173/684 1222/1289/759
f 1660/1244/739 1667/1290/760 1645/1265/748
f 1615/1291/740 1581/1204/708 1637/1292/761
f 400/1181/690 405/1293/762 305/1198/704
f 400/1181/690 512/1214/714 449/1294/763
f 624/1295/764 512/1214/714 695/1190/697
f 1692/1192/699 1713/1183/692 1694/1296/724
f 1656/1260/716 1661/1297/765 1694/1261/724
f 1692/1192/699 1654/1298/766 1658/1069/624
f 1064/958/560 1130/1002/584 1104/1299/767
f 1045/1237/734 1055/1300/768 985/1146/670
f 1166/1226/725 1225/1301/769 1260/1188/695
f 1413/1207/710 1260/1188/695 1429/1302/758
f 1227/1254/745 1165/1166/652 1422/1303/770
f 1131/1264/747 1222/1289/759 1138/1173/684
f 1348/1220/719 1425/1304/771 1449/1243/738
f 1596/1209/712 1449/1243/738 1657/1282/754
f 228/1194/701 240/1193/700 248/1266/749
f 1615/1245/740 1659/1305/772 1611/1170/683
f 198/1235/732 186/1234/641 184/1306/773
f 1614/1179/689 1599/1307/774 1634/1197/703
f 288/1287/757 213/1248/742 267/1045/608
f 1661/1297/765 1692/1308/699 1694/1261/724
f 1104/1309/767 1054/1310/646 1064/1311/560
f 1660/1244/739 1657/1282/754 1711/1312/775
f 1655/1213/713 1712/1313/776 1671/1247/741
f 192/1314/720 212/1315/594 213/1316/742
f 400/1181/690 449/1294/763 405/1293/762
f 75/1201/705 85/1200/598 46/1202/706
f 1656/1260/716 1495/1317/717 1661/1297/765
f 1658/1069/624 1654/1298/766 1495/1218/717
f 1422/1318/770 1165/1172/652 1396/1164/680
f 106/1161/282 60/1270/737 65/1162/657
f 146/1319/777 160/1273/637 163/1272/751
f 1645/1265/748 1667/1290/760 1643/1286/756
f 1653/1232/731 1689/1320/778 1665/1139/667
f 1599/1307/774 1614/1179/689 1587/1321/752
f 188/1322/632 192/1314/720 183/1323/779
f 1692/1192/699 1661/1324/765 1654/1298/766
f 65/1162/657 50/1184/693 88/1186/259
f 224/1325/730 221/1210/702 215/1326/780
f 249/1177/688 243/1157/677 264/1327/781
f 1653/1232/731 1611/1170/683 1659/1305/772
f 1665/1139/667 1689/1320/778 1648/1158/678
f 305/1198/704 298/1328/782 288/1287/757
f 782/1071/626 1043/1276/753 825/1329/783
f 512/1214/714 526/1330/784 449/1294/763
f 1495/1317/717 1654/1331/766 1661/1297/765
f 1227/1254/745 1219/1332/785 1085/1238/735
f 1429/1288/758 1422/1318/770 1396/1164/680
f 970/1257/711 992/1333/786 968/1255/746
f 1710/1334/787 1711/1312/775 1657/1282/754
f 1711/1312/775 1667/1290/760 1660/1244/739
f 1667/1290/760 1676/1335/788 1643/1286/756
f 243/1157/677 198/1246/732 233/1336/789
f 1622/1267/750 1648/1158/678 1663/1337/790
f 1638/1159/679 1662/1338/791 1601/1222/721
f 305/1198/704 405/1293/762 298/1328/782
f 512/1214/714 624/1295/764 526/1330/784
f 1166/1226/725 1123/1219/718 1225/1301/769
f 993/1227/726 985/1146/670 994/1339/792
f 160/1273/637 146/1319/777 141/1283/755
f 264/1327/781 243/1157/677 270/1340/793
f 186/1234/641 188/1322/632 183/1323/779
f 1104/1309/767 1080/1341/694 1054/1310/646
f 1045/1237/734 1085/1238/735 1067/1342/794
f 235/1343/795 228/1194/701 248/1266/749
f 163/1272/751 167/1285/661 189/1344/668
f 1655/1213/713 1634/1197/703 1652/1345/796
f 1712/1313/776 1655/1213/713 1652/1345/796
f 782/1071/626 825/1329/783 695/1190/697
f 87/1346/797 60/1241/737 137/1240/707
f 221/1210/702 223/1347/798 215/1326/780
f 197/1348/799 189/1344/668 229/1349/673
f 1663/1337/790 1618/1350/800 1622/1267/750
f 1587/1275/752 1622/1267/750 1618/1350/800
f 1317/1351/722 1492/1268/743 1405/1352/801
f 624/1295/764 695/1190/697 663/1353/802
f 1656/1260/716 1549/1277/733 1495/1317/717
f 1260/1188/695 1225/1301/769 1429/1302/758
f 993/1262/726 991/1354/803 970/1257/711
f 1227/1254/745 1422/1303/770 1219/1332/785
f 1449/1243/738 1630/1355/804 1657/1282/754
f 228/1194/701 223/1347/798 221/1210/702
f 249/1177/688 264/1327/781 248/1266/749
f 1652/1345/796 1634/1197/703 1599/1307/774
f 1671/1247/741 1662/1338/791 1638/1159/679
f 405/1293/762 389/1356/805 298/1328/782
f 1167/1224/723 1317/1223/722 1076/1357/806
f 449/1294/763 389/1356/805 405/1293/762
f 1147/1358/807 1080/1281/694 1128/1359/808
f 1225/1301/769 1123/1219/718 1147/1358/807
f 1429/1360/758 1219/1332/785 1422/1303/770
f 1194/1361/809 1222/1289/759 1131/1264/747
f 1425/1304/771 1630/1355/804 1449/1243/738
f 1711/1312/775 1676/1335/788 1667/1290/760
f 1643/1286/756 1666/1362/810 1581/1204/708
f 1671/1247/741 1688/1363/811 1662/1338/791
f 526/1330/784 453/1364/812 449/1294/763
f 1446/1251/744 1724/1365/656 1384/1252/340
f 1085/1238/735 1219/1332/785 1184/1366/813
f 1429/1302/758 1225/1301/769 1219/1367/785
f 993/1262/726 994/1368/792 991/1354/803
f 1032/1369/814 968/1255/746 992/1333/786
f 1032/1369/814 1028/1370/736 968/1255/746
f 1657/1282/754 1691/1371/815 1710/1334/787
f 223/1347/798 228/1194/701 235/1343/795
f 1581/1204/708 1666/1362/810 1637/1372/761
f 1587/1275/752 1618/1350/800 1599/1373/774
f 213/1316/742 199/1374/816 192/1314/720
f 213/1316/742 288/1375/757 298/1376/782
f 1043/1276/753 1167/1224/723 1076/1357/806
f 449/1294/763 453/1364/812 389/1356/805
f 695/1190/697 825/1329/783 663/1353/802
f 1104/1309/767 1128/1377/808 1080/1341/694
f 1044/1378/817 1045/1237/734 1067/1342/794
f 1067/1342/794 1085/1238/735 1132/1379/818
f 1147/1358/807 1123/1219/718 1080/1281/694
f 1455/1380/819 1425/1304/771 1364/1381/820
f 1425/1304/771 1348/1220/719 1364/1381/820
f 1657/1282/754 1630/1355/804 1691/1371/815
f 1653/1232/731 1736/1382/821 1703/1383/822
f 270/1340/793 243/1157/677 233/1336/789
f 1653/1232/731 1703/1383/822 1689/1320/778
f 1689/1320/778 1702/1384/823 1648/1158/678
f 198/1235/732 184/1306/773 194/1385/824
f 186/1234/641 183/1323/779 184/1306/773
f 1662/1338/791 1635/1386/825 1601/1222/721
f 1601/1222/721 1635/1386/825 1492/1268/743
f 1659/1305/772 1736/1382/821 1653/1232/731
f 1703/1383/822 1705/1387/826 1689/1320/778
f 1702/1384/823 1663/1337/790 1648/1158/678
f 213/1316/742 298/1376/782 254/1388/827
f 28/1389/828 68/1145/532 40/1133/665
f 1185/780/449 1120/1390/829 1130/1002/584
f 1213/1391/830 1211/1392/831 1173/1393/832
f 1045/1237/734 1044/1378/817 1055/1300/768
f 1348/1220/719 1222/1289/759 1364/1381/820
f 1711/1312/775 1710/1334/787 1691/1371/815
f 1711/1312/775 1749/1394/833 1676/1335/788
f 163/1272/751 189/1344/668 197/1348/799
f 1716/1395/834 1659/1305/772 1615/1245/740
f 1727/1396/835 1689/1320/778 1705/1387/826
f 1727/1396/835 1702/1384/823 1689/1320/778
f 1702/1384/823 1720/1397/836 1663/1337/790
f 1317/1223/722 1405/1398/801 1363/1399/837
f 624/1295/764 510/1400/838 526/1330/784
f 46/1202/706 68/1145/532 28/1389/828
f 1130/1401/584 1120/1402/829 1104/1309/767
f 985/1146/670 1055/1300/768 987/1403/839
f 1132/1379/818 1085/1238/735 1184/1366/813
f 985/1146/670 987/1403/839 994/1339/792
f 991/1354/803 992/1333/786 970/1257/711
f 1032/1404/814 1160/1405/840 1060/1228/727
f 1691/1371/815 1749/1394/833 1711/1312/775
f 87/1346/797 137/1240/707 122/1406/841
f 137/1240/707 164/1407/685 147/1408/842
f 164/1407/685 166/1284/660 147/1408/842
f 166/1284/660 141/1283/755 147/1408/842
f 1676/1335/788 1708/1409/843 1643/1286/756
f 1727/1396/835 1734/1410/844 1702/1384/823
f 194/1385/824 233/1411/789 198/1235/732
f 1618/1412/800 1652/1345/796 1599/1307/774
f 1688/1363/811 1671/1247/741 1712/1313/776
f 1128/1377/808 1145/1413/845 1173/1414/832
f 1173/1415/832 1145/1416/845 1213/1417/830
f 1128/1359/808 1182/1418/846 1147/1358/807
f 1028/1239/736 1032/1404/814 1060/1228/727
f 1630/1355/804 1425/1304/771 1565/1419/847
f 223/1347/798 218/1420/848 215/1326/780
f 153/1421/849 163/1272/751 197/1348/799
f 1618/1350/800 1663/1337/790 1690/1422/850
f 1492/1268/743 1513/1423/851 1405/1352/801
f 453/1364/812 526/1330/784 510/1400/838
f 1724/1424/656 1603/1425/852 1549/1277/733
f 1185/780/449 1476/733/396 1177/1426/853
f 1120/1402/829 1128/1377/808 1104/1309/767
f 1173/1427/832 1182/1428/846 1128/1429/808
f 1211/1430/831 1182/1428/846 1173/1427/832
f 1219/1367/785 1147/1358/807 1184/1431/813
f 1225/1301/769 1147/1358/807 1219/1367/785
f 1194/1361/809 1235/1432/854 1222/1289/759
f 1676/1335/788 1749/1394/833 1708/1409/843
f 248/1266/749 264/1327/781 252/1433/855
f 234/1434/856 229/1349/673 224/1435/730
f 1727/1396/835 1705/1387/826 1733/1436/857
f 1705/1387/826 1703/1383/822 1733/1436/857
f 1727/1396/835 1733/1436/857 1734/1410/844
f 1446/1437/744 1603/1425/852 1724/1424/656
f 1213/1417/830 1145/1416/845 1211/1438/831
f 1044/1378/817 987/1403/839 1055/1300/768
f 1160/1405/840 1131/1264/747 1060/1228/727
f 1131/1264/747 1160/1405/840 1194/1361/809
f 1455/1380/819 1565/1419/847 1425/1304/771
f 1668/1439/858 1749/1394/833 1691/1371/815
f 147/1408/842 122/1406/841 137/1240/707
f 224/1325/730 215/1326/780 234/1440/856
f 1702/1384/823 1734/1410/844 1720/1397/836
f 1687/1441/859 1652/1442/796 1618/1350/800
f 1513/1423/851 1492/1268/743 1635/1386/825
f 1317/1223/722 1363/1399/837 1076/1357/806
f 1145/1416/845 1182/1428/846 1211/1438/831
f 1147/1358/807 1174/1443/860 1184/1431/813
f 1691/1371/815 1630/1355/804 1668/1439/858
f 1744/1444/861 1749/1394/833 1668/1439/858
f 222/1445/862 223/1347/798 235/1343/795
f 223/1347/798 222/1445/862 218/1420/848
f 1716/1395/834 1736/1382/821 1659/1305/772
f 1733/1436/857 1703/1383/822 1752/1446/863
f 1720/1397/836 1690/1422/850 1663/1337/790
f 1618/1350/800 1690/1422/850 1687/1441/859
f 75/1201/705 41/1447/864 77/1215/559
f 1118/1448/865 1067/1342/794 1132/1379/818
f 994/1368/792 945/1449/866 991/1354/803
f 1222/1289/759 1235/1432/854 1364/1381/820
f 234/1434/856 197/1348/799 229/1349/673
f 1615/1245/740 1680/1450/867 1716/1395/834
f 1789/1451/868 1734/1410/844 1733/1436/857
f 1144/1452/869 1145/1413/845 1120/1402/829
f 1145/1413/845 1128/1377/808 1120/1402/829
f 1145/1413/845 1148/1453/870 1182/1454/846
f 1118/1448/865 1108/1455/871 1067/1342/794
f 1147/1358/807 1182/1418/846 1174/1443/860
f 1184/1366/813 1174/1456/860 1132/1379/818
f 1630/1355/804 1565/1419/847 1668/1439/858
f 1708/1409/843 1749/1394/833 1719/1457/872
f 1615/1245/740 1696/1458/873 1680/1450/867
f 1703/1383/822 1732/1459/874 1752/1446/863
f 1720/1397/836 1747/1460/875 1690/1422/850
f 213/1316/742 254/1388/827 241/1461/876
f 1513/1423/851 1363/1462/837 1405/1352/801
f 1043/1276/753 1076/1357/806 825/1329/783
f 624/1295/764 663/1353/802 510/1400/838
f 1356/1463/564 1177/1426/853 1476/733/396
f 1067/1342/794 997/1464/877 1044/1378/817
f 979/1465/878 1032/1369/814 992/1333/786
f 1744/1444/861 1719/1457/872 1749/1394/833
f 1708/1409/843 1719/1457/872 1643/1286/756
f 234/1440/856 215/1326/780 218/1420/848
f 1637/1466/761 1696/1458/873 1615/1245/740
f 1712/1313/776 1681/1467/879 1688/1363/811
f 41/1447/864 75/1201/705 46/1202/706
f 27/1468/880 55/1185/462 50/1184/693
f 1174/1469/860 1182/1454/846 1148/1453/870
f 991/1354/803 945/1449/866 992/1333/786
f 1695/1470/881 1643/1286/756 1719/1457/872
f 1643/1286/756 1695/1470/881 1666/1362/810
f 235/1343/795 248/1266/749 252/1433/855
f 264/1327/781 270/1340/793 276/1471/882
f 1732/1472/874 1753/1473/883 1752/1474/863
f 1734/1410/844 1747/1460/875 1720/1397/836
f 199/1374/816 213/1316/742 241/1461/876
f 663/1353/802 612/1475/884 510/1400/838
f 1120/1402/829 1153/1476/885 1144/1452/869
f 992/1333/786 945/1449/866 979/1465/878
f 979/1465/878 1040/1477/886 1032/1369/814
f 1194/1361/809 1160/1405/840 1235/1432/854
f 1743/1478/887 1703/1383/822 1736/1382/821
f 192/1314/720 199/1374/816 183/1323/779
f 1633/1479/888 1635/1386/825 1662/1338/791
f 389/1356/805 453/1364/812 367/1480/889
f 1296/1481/890 1356/1482/564 1495/1317/717
f 1144/1452/869 1148/1453/870 1145/1413/845
f 1067/1342/794 1108/1455/871 1048/1483/891
f 1148/1453/870 1118/1484/865 1174/1469/860
f 1174/1456/860 1118/1448/865 1132/1379/818
f 65/1162/657 39/1485/892 50/1184/693
f 1032/1369/814 1040/1477/886 1089/1486/893
f 1089/1486/893 1160/1487/840 1032/1369/814
f 1668/1439/858 1730/1488/894 1744/1444/861
f 276/1471/882 270/1340/793 279/1489/895
f 1738/1490/896 1732/1459/874 1703/1383/822
f 1738/1491/896 1753/1473/883 1732/1472/874
f 1775/1492/897 1752/1474/863 1753/1473/883
f 254/1388/827 298/1376/782 367/1493/889
f 1744/1444/861 1755/1494/898 1719/1457/872
f 163/1272/751 153/1421/849 146/1319/777
f 1695/1470/881 1670/1495/899 1666/1362/810
f 1670/1495/899 1685/1496/900 1666/1362/810
f 1637/1372/761 1666/1362/810 1685/1496/900
f 1743/1478/887 1738/1490/896 1703/1383/822
f 1733/1497/857 1752/1474/863 1809/1498/901
f 389/1499/805 367/1493/889 298/1376/782
f 1153/1476/885 1148/1453/870 1144/1452/869
f 994/1339/792 987/1403/839 902/1500/902
f 1668/1439/858 1675/1501/903 1730/1488/894
f 1685/1502/900 1714/1503/904 1637/1466/761
f 153/1421/849 197/1348/799 161/1504/905
f 1752/1474/863 1775/1492/897 1809/1498/901
f 1753/1473/883 1763/1505/906 1775/1492/897
f 1733/1506/857 1809/1498/901 1789/1507/868
f 1789/1451/868 1818/1508/907 1734/1410/844
f 1747/1460/875 1734/1410/844 1818/1508/907
f 1687/1509/859 1690/1510/850 1701/1511/908
f 1652/1345/796 1693/1512/909 1712/1313/776
f 1688/1363/811 1633/1479/888 1662/1338/791
f 1635/1386/825 1571/1513/910 1513/1423/851
f 510/1400/838 612/1475/884 473/1514/911
f 945/1515/866 994/1339/792 902/1500/902
f 1668/1439/858 1565/1419/847 1675/1501/903
f 1730/1488/894 1755/1494/898 1744/1444/861
f 1726/1516/912 1695/1470/881 1719/1457/872
f 1696/1458/873 1642/1517/913 1680/1450/867
f 270/1340/793 233/1336/789 279/1489/895
f 1753/1473/883 1738/1491/896 1763/1505/906
f 1775/1492/897 1763/1505/906 1809/1498/901
f 1747/1460/875 1701/1518/908 1690/1422/850
f 1687/1509/859 1701/1511/908 1652/1345/796
f 1652/1345/796 1701/1511/908 1693/1512/909
f 1076/1357/806 1363/1399/837 1146/1519/914
f 40/1133/665 55/1185/462 27/1468/880
f 1726/1516/912 1719/1457/872 1755/1494/898
f 235/1343/795 252/1433/855 238/1520/915
f 1714/1503/904 1686/1521/916 1637/1466/761
f 1696/1458/873 1637/1466/761 1686/1521/916
f 1743/1478/887 1746/1522/917 1738/1490/896
f 1712/1313/776 1693/1512/909 1681/1467/879
f 1309/1523/918 1363/1462/837 1513/1423/851
f 1153/1476/885 1108/1524/871 1148/1453/870
f 1067/1525/794 1048/1526/891 997/1527/877
f 1160/1487/840 1089/1486/893 1127/1528/919
f 264/1327/781 276/1471/882 252/1433/855
f 1738/1491/896 1746/1529/917 1763/1505/906
f 1747/1530/875 1764/1531/920 1701/1511/908
f 663/1353/802 825/1329/783 778/1532/921
f 1356/1463/564 1193/1533/922 1177/1426/853
f 1162/1534/923 1120/1390/829 1185/780/449
f 1148/1453/870 1108/1524/871 1118/1484/865
f 987/1403/839 1044/1378/817 997/1464/877
f 1089/1486/893 1040/1477/886 1127/1528/919
f 1127/1535/919 1235/1432/854 1160/1405/840
f 1565/1419/847 1455/1380/819 1441/1536/924
f 1455/1380/819 1364/1381/820 1441/1536/924
f 1364/1381/820 1235/1432/854 1253/1537/925
f 1716/1395/834 1680/1450/867 1642/1517/913
f 1716/1395/834 1682/1538/926 1736/1382/821
f 1834/1539/927 1789/1507/868 1809/1498/901
f 453/1540/812 473/1541/911 367/1493/889
f 473/1514/911 453/1364/812 510/1400/838
f 1076/1357/806 778/1532/921 825/1329/783
f 663/1353/802 778/1532/921 612/1475/884
f 1549/1277/733 1603/1425/852 1516/1542/928
f 1649/1543/929 1730/1488/894 1675/1501/903
f 1755/1494/898 1737/1544/930 1726/1516/912
f 141/1283/755 146/1319/777 128/1545/931
f 222/1546/862 235/1343/795 238/1520/915
f 274/1547/932 269/1548/933 273/1549/934
f 1716/1395/834 1642/1517/913 1682/1538/926
f 1809/1498/901 1763/1505/906 1801/1550/935
f 1834/1539/927 1818/1551/907 1789/1507/868
f 1818/1551/907 1826/1552/936 1764/1531/920
f 1818/1551/907 1764/1531/920 1747/1530/875
f 1677/1553/937 1693/1512/909 1701/1511/908
f 39/1485/892 65/1162/657 60/1270/737
f 1040/1477/886 979/1465/878 1015/1554/938
f 1565/1419/847 1441/1536/924 1577/1555/939
f 1737/1544/930 1755/1494/898 1730/1488/894
f 1695/1470/881 1726/1516/912 1670/1495/899
f 153/1421/849 128/1545/931 146/1319/777
f 1762/1556/940 1763/1505/906 1746/1529/917
f 1633/1479/888 1571/1513/910 1635/1386/825
f 202/1557/941 199/1374/816 241/1461/876
f 41/1447/864 46/1202/706 23/1558/942
f 955/1559/943 979/1465/878 945/1449/866
f 1015/1554/938 979/1465/878 955/1559/943
f 1235/1432/854 1127/1535/919 1129/1560/944
f 1235/1432/854 1129/1560/944 1253/1537/925
f 1364/1381/820 1253/1537/925 1441/1536/924
f 1675/1501/903 1565/1419/847 1577/1555/939
f 1737/1544/930 1709/1561/945 1726/1516/912
f 1726/1516/912 1709/1561/945 1670/1495/899
f 222/1562/862 238/1563/915 218/1564/848
f 1685/1565/900 1686/1521/916 1714/1503/904
f 1736/1382/821 1678/1566/946 1743/1478/887
f 1746/1529/917 1748/1567/947 1762/1556/940
f 1762/1556/940 1801/1550/935 1763/1505/906
f 1677/1553/937 1628/1568/948 1693/1512/909
f 1363/1399/837 1309/1569/918 1146/1519/914
f 1162/1534/923 1153/1570/885 1120/1390/829
f 27/1468/880 50/1184/693 39/1485/892
f 1015/1554/938 955/1559/943 972/1571/949
f 1127/1528/919 1040/1477/886 1015/1554/938
f 161/1504/905 197/1348/799 236/1572/950
f 1684/1573/951 1642/1517/913 1696/1458/873
f 1743/1574/887 1683/1575/952 1746/1529/917
f 279/1489/895 233/1336/789 247/1576/953
f 1683/1575/952 1748/1567/947 1746/1529/917
f 913/1577/954 987/1403/839 997/1464/877
f 1649/1543/929 1675/1501/903 1577/1555/939
f 128/1545/931 147/1408/842 141/1283/755
f 276/1578/882 279/1579/895 301/1580/955
f 1686/1521/916 1684/1573/951 1696/1458/873
f 1818/1551/907 1834/1539/927 1830/1581/956
f 1818/1551/907 1830/1581/956 1826/1552/936
f 1701/1511/908 1764/1531/920 1739/1582/957
f 1701/1511/908 1739/1582/957 1677/1553/937
f 183/1323/779 199/1374/816 202/1557/941
f 1079/1583/958 1048/1483/891 1125/1584/959
f 1125/1584/959 1048/1483/891 1108/1455/871
f 1127/1528/919 1015/1554/938 1129/1585/944
f 1730/1488/894 1649/1543/929 1737/1544/930
f 147/1586/842 128/1587/931 122/1588/841
f 269/1589/933 274/1590/932 277/1591/960
f 1682/1538/926 1678/1566/946 1736/1382/821
f 1748/1567/947 1741/1592/961 1762/1556/940
f 1809/1498/901 1801/1550/935 1834/1539/927
f 233/1411/789 194/1385/824 247/1593/953
f 184/1306/773 183/1323/779 195/1594/962
f 1688/1363/811 1624/1595/963 1633/1479/888
f 1495/1317/717 1549/1277/733 1516/1542/928
f 1185/780/449 1177/1426/853 1162/1534/923
f 919/1596/964 913/1577/954 997/1464/877
f 153/1597/849 161/1598/905 128/1587/931
f 274/1599/932 275/1600/965 277/1601/960
f 269/1602/933 275/1600/965 273/1603/934
f 273/1603/934 275/1600/965 282/1604/966
f 275/1600/965 274/1599/932 282/1604/966
f 284/1605/967 282/1604/966 274/1599/932
f 282/1604/966 278/1606/968 273/1603/934
f 278/1607/968 284/1608/967 273/1609/934
f 274/1599/932 273/1610/934 284/1605/967
f 1685/1565/900 1606/1611/969 1686/1521/916
f 234/1612/856 218/1613/848 238/1614/915
f 276/1615/882 287/1616/970 252/1617/855
f 1834/1539/927 1801/1550/935 1830/1581/956
f 1764/1531/920 1776/1618/971 1739/1582/957
f 1764/1531/920 1826/1552/936 1776/1618/971
f 1688/1363/811 1681/1467/879 1624/1595/963
f 1494/1619/972 1309/1523/918 1513/1423/851
f 1108/1620/871 1153/1570/885 1178/1621/973
f 1441/1536/924 1253/1537/925 1187/1622/974
f 95/1623/975 87/1624/797 122/1588/841
f 280/1625/976 275/1626/965 269/1627/933
f 282/1604/966 280/1628/976 278/1606/968
f 280/1629/976 282/1630/966 284/1631/967
f 287/1616/970 276/1615/882 291/1632/977
f 236/1633/950 234/1612/856 256/1634/978
f 236/1633/950 197/1635/799 234/1612/856
f 301/1580/955 279/1579/895 318/1636/979
f 1717/1637/980 1728/1638/981 1748/1567/947
f 1748/1567/947 1728/1638/981 1741/1592/961
f 778/1532/921 1076/1357/806 1146/1519/914
f 1178/1621/973 1153/1570/885 1162/1534/923
f 1178/1621/973 1125/1639/959 1108/1620/871
f 945/1640/866 883/1641/982 955/1642/943
f 883/1641/982 972/1643/949 955/1642/943
f 277/1644/960 275/1645/965 280/1629/976
f 280/1625/976 269/1627/933 278/1646/968
f 276/1615/882 284/1647/967 291/1632/977
f 294/1648/983 287/1616/970 291/1632/977
f 276/1578/882 303/1649/984 294/1650/983
f 1678/1566/946 1683/1651/952 1743/1478/887
f 1801/1550/935 1762/1556/940 1756/1652/985
f 1756/1652/985 1762/1556/940 1770/1653/986
f 1762/1556/940 1741/1592/961 1770/1653/986
f 1826/1552/936 1830/1581/956 1776/1618/971
f 1600/1654/987 1628/1568/948 1677/1553/937
f 1600/1654/987 1556/1655/988 1628/1568/948
f 194/1385/824 184/1306/773 195/1594/962
f 1681/1467/879 1693/1512/909 1628/1568/948
f 183/1323/779 202/1557/941 195/1594/962
f 1495/1317/717 1516/1542/928 1296/1481/890
f 87/1656/797 64/1657/989 60/1270/737
f 1674/1658/990 1670/1495/899 1709/1561/945
f 1685/1496/900 1670/1495/899 1606/1659/969
f 280/1629/976 284/1631/967 277/1644/960
f 291/1632/977 293/1660/991 294/1648/983
f 276/1615/882 294/1648/983 293/1660/991
f 238/1614/915 256/1634/978 234/1612/856
f 252/1661/855 287/1662/970 238/1663/915
f 276/1578/882 301/1580/955 303/1649/984
f 1642/1517/913 1684/1573/951 1590/1664/992
f 1594/1665/993 1678/1566/946 1682/1538/926
f 318/1636/979 279/1579/895 247/1666/953
f 1683/1575/952 1717/1637/980 1748/1567/947
f 1600/1654/987 1677/1553/937 1629/1667/994
f 1681/1467/879 1628/1568/948 1627/1668/995
f 612/1475/884 627/1669/996 473/1514/911
f 627/1669/996 612/1475/884 778/1532/921
f 902/1670/902 987/1671/839 913/1672/954
f 1253/1537/925 1129/1560/944 1113/1673/997
f 1253/1537/925 1113/1673/997 1187/1622/974
f 1722/1674/998 1737/1544/930 1649/1543/929
f 1722/1674/998 1709/1561/945 1737/1544/930
f 281/1675/999 284/1676/967 278/1677/968
f 293/1660/991 291/1632/977 284/1647/967
f 1684/1573/951 1686/1521/916 1590/1664/992
f 1739/1582/957 1629/1667/994 1677/1553/937
f 1446/1437/744 609/1678/163 1434/1679/1000
f 1296/1481/890 1193/1680/922 1356/1482/564
f 28/1389/828 40/1133/665 18/1681/1001
f 1048/1682/891 966/1683/1002 997/1684/877
f 945/1640/866 902/1670/902 883/1641/982
f 1015/1685/938 972/1643/949 982/1686/1003
f 277/1687/960 284/1688/967 299/1689/1004
f 284/1690/967 276/1691/882 299/1692/1004
f 299/1692/1004 276/1691/882 295/1693/1005
f 281/1694/999 293/1695/991 284/1696/967
f 293/1660/991 295/1697/1005 276/1615/882
f 294/1698/983 256/1699/978 287/1662/970
f 256/1699/978 294/1698/983 303/1700/984
f 1717/1637/980 1706/1701/1006 1728/1638/981
f 1830/1581/956 1801/1550/935 1777/1702/1007
f 1770/1653/986 1741/1592/961 1721/1703/1008
f 1830/1581/956 1777/1702/1007 1776/1618/971
f 1628/1568/948 1556/1655/988 1627/1668/995
f 1598/1704/1009 1571/1513/910 1633/1479/888
f 1513/1423/851 1571/1513/910 1494/1619/972
f 1125/1639/959 1178/1621/973 1156/1705/1010
f 1015/1685/938 982/1686/1003 1113/1706/997
f 1015/1685/938 1113/1706/997 1129/1707/944
f 122/1588/841 80/1708/1011 95/1623/975
f 269/1627/933 277/1644/960 278/1646/968
f 278/1646/968 277/1644/960 281/1709/999
f 295/1693/1005 281/1710/999 299/1692/1004
f 293/1695/991 281/1694/999 310/1711/1012
f 281/1694/999 295/1712/1005 310/1711/1012
f 312/1713/1013 293/1695/991 310/1711/1012
f 303/1714/984 293/1715/1014 299/1716/1004
f 303/1714/984 313/1717/1015 293/1715/1014
f 238/1663/915 287/1662/970 256/1699/978
f 309/1718/1016 256/1699/978 303/1700/984
f 331/1719/1017 303/1649/984 301/1580/955
f 1770/1653/986 1721/1703/1008 1756/1652/985
f 1721/1703/1008 1728/1638/981 1706/1701/1006
f 1741/1592/961 1728/1638/981 1721/1703/1008
f 1739/1582/957 1679/1720/1018 1629/1667/994
f 473/1541/911 444/1721/1019 367/1493/889
f 122/1588/841 128/1587/931 80/1708/1011
f 152/1722/1020 128/1587/931 161/1598/905
f 299/1692/1004 293/1723/1014 315/1724/1021
f 315/1724/1021 293/1723/1014 309/1725/1016
f 309/1725/1016 303/1714/984 299/1716/1004
f 313/1726/1015 309/1725/1016 293/1723/1014
f 1606/1727/969 1608/1728/1022 1686/1521/916
f 1590/1664/992 1686/1521/916 1608/1728/1022
f 1594/1665/993 1682/1538/926 1597/1729/1023
f 1669/1730/1024 1717/1637/980 1683/1575/952
f 1717/1637/980 1669/1730/1024 1706/1701/1006
f 1801/1550/935 1756/1652/985 1777/1702/1007
f 1697/1731/1025 1739/1582/957 1776/1618/971
f 1617/1732/1026 1627/1668/995 1556/1655/988
f 366/1733/1027 367/1493/889 444/1721/1019
f 977/1734/1028 778/1532/921 1146/1519/914
f 46/1202/706 28/1389/828 23/1558/942
f 1670/1495/899 1586/1735/1029 1606/1659/969
f 299/1736/1004 281/1675/999 290/1737/1030
f 309/1738/1016 313/1739/1015 319/1740/1031
f 313/1741/1015 303/1700/984 331/1742/1017
f 194/1385/824 195/1594/962 210/1743/1032
f 272/1744/1033 241/1461/876 254/1388/827
f 1162/1534/923 1177/1426/853 1178/1621/973
f 982/1745/1003 1017/1746/1034 1113/1673/997
f 87/1624/797 95/1623/975 64/1747/989
f 1674/1658/990 1709/1561/945 1722/1674/998
f 277/1687/960 299/1689/1004 292/1748/1035
f 277/1687/960 290/1737/1030 281/1675/999
f 299/1716/1004 308/1749/1036 309/1725/1016
f 309/1725/1016 308/1749/1036 327/1750/1037
f 308/1749/1036 315/1724/1021 327/1750/1037
f 315/1724/1021 309/1725/1016 327/1750/1037
f 320/1751/1038 319/1740/1031 311/1752/1039
f 319/1753/1031 313/1741/1015 331/1742/1017
f 1706/1701/1006 1669/1730/1024 1651/1754/1040
f 1706/1701/1006 1651/1754/1040 1698/1755/1041
f 1698/1755/1041 1721/1703/1008 1706/1701/1006
f 1777/1702/1007 1697/1731/1025 1776/1618/971
f 1629/1667/994 1559/1756/1042 1600/1654/987
f 1600/1654/987 1559/1756/1042 1556/1655/988
f 1556/1655/988 1579/1757/1043 1617/1732/1026
f 1146/1519/914 1309/1758/918 1157/1759/1044
f 18/1681/1001 40/1133/665 27/1468/880
f 883/1641/982 853/1760/1045 972/1643/949
f 853/1760/1045 880/1761/1046 972/1643/949
f 1577/1555/939 1506/1762/1047 1649/1543/929
f 277/1687/960 292/1748/1035 290/1737/1030
f 1670/1495/899 1674/1658/990 1586/1735/1029
f 292/1748/1035 299/1689/1004 315/1763/1021
f 290/1737/1030 308/1764/1036 299/1736/1004
f 317/1765/1048 311/1766/1039 308/1764/1036
f 315/1767/1021 308/1768/1036 311/1769/1039
f 327/1770/1049 311/1771/1039 317/1772/1048
f 327/1770/1049 317/1772/1048 320/1751/1038
f 320/1751/1038 317/1772/1048 319/1740/1031
f 317/1772/1048 325/1773/1050 319/1740/1031
f 311/1774/1039 319/1775/1031 328/1776/1051
f 328/1776/1051 256/1777/978 309/1738/1016
f 328/1776/1051 309/1738/1016 325/1773/1050
f 325/1773/1050 309/1738/1016 319/1740/1031
f 256/1777/978 328/1776/1051 319/1775/1031
f 256/1777/978 319/1775/1031 331/1778/1017
f 331/1719/1017 301/1580/955 338/1779/1052
f 1756/1652/985 1721/1703/1008 1698/1755/1041
f 1698/1755/1041 1777/1702/1007 1756/1652/985
f 1679/1720/1018 1739/1582/957 1697/1731/1025
f 217/1780/1053 195/1594/962 202/1557/941
f 1146/1519/914 1157/1759/1044 977/1734/1028
f 1048/1781/891 1079/1782/958 966/1683/1002
f 997/1684/877 966/1683/1002 919/1783/964
f 982/1686/1003 972/1643/949 880/1761/1046
f 292/1748/1035 315/1763/1021 311/1784/1039
f 292/1785/1035 311/1769/1039 326/1786/1054
f 308/1764/1036 326/1787/1054 317/1765/1048
f 326/1788/1054 325/1773/1050 317/1772/1048
f 325/1789/1050 326/1786/1054 311/1769/1039
f 325/1773/1050 332/1790/1055 330/1791/1056
f 325/1792/1050 311/1774/1039 332/1793/1055
f 311/1774/1039 328/1776/1051 332/1793/1055
f 330/1791/1056 328/1776/1051 325/1773/1050
f 330/1791/1056 331/1794/1017 328/1776/1051
f 331/1794/1017 332/1793/1055 328/1776/1051
f 331/1719/1017 338/1779/1052 332/1795/1055
f 256/1796/978 331/1797/1017 330/1798/1056
f 161/1799/905 187/1800/1057 152/1801/1020
f 161/1799/905 226/1802/1058 187/1800/1057
f 1597/1729/1023 1682/1538/926 1642/1517/913
f 1683/1575/952 1678/1803/946 1647/1804/1059
f 194/1385/824 210/1743/1032 260/1805/1060
f 1512/1806/1061 1494/1619/972 1571/1513/910
f 627/1807/996 778/1532/921 977/1734/1028
f 1625/1808/1062 1619/1809/1063 1446/1437/744
f 1619/1809/1063 1603/1425/852 1446/1437/744
f 1516/1542/928 1603/1425/852 1574/1810/1064
f 1177/1426/853 1193/1533/922 1178/1621/973
f 1139/1811/1065 1079/1812/958 1125/1813/959
f 1441/1536/924 1506/1762/1047 1577/1555/939
f 1441/1536/924 1187/1622/974 1268/1814/1066
f 1664/1815/1067 1722/1674/998 1649/1543/929
f 290/1737/1030 326/1787/1054 308/1764/1036
f 332/1816/1055 338/1779/1052 326/1786/1054
f 1669/1730/1024 1683/1575/952 1647/1804/1059
f 1651/1754/1040 1673/1817/1068 1697/1731/1025
f 1698/1755/1041 1697/1731/1025 1777/1702/1007
f 1697/1731/1025 1673/1817/1068 1679/1720/1018
f 1679/1720/1018 1673/1817/1068 1623/1818/1069
f 210/1743/1032 195/1594/962 217/1780/1053
f 1624/1595/963 1598/1704/1009 1633/1479/888
f 254/1388/827 366/1733/1027 272/1744/1033
f 1403/1819/1070 1309/1523/918 1494/1619/972
f 254/1388/827 367/1493/889 366/1733/1027
f 1434/1679/1000 1552/1820/1071 1446/1437/744
f 1574/1810/1064 1603/1425/852 1619/1809/1063
f 1528/1821/1072 1296/1481/890 1516/1542/928
f 1487/1822/1073 1296/1481/890 1528/1821/1072
f 1193/1533/922 1156/1705/1010 1178/1621/973
f 36/1823/1074 39/1485/892 60/1270/737
f 1187/1622/974 1113/1673/997 1017/1746/1034
f 1115/1824/1075 1187/1622/974 1017/1746/1034
f 1664/1815/1067 1674/1658/990 1722/1674/998
f 161/1799/905 236/1633/950 226/1802/1058
f 318/1636/979 381/1825/1076 301/1580/955
f 1697/1731/1025 1698/1755/1041 1651/1754/1040
f 1651/1754/1040 1623/1818/1069 1673/1817/1068
f 1629/1667/994 1679/1720/1018 1623/1818/1069
f 1598/1704/1009 1512/1806/1061 1571/1513/910
f 1309/1758/918 1189/1826/1077 1157/1759/1044
f 1446/1437/744 1552/1820/1071 1625/1808/1062
f 1574/1810/1064 1510/1827/1078 1516/1542/928
f 1516/1542/928 1510/1827/1078 1528/1821/1072
f 1487/1822/1073 1528/1821/1072 1510/1827/1078
f 1487/1822/1073 1448/1828/1079 1296/1481/890
f 1448/1828/1079 1221/1829/1080 1296/1481/890
f 1296/1830/890 1221/1831/1080 1193/1533/922
f 1139/1811/1065 1125/1813/959 1156/1832/1010
f 1426/1833/1081 1506/1762/1047 1441/1536/924
f 1441/1536/924 1268/1814/1066 1426/1833/1081
f 292/1748/1035 326/1834/1054 338/1835/1052
f 330/1798/1056 332/1836/1055 342/1837/1082
f 330/1798/1056 342/1837/1082 256/1796/978
f 1642/1838/913 1590/1839/992 1597/1840/1023
f 1669/1730/1024 1647/1804/1059 1651/1754/1040
f 247/1593/953 194/1385/824 260/1805/1060
f 1494/1619/972 1512/1806/1061 1403/1819/1070
f 697/1841/1083 627/1807/996 977/1734/1028
f 1625/1808/1062 1576/1842/1084 1619/1809/1063
f 1221/1829/1080 1448/1828/1079 1374/1843/1085
f 1221/1831/1080 1164/1844/1086 1193/1533/922
f 1079/1782/958 1139/1845/1065 1088/1846/1087
f 1193/1533/922 1164/1844/1086 1156/1705/1010
f 64/1657/989 36/1823/1074 60/1270/737
f 1674/1658/990 1631/1847/1088 1586/1735/1029
f 290/1737/1030 332/1836/1055 326/1787/1054
f 256/1634/978 342/1848/1082 236/1633/950
f 1629/1667/994 1623/1818/1069 1559/1756/1042
f 1556/1655/988 1564/1849/1089 1579/1757/1043
f 272/1744/1033 202/1557/941 241/1461/876
f 1619/1809/1063 1576/1842/1084 1574/1810/1064
f 1631/1847/1088 1674/1658/990 1664/1815/1067
f 1678/1803/946 1569/1850/1090 1647/1804/1059
f 1487/1822/1073 1435/1851/1091 1448/1828/1079
f 1079/1782/958 1088/1846/1087 966/1683/1002
f 290/1737/1030 341/1852/1092 332/1836/1055
f 341/1852/1092 342/1837/1082 332/1836/1055
f 1559/1756/1042 1564/1849/1089 1556/1655/988
f 1403/1819/1070 1189/1853/1077 1309/1523/918
f 1576/1842/1084 1560/1854/1093 1574/1810/1064
f 1435/1851/1091 1278/1855/1094 1448/1828/1079
f 1278/1855/1094 1374/1843/1085 1448/1828/1079
f 1221/1831/1080 1374/1856/1085 1218/1857/1095
f 1201/1858/1096 1210/1859/1097 1221/1831/1080
f 1210/1859/1097 1164/1844/1086 1221/1831/1080
f 1065/1860/1098 1139/1811/1065 1156/1832/1010
f 1156/1832/1010 1164/1861/1086 1084/1862/1099
f 39/1485/892 11/1863/1100 27/1468/880
f 902/1670/902 819/1864/1101 883/1641/982
f 883/1641/982 819/1864/1101 839/1865/1102
f 113/1866/1103 80/1708/1011 128/1587/931
f 351/1867/1104 290/1868/1030 292/1869/1035
f 292/1869/1035 338/1779/1052 351/1867/1104
f 1569/1850/1090 1678/1803/946 1594/1870/993
f 354/1871/1105 318/1872/979 247/1593/953
f 260/1805/1060 354/1871/1105 247/1593/953
f 1537/1873/1106 1564/1849/1089 1559/1756/1042
f 202/1557/941 272/1744/1033 217/1780/1053
f 478/1874/1107 444/1721/1019 473/1541/911
f 977/1734/1028 1157/1759/1044 983/1875/1108
f 627/1876/996 478/1874/1107 473/1541/911
f 609/1678/163 1353/1877/1109 1434/1679/1000
f 1432/1878/1110 1504/1879/1111 1434/1880/1000
f 1574/1810/1064 1560/1854/1093 1440/1881/1112
f 1510/1827/1078 1474/1882/1113 1487/1822/1073
f 1487/1822/1073 1474/1882/1113 1435/1851/1091
f 1156/1832/1010 1084/1862/1099 1065/1860/1098
f 839/1865/1102 853/1760/1045 883/1641/982
f 1664/1815/1067 1649/1543/929 1604/1883/1114
f 121/1884/1115 128/1587/931 152/1722/1020
f 1606/1885/969 1586/1886/1029 1518/1887/1116
f 1467/1888/1117 1608/1889/1022 1606/1885/969
f 983/1875/1108 1157/1759/1044 1189/1826/1077
f 1504/1879/1111 1432/1878/1110 1519/1890/1118
f 1519/1890/1118 1525/1891/1119 1504/1879/1111
f 1374/1843/1085 1278/1855/1094 1218/1892/1095
f 1065/1893/1098 1088/1894/1087 1139/1895/1065
f 819/1864/1101 902/1670/902 913/1672/954
f 1649/1543/929 1506/1762/1047 1604/1883/1114
f 113/1866/1103 128/1587/931 121/1884/1115
f 1664/1815/1067 1644/1896/1120 1631/1847/1088
f 162/1897/1121 152/1801/1020 187/1800/1057
f 290/1737/1030 351/1898/1104 341/1852/1092
f 301/1580/955 351/1867/1104 338/1779/1052
f 301/1580/955 381/1825/1076 351/1867/1104
f 1503/1899/1122 1590/1839/992 1608/1889/1022
f 1590/1839/992 1503/1899/1122 1597/1840/1023
f 1624/1595/963 1681/1467/879 1627/1668/995
f 1432/1878/1110 1482/1900/1123 1519/1890/1118
f 1574/1810/1064 1462/1901/1124 1510/1827/1078
f 1349/1902/1125 1439/1903/1126 1432/1878/1110
f 1482/1900/1123 1432/1878/1110 1439/1903/1126
f 908/1904/1127 919/1783/964 966/1683/1002
f 381/1825/1076 318/1636/979 354/1905/1105
f 1647/1804/1059 1591/1906/1128 1651/1754/1040
f 1651/1754/1040 1591/1906/1128 1623/1818/1069
f 1552/1820/1071 1434/1679/1000 1543/1907/1129
f 1525/1891/1119 1540/1908/1130 1543/1909/1129
f 1434/1880/1000 1504/1879/1111 1543/1909/1129
f 1543/1909/1129 1504/1879/1111 1525/1891/1119
f 1218/1857/1095 1201/1858/1096 1221/1831/1080
f 1088/1894/1087 1065/1893/1098 1074/1910/1131
f 1107/1911/1132 1084/1912/1099 1164/1861/1086
f 982/1745/1003 880/1913/1046 969/1914/1133
f 982/1745/1003 969/1914/1133 1017/1746/1034
f 1644/1896/1120 1664/1815/1067 1604/1883/1114
f 1631/1847/1088 1563/1915/1134 1586/1735/1029
f 342/1848/1082 226/1802/1058 236/1633/950
f 1518/1887/1116 1467/1888/1117 1606/1885/969
f 1467/1888/1117 1503/1899/1122 1608/1889/1022
f 1623/1818/1069 1479/1916/1135 1559/1756/1042
f 1372/1917/1136 1278/1855/1094 1435/1851/1091
f 1084/1918/1099 1002/1919/1137 1065/1893/1098
f 70/1920/1138 64/1747/989 95/1623/975
f 1016/1921/1139 1017/1746/1034 969/1914/1133
f 1115/1824/1075 1017/1746/1034 1016/1921/1139
f 1268/1814/1066 1187/1622/974 1115/1824/1075
f 1563/1922/1134 1518/1887/1116 1586/1886/1029
f 1647/1804/1059 1569/1923/1090 1591/1906/1128
f 1559/1756/1042 1479/1916/1135 1537/1873/1106
f 1564/1849/1089 1530/1924/1140 1579/1757/1043
f 1553/1925/1141 1627/1668/995 1617/1732/1026
f 1625/1808/1062 1588/1926/1142 1576/1842/1084
f 1462/1901/1124 1574/1810/1064 1440/1881/1112
f 1519/1890/1118 1482/1900/1123 1511/1927/1143
f 1418/1928/1144 1439/1903/1126 1349/1902/1125
f 1402/1929/1145 1418/1928/1144 1349/1902/1125
f 1349/1902/1125 1288/1930/1146 1402/1929/1145
f 1288/1930/1146 1312/1931/1147 1402/1929/1145
f 966/1683/1002 1088/1846/1087 1074/1910/1131
f 18/1681/1001 27/1468/880 5/1932/1148
f 1065/1893/1098 1011/1933/1149 1074/1910/1131
f 1107/1911/1132 984/1934/1150 1084/1912/1099
f 1084/1918/1099 1001/1935/1151 1002/1919/1137
f 911/1936/1152 913/1672/954 919/1937/964
f 913/1672/954 726/1938/1153 819/1864/1101
f 351/1898/1104 377/1939/1154 341/1852/1092
f 1534/1940/1155 1597/1840/1023 1503/1899/1122
f 1597/1840/1023 1534/1940/1155 1594/1941/993
f 1579/1757/1043 1530/1924/1140 1460/1942/1156
f 627/1876/996 539/1943/1157 478/1874/1107
f 1543/1909/1129 1540/1908/1130 1552/1944/1071
f 1525/1891/1119 1519/1890/1118 1540/1908/1130
f 1402/1929/1145 1312/1931/1147 1410/1945/1158
f 1402/1929/1145 1410/1945/1158 1418/1928/1144
f 1410/1945/1158 1312/1931/1147 1368/1946/1159
f 1298/1947/1160 1288/1948/1146 1234/1949/1161
f 1084/1912/1099 984/1934/1150 1001/1950/1151
f 911/1936/1152 726/1938/1153 913/1672/954
f 839/1865/1102 780/1951/1162 853/1760/1045
f 95/1623/975 80/1708/1011 70/1920/1138
f 1506/1762/1047 1426/1833/1081 1463/1952/1163
f 383/1953/1164 377/1939/1154 351/1898/1104
f 1617/1732/1026 1579/1757/1043 1553/1925/1141
f 1627/1668/995 1553/1925/1141 1624/1595/963
f 1598/1704/1009 1478/1954/1165 1512/1806/1061
f 697/1955/1083 977/1956/1028 983/1957/1108
f 697/1955/1083 539/1943/1157 627/1876/996
f 1432/1878/1110 1339/1958/1166 1349/1902/1125
f 1444/1959/1167 1482/1900/1123 1439/1903/1126
f 1312/1960/1147 1288/1948/1146 1298/1947/1160
f 1074/1910/1131 1011/1933/1149 966/1683/1002
f 1011/1933/1149 1065/1893/1098 1002/1919/1137
f 11/1863/1100 39/1485/892 20/1961/1168
f 773/1962/1169 839/1865/1102 819/1864/1101
f 969/1914/1133 880/1913/1046 864/1963/1170
f 1506/1762/1047 1463/1952/1163 1604/1883/1114
f 1115/1824/1075 1016/1921/1139 1106/1964/1171
f 1604/1883/1114 1544/1965/1172 1644/1896/1120
f 1563/1915/1134 1631/1847/1088 1644/1896/1120
f 1534/1940/1155 1569/1966/1090 1594/1941/993
f 260/1805/1060 372/1967/1173 354/1871/1105
f 1537/1873/1106 1508/1968/1174 1564/1849/1089
f 1530/1924/1140 1564/1849/1089 1508/1968/1174
f 1624/1595/963 1553/1925/1141 1478/1954/1165
f 1478/1954/1165 1598/1704/1009 1624/1595/963
f 1588/1926/1142 1625/1808/1062 1552/1820/1071
f 1540/1908/1130 1519/1890/1118 1509/1969/1175
f 1511/1927/1143 1509/1969/1175 1519/1890/1118
f 1234/1949/1161 1249/1970/1176 1298/1947/1160
f 1338/1971/1177 1352/1972/1178 1368/1973/1159
f 1082/1974/1179 1152/1975/1180 1101/1976/1181
f 1082/1974/1179 1101/1976/1181 1031/1977/1182
f 1082/1974/1179 1031/1977/1182 1047/1978/1183
f 1002/1919/1137 1001/1935/1151 896/1979/1184
f 780/1951/1162 839/1865/1102 773/1962/1169
f 853/1980/1045 758/1981/1185 880/1913/1046
f 1106/1964/1171 1268/1814/1066 1115/1824/1075
f 1544/1965/1172 1563/1915/1134 1644/1896/1120
f 1479/1916/1135 1623/1818/1069 1591/1906/1128
f 1553/1925/1141 1579/1757/1043 1460/1942/1156
f 1478/1954/1165 1403/1819/1070 1512/1806/1061
f 1432/1878/1110 1434/1880/1000 1390/1982/1186
f 1576/1842/1084 1440/1881/1112 1560/1854/1093
f 1444/1959/1167 1509/1969/1175 1511/1927/1143
f 1511/1927/1143 1482/1900/1123 1444/1959/1167
f 1288/1930/1146 1349/1902/1125 1224/1983/1187
f 1410/1945/1158 1368/1946/1159 1388/1984/1188
f 1312/1985/1147 1341/1986/1189 1368/1973/1159
f 1368/1973/1159 1341/1986/1189 1338/1971/1177
f 1152/1975/1180 1062/1987/1190 1101/1976/1181
f 1101/1976/1181 1062/1987/1190 1031/1977/1182
f 1011/1933/1149 908/1904/1127 966/1683/1002
f 1011/1933/1149 1002/1919/1137 908/1904/1127
f 919/1783/964 908/1904/1127 890/1988/1191
f 919/1937/964 890/1989/1191 911/1936/1152
f 36/1990/1074 20/1991/1168 39/1992/892
f 1106/1964/1171 1197/1993/1192 1268/1814/1066
f 1426/1833/1081 1268/1814/1066 1197/1993/1192
f 1463/1952/1163 1544/1965/1172 1604/1883/1114
f 1518/1887/1116 1563/1922/1134 1507/1994/1193
f 1503/1899/1122 1481/1995/1194 1534/1940/1155
f 1537/1873/1106 1479/1916/1135 1450/1996/1195
f 1403/1819/1070 1251/1997/1196 1189/1853/1077
f 1418/1928/1144 1410/1945/1158 1388/1998/1188
f 1338/1971/1177 1341/1986/1189 1359/1999/1197
f 28/1389/828 18/1681/1001 23/1558/942
f 1082/1974/1179 1047/1978/1183 1152/1975/1180
f 5/1932/1148 27/1468/880 11/1863/1100
f 1047/1978/1183 1031/1977/1182 928/2000/1198
f 1047/1978/1183 928/2000/1198 962/2001/1199
f 896/1979/1184 908/1904/1127 1002/1919/1137
f 864/1963/1170 880/1913/1046 759/2002/1200
f 204/2003/1201 187/1800/1057 226/1802/1058
f 351/1867/1104 414/2004/1202 383/2005/1164
f 351/1867/1104 381/1825/1076 414/2004/1202
f 1450/1996/1195 1508/1968/1174 1537/1873/1106
f 697/1955/1083 983/1957/1108 810/2006/1203
f 1224/2007/1187 1234/2008/1161 1288/2009/1146
f 1249/1970/1176 1312/1960/1147 1298/1947/1160
f 1297/2010/1204 1368/2011/1159 1352/2012/1178
f 1359/2013/1197 1357/2014/1205 1352/2012/1178
f 1338/1971/1177 1359/1999/1197 1265/2015/1206
f 1352/2012/1178 1265/2016/1206 1359/2013/1197
f 1352/2012/1178 1338/2017/1177 1305/2018/1207
f 1151/2019/1208 1230/2020/1209 1242/2021/1210
f 846/2022/1211 890/1989/1191 908/2023/1127
f 763/2024/1212 911/1936/1152 890/1989/1191
f 763/2024/1212 726/1938/1153 911/1936/1152
f 29/2025/1213 36/1823/1074 64/1657/989
f 758/2026/1185 759/2027/1200 880/2028/1046
f 152/1722/1020 154/2029/1214 121/1884/1115
f 152/1722/1020 162/2030/1121 154/2029/1214
f 342/1837/1082 341/1852/1092 377/1939/1154
f 1518/1887/1116 1507/1994/1193 1467/1888/1117
f 416/2031/1215 381/2032/1076 354/1871/1105
f 1569/1966/1090 1456/2033/1216 1591/2034/1128
f 260/1805/1060 210/1743/1032 296/2035/1217
f 217/1780/1053 296/2035/1217 210/1743/1032
f 1576/1842/1084 1588/1926/1142 1570/2036/1218
f 1570/2036/1218 1490/2037/1219 1576/1842/1084
f 1390/1982/1186 1339/1958/1166 1432/1878/1110
f 1576/1842/1084 1490/2037/1219 1440/1881/1112
f 1462/1901/1124 1379/2038/1220 1510/1827/1078
f 1474/1882/1113 1510/1827/1078 1379/2038/1220
f 1444/1959/1167 1439/1903/1126 1418/1928/1144
f 1312/1960/1147 1249/1970/1176 1271/2039/1221
f 1271/2040/1221 1326/2041/1222 1312/2042/1147
f 1234/1949/1161 1223/2043/1223 1249/1970/1176
f 1357/2044/1205 1359/1999/1197 1341/1986/1189
f 1305/2045/1207 1338/1971/1177 1310/2046/1224
f 1310/2046/1224 1338/1971/1177 1265/2015/1206
f 1352/2012/1178 1305/2018/1207 1265/2016/1206
f 1164/1861/1086 1210/2047/1097 1099/2048/1225
f 1107/1911/1132 1164/1861/1086 1110/2049/1226
f 1047/2050/1183 962/2051/1199 976/2052/1227
f 1031/1977/1182 608/2053/1228 928/2000/1198
f 763/2024/1212 890/1989/1191 846/2022/1211
f 780/2054/1162 758/2026/1185 853/2055/1045
f 1463/1952/1163 1426/1833/1081 1197/1993/1192
f 162/2030/1121 187/2056/1057 204/2057/1201
f 1481/1995/1194 1503/1899/1122 1467/1888/1117
f 381/1825/1076 416/2058/1215 414/2004/1202
f 1521/2059/1229 1569/1966/1090 1534/1940/1155
f 1508/1968/1174 1450/1996/1195 1400/2060/1230
f 1508/1968/1174 1460/1942/1156 1530/1924/1140
f 272/1744/1033 307/2061/1231 217/1780/1053
f 272/1744/1033 366/1733/1027 369/2062/1232
f 810/2006/1203 983/1957/1108 1189/2063/1077
f 444/1721/1019 478/1874/1107 366/1733/1027
f 1552/1944/1071 1540/1908/1130 1453/2064/1233
f 1369/2065/1234 1271/2040/1221 1344/2066/1235
f 1368/2011/1159 1297/2010/1204 1369/2067/1234
f 1341/2068/1189 1265/2069/1206 1357/2070/1205
f 1183/2071/1236 1242/2072/1210 1230/2073/1209
f 1230/2020/1209 1151/2019/1208 1180/2074/1237
f 1151/2019/1208 1062/2075/1190 1180/2074/1237
f 1180/2076/1237 1062/1987/1190 1152/1975/1180
f 1110/2049/1226 1164/1861/1086 1099/2048/1225
f 984/1934/1150 1107/1911/1132 1009/2077/1238
f 896/1979/1184 1001/1935/1151 984/2078/1150
f 846/2079/1211 908/1904/1127 896/1979/1184
f 819/1864/1101 726/1938/1153 773/1962/1169
f 773/1962/1169 662/2080/1239 780/1951/1162
f 80/1708/1011 113/1866/1103 93/2081/1240
f 113/1866/1103 121/1884/1115 117/2082/1241
f 1563/1915/1134 1544/1965/1172 1430/2083/1242
f 1563/1915/1134 1430/2083/1242 1507/2084/1193
f 342/1837/1082 364/2085/1243 226/2086/1058
f 342/1837/1082 377/1939/1154 364/2085/1243
f 1251/1997/1196 1403/1819/1070 1478/1954/1165
f 1375/2087/1244 1435/2088/1091 1474/1882/1113
f 1381/2089/1245 1444/2090/1167 1418/2091/1144
f 1368/2092/1159 1369/2093/1234 1388/2094/1188
f 1271/2039/1221 1249/1970/1176 1233/2095/1246
f 1233/2095/1246 1249/1970/1176 1223/2043/1223
f 1312/2042/1147 1326/2041/1222 1341/2068/1189
f 1357/2014/1205 1297/2010/1204 1352/2012/1178
f 1305/2096/1207 1297/2010/1204 1265/2097/1206
f 1265/2097/1206 1297/2010/1204 1357/2014/1205
f 1192/2098/1247 1305/2099/1207 1310/2100/1224
f 1192/2098/1247 1242/2021/1210 1305/2099/1207
f 1463/1952/1163 1437/2101/1248 1544/1965/1172
f 1507/1994/1193 1430/2102/1242 1467/1888/1117
f 1521/2059/1229 1534/1940/1155 1481/1995/1194
f 372/1967/1173 416/2031/1215 354/1871/1105
f 1508/1968/1174 1400/2060/1230 1460/1942/1156
f 296/2035/1217 217/1780/1053 307/2061/1231
f 810/2103/1203 1189/1853/1077 1251/1997/1196
f 1540/1908/1130 1509/1969/1175 1453/2064/1233
f 1339/2104/1166 1224/2105/1187 1349/2106/1125
f 1418/2091/1144 1388/2094/1188 1381/2089/1245
f 1344/2107/1235 1345/2108/1249 1388/2109/1188
f 1388/2109/1188 1369/2110/1234 1344/2107/1235
f 1264/2111/1250 1345/2108/1249 1344/2107/1235
f 1264/2111/1250 1344/2107/1235 1271/2039/1221
f 1297/2112/1204 1271/2040/1221 1369/2065/1234
f 1326/2041/1222 1271/2040/1221 1297/2112/1204
f 1341/2068/1189 1326/2041/1222 1265/2069/1206
f 1265/2069/1206 1192/2098/1247 1310/2100/1224
f 1180/2113/1237 1152/2114/1180 1137/2115/1251
f 899/2116/1252 962/2001/1199 928/2000/1198
f 894/2117/1253 846/2079/1211 896/1979/1184
f 662/2080/1239 678/2118/1254 780/1951/1162
f 1463/1952/1163 1197/1993/1192 1394/2119/1255
f 1544/1965/1172 1437/2101/1248 1430/2083/1242
f 1467/1888/1117 1427/2120/1256 1481/1995/1194
f 1481/1995/1194 1431/2121/1257 1521/2059/1229
f 1444/2090/1167 1381/2089/1245 1401/2122/1258
f 1326/2041/1222 1192/2098/1247 1265/2069/1206
f 1305/2123/1207 1242/2072/1210 1297/2124/1204
f 1192/2098/1247 1151/2019/1208 1242/2021/1210
f 1201/2125/1096 1099/2126/1225 1210/2127/1097
f 1047/1978/1183 1066/2128/1259 1152/1975/1180
f 1062/1987/1190 608/2053/1228 1031/1977/1182
f 894/2117/1253 896/1979/1184 984/2078/1150
f 678/2118/1254 758/2129/1185 780/1951/1162
f 1042/2130/1260 1106/1964/1171 1016/1921/1139
f 912/2131/1261 969/1914/1133 864/1963/1170
f 383/2132/1164 429/2133/1262 377/2134/1154
f 1427/2120/1256 1467/1888/1117 1430/2102/1242
f 1456/2033/1216 1569/1966/1090 1521/2059/1229
f 296/2035/1217 372/1967/1173 260/1805/1060
f 433/2135/1263 369/2062/1232 366/1733/1027
f 1588/1926/1142 1552/1820/1071 1542/2136/1264
f 1589/2137/1265 1570/2036/1218 1588/1926/1142
f 1434/2138/1000 1353/2139/1109 1390/2140/1186
f 1444/1959/1167 1453/2064/1233 1509/1969/1175
f 1435/2141/1091 1327/2142/1266 1372/2143/1136
f 1224/2144/1187 1223/2043/1223 1234/1949/1161
f 1183/2071/1236 1212/2145/1267 1242/2072/1210
f 1137/2115/1251 1230/2073/1209 1180/2113/1237
f 1047/2050/1183 976/2052/1227 1066/2146/1259
f 899/2116/1252 928/2000/1198 608/2053/1228
f 773/1962/1169 726/1938/1153 662/2080/1239
f 429/2133/1262 383/2132/1164 461/2147/1268
f 1016/1921/1139 969/1914/1133 912/2131/1261
f 1042/2130/1260 1016/1921/1139 912/2131/1261
f 204/2148/1201 226/1802/1058 364/2149/1243
f 466/2150/1269 383/2005/1164 414/2004/1202
f 1200/2151/1270 1400/2152/1230 1450/2153/1195
f 1553/1925/1141 1460/1942/1156 1351/2154/1271
f 1385/2155/1272 1251/1997/1196 1478/1954/1165
f 478/1874/1107 433/2135/1263 366/1733/1027
f 1490/2037/1219 1570/2036/1218 1531/2156/1273
f 1444/2157/1167 1401/2158/1258 1453/2159/1233
f 1264/2111/1250 1271/2039/1221 1233/2095/1246
f 1242/2072/1210 1212/2145/1267 1297/2124/1204
f 1183/2071/1236 1230/2073/1209 1137/2115/1251
f 1137/2115/1251 1152/2114/1180 1066/2160/1259
f 162/2030/1121 175/2161/1274 154/2029/1214
f 162/2030/1121 208/2162/1275 190/2163/1276
f 1197/1993/1192 1243/2164/1277 1394/2119/1255
f 1463/1952/1163 1394/2119/1255 1437/2101/1248
f 162/2030/1121 204/2057/1201 208/2162/1275
f 466/2150/1269 461/2165/1268 383/2005/1164
f 1437/2166/1248 1319/2167/1278 1430/2102/1242
f 1427/2120/1256 1431/2121/1257 1481/1995/1194
f 416/2031/1215 425/2168/1279 414/2169/1202
f 1456/2033/1216 1479/2170/1135 1591/2034/1128
f 1553/1925/1141 1351/2154/1271 1478/1954/1165
f 478/1874/1107 539/1943/1157 433/2135/1263
f 1542/2136/1264 1602/2171/1280 1588/1926/1142
f 1474/2172/1113 1379/2173/1220 1375/2174/1244
f 1297/2112/1204 1192/2098/1247 1326/2041/1222
f 1218/2175/1095 1278/2176/1094 1220/2177/1281
f 962/2051/1199 899/2178/1252 976/2052/1227
f 863/2179/1282 763/2024/1212 846/2022/1211
f 894/2117/1253 863/2180/1282 846/2079/1211
f 662/2080/1239 602/2181/1283 678/2118/1254
f 190/2163/1276 175/2161/1274 162/2030/1121
f 1243/2164/1277 1197/1993/1192 1083/2182/1284
f 1394/2119/1255 1319/2183/1278 1437/2101/1248
f 1430/2102/1242 1319/2167/1278 1427/2120/1256
f 425/2184/1279 466/2150/1269 414/2004/1202
f 1438/2185/1285 1521/2059/1229 1431/2121/1257
f 372/1967/1173 425/2168/1279 416/2031/1215
f 697/1955/1083 810/2006/1203 539/1943/1157
f 1602/2171/1280 1589/2137/1265 1588/1926/1142
f 1345/2186/1249 1264/2187/1250 1355/2188/1286
f 1355/2188/1286 1388/2189/1188 1345/2186/1249
f 1264/2111/1250 1233/2095/1246 1231/2190/1287
f 1231/2190/1287 1233/2095/1246 1223/2043/1223
f 18/1681/1001 5/1932/1148 7/2191/1288
f 662/2080/1239 726/1938/1153 602/2181/1283
f 758/2026/1185 678/2192/1254 759/2027/1200
f 912/2193/1261 864/2194/1170 739/2195/1289
f 1319/2183/1278 1394/2119/1255 1243/2164/1277
f 1319/2167/1278 1295/2196/1290 1427/2120/1256
f 1456/2033/1216 1521/2059/1229 1438/2185/1285
f 307/2061/1231 272/1744/1033 385/2197/1291
f 272/1744/1033 369/2062/1232 385/2197/1291
f 914/2198/1292 810/2103/1203 1251/1997/1196
f 1453/2199/1233 1542/2136/1264 1552/1820/1071
f 1531/2200/1273 1570/2201/1218 1584/2202/1293
f 1570/2201/1218 1589/2203/1265 1584/2202/1293
f 1401/2122/1258 1381/2089/1245 1335/2204/1294
f 1381/2089/1245 1388/2094/1188 1361/2205/1295
f 1284/2206/1296 1264/2187/1250 1231/2207/1287
f 1355/2208/1286 1361/2205/1295 1388/2094/1188
f 1297/2112/1204 1176/2209/1297 1192/2098/1247
f 1278/2176/1094 1237/2210/1298 1220/2177/1281
f 1151/2019/1208 1192/2098/1247 988/2211/1299
f 1062/2075/1190 1151/2019/1208 988/2211/1299
f 1107/1911/1132 1110/2049/1226 1009/2077/1238
f 660/2212/1300 726/1938/1153 763/2024/1212
f 429/2133/1262 461/2147/1268 494/2213/1301
f 1106/1964/1171 1083/2182/1284 1197/1993/1192
f 759/2027/1200 739/2195/1289 864/2194/1170
f 1427/2120/1256 1295/2196/1290 1431/2121/1257
f 1200/2151/1270 1450/2153/1195 1479/2170/1135
f 390/2214/1302 372/1967/1173 296/2035/1217
f 1460/1942/1156 1400/2215/1230 1351/2154/1271
f 1351/2154/1271 1385/2155/1272 1478/1954/1165
f 914/2198/1292 1251/1997/1196 1385/2155/1272
f 1542/2216/1264 1531/2200/1273 1602/2217/1280
f 1589/2203/1265 1602/2217/1280 1584/2202/1293
f 41/1447/864 23/1558/942 53/2218/1303
f 1284/2206/1296 1231/2207/1287 1289/2219/1304
f 1347/2220/1305 1264/2187/1250 1284/2206/1296
f 1231/2207/1287 1223/2221/1223 1224/2007/1187
f 1372/2143/1136 1327/2142/1266 1237/2210/1298
f 1297/2112/1204 1226/2222/1306 1176/2209/1297
f 1278/2176/1094 1372/2143/1136 1237/2210/1298
f 18/1681/1001 14/2223/1307 23/1558/942
f 1062/1987/1190 774/2224/1308 608/2053/1228
f 899/2178/1252 942/2225/1309 976/2052/1227
f 899/2178/1252 608/2226/1228 873/2227/1310
f 726/1938/1153 660/2212/1300 602/2181/1283
f 70/2228/1138 29/2025/1213 64/1657/989
f 602/2181/1283 494/2229/1301 603/2230/1311
f 602/2181/1283 603/2230/1311 678/2118/1254
f 117/2082/1241 93/2081/1240 113/1866/1103
f 759/2027/1200 678/2192/1254 603/2231/1311
f 494/2213/1301 496/2232/1312 429/2133/1262
f 810/2006/1203 723/2233/1313 539/1943/1157
f 1332/2234/1314 1284/2206/1296 1289/2219/1304
f 1246/2235/1315 1289/2219/1304 1231/2207/1287
f 1332/2234/1314 1347/2220/1305 1284/2206/1296
f 1381/2089/1245 1361/2205/1295 1347/2236/1305
f 1347/2220/1305 1361/2237/1295 1264/2187/1250
f 1361/2237/1295 1355/2188/1286 1264/2187/1250
f 1297/2124/1204 1212/2145/1267 1226/2238/1306
f 988/2211/1299 1192/2098/1247 1176/2209/1297
f 1201/2125/1096 1218/2175/1095 1155/2239/1316
f 984/2078/1150 910/2240/1317 894/2117/1253
f 660/2212/1300 763/2024/1212 786/2241/1318
f 190/2163/1276 208/2162/1275 219/2242/1319
f 154/2029/1214 142/2243/1320 121/1884/1115
f 494/2213/1301 461/2147/1268 579/2244/1321
f 466/2245/1269 579/2244/1321 461/2147/1268
f 759/2027/1200 603/2231/1311 739/2195/1289
f 874/2246/1322 912/2193/1261 739/2195/1289
f 1431/2121/1257 1295/2196/1290 1438/2185/1285
f 372/1967/1173 390/2214/1302 425/2168/1279
f 609/2247/163 1034/2248/1323 1353/2249/1109
f 1602/2217/1280 1531/2200/1273 1584/2202/1293
f 1232/2250/1324 1224/2105/1187 1339/2104/1166
f 1332/2234/1314 1346/2251/1325 1395/2252/1326
f 1311/2253/1327 1330/2254/1328 1289/2219/1304
f 1346/2255/1325 1331/2256/1329 1289/2219/1304
f 1346/2255/1325 1289/2219/1304 1318/2257/1330
f 1289/2258/1304 1331/2259/1329 1311/2260/1327
f 1289/2219/1304 1330/2254/1328 1332/2234/1314
f 1332/2234/1314 1330/2254/1328 1299/2261/1331
f 1331/2262/1329 1346/2263/1325 1299/2261/1331
f 1346/2263/1325 1332/2234/1314 1299/2261/1331
f 1375/2174/1244 1327/2264/1266 1435/2265/1091
f 1335/2266/1294 1360/2267/1332 1401/2268/1258
f 14/2223/1307 18/1681/1001 7/2191/1288
f 1218/2175/1095 1220/2177/1281 1155/2239/1316
f 655/2269/1333 602/2181/1283 660/2212/1300
f 655/2269/1333 494/2229/1301 602/2181/1283
f 121/1884/1115 125/2270/1334 117/2082/1241
f 483/2271/1335 429/2133/1262 496/2232/1312
f 483/2271/1335 377/2134/1154 429/2133/1262
f 603/2231/1311 494/2213/1301 579/2244/1321
f 483/2271/1335 364/2272/1243 377/2134/1154
f 1042/2130/1260 1083/2182/1284 1106/1964/1171
f 1243/2164/1277 1083/2182/1284 1143/2273/1336
f 1319/2167/1278 1243/2274/1277 1228/2275/1337
f 1295/2196/1290 1319/2167/1278 1228/2275/1337
f 1438/2185/1285 1274/2276/1338 1456/2033/1216
f 385/2197/1291 296/2035/1217 307/2061/1231
f 1385/2155/1272 1208/2277/1339 914/2198/1292
f 433/2135/1263 385/2197/1291 369/2062/1232
f 1453/2278/1233 1436/2279/1340 1542/2280/1264
f 1490/2281/1219 1412/2282/1341 1440/2283/1112
f 1420/2284/1342 1453/2159/1233 1401/2158/1258
f 1350/2285/1343 1395/2286/1326 1346/2287/1325
f 1318/2288/1330 1350/2285/1343 1346/2287/1325
f 1289/2219/1304 1270/2289/1344 1318/2257/1330
f 1289/2219/1304 1246/2235/1315 1270/2289/1344
f 1311/2290/1327 1318/2291/1330 1270/2292/1344
f 1302/2293/1345 1331/2294/1329 1330/2295/1328
f 1302/2293/1345 1330/2295/1328 1311/2290/1327
f 1331/2259/1329 1302/2296/1345 1318/2288/1330
f 1311/2260/1327 1331/2259/1329 1318/2288/1330
f 1299/2297/1331 1330/2298/1328 1303/2299/1346
f 1330/2298/1328 1331/2300/1329 1303/2299/1346
f 1331/2259/1329 1320/2301/1347 1303/2302/1346
f 1331/2259/1329 1299/2303/1331 1320/2301/1347
f 1300/2304/1348 1299/2303/1331 1294/2305/1349
f 1275/2306/1350 1294/2307/1349 1293/2308/1351
f 1275/2309/1350 1300/2304/1348 1294/2305/1349
f 1332/2234/1314 1335/2266/1294 1347/2220/1305
f 1335/2204/1294 1381/2089/1245 1347/2236/1305
f 1009/2077/1238 1110/2049/1226 1041/2310/1352
f 121/1884/1115 142/2243/1320 125/2270/1334
f 371/2311/1353 204/2312/1201 364/2272/1243
f 1228/2275/1337 1243/2274/1277 1143/2313/1336
f 604/2314/1354 466/2315/1269 425/2316/1279
f 620/2317/1355 604/2314/1354 425/2316/1279
f 1438/2185/1285 1295/2196/1290 1195/2318/1356
f 1438/2185/1285 1195/2318/1356 1274/2276/1338
f 1367/2319/1357 1200/2151/1270 1479/2170/1135
f 1301/2320/1358 1232/2250/1324 1339/2104/1166
f 1395/2321/1326 1350/2322/1343 1417/2323/1359
f 1303/2299/1346 1311/2290/1327 1270/2292/1344
f 1311/2290/1327 1303/2299/1346 1302/2293/1345
f 1303/2302/1346 1320/2301/1347 1302/2296/1345
f 1302/2296/1345 1320/2301/1347 1299/2303/1331
f 1299/2297/1331 1303/2299/1346 1290/2324/1360
f 1246/2235/1315 1231/2207/1287 1224/2007/1187
f 1299/2325/1331 1290/2326/1360 1294/2307/1349
f 1294/2307/1349 1290/2326/1360 1281/2327/1361
f 1281/2327/1361 1300/2328/1348 1293/2329/1351
f 1281/2327/1361 1293/2329/1351 1294/2307/1349
f 1300/2304/1348 1281/2330/1361 1299/2303/1331
f 1275/2306/1350 1293/2308/1351 1282/2331/1362
f 1293/2308/1351 1300/2332/1348 1282/2331/1362
f 1283/2333/1363 1282/2334/1362 1300/2304/1348
f 1300/2304/1348 1275/2309/1350 1283/2333/1363
f 1332/2234/1314 1324/2335/1364 1335/2266/1294
f 1215/2336/1365 1176/2337/1297 1229/2338/1366
f 1212/2145/1267 1183/2071/1236 1168/2339/1367
f 1201/2125/1096 1119/2340/1368 1099/2126/1225
f 1041/2310/1352 1110/2049/1226 1070/2341/1369
f 899/2178/1252 873/2227/1310 942/2225/1309
f 906/2342/1370 885/2343/1371 894/2117/1253
f 608/2344/1228 605/2345/1372 842/2346/1373
f 863/2179/1282 786/2241/1318 763/2024/1212
f 874/2246/1322 739/2195/1289 814/2347/1374
f 579/2244/1321 604/2348/1354 603/2231/1311
f 739/2195/1289 603/2231/1311 604/2348/1354
f 579/2244/1321 466/2245/1269 604/2349/1354
f 1456/2033/1216 1367/2319/1357 1479/2170/1135
f 390/2214/1302 468/2350/1375 425/2168/1279
f 1259/2351/1376 1400/2152/1230 1200/2151/1270
f 1351/2352/1271 1208/2353/1339 1385/2354/1272
f 1339/2355/1166 1390/2356/1186 1285/2357/1377
f 1387/2358/1378 1417/2323/1359 1350/2322/1343
f 1287/2359/1379 1350/2285/1343 1318/2288/1330
f 1395/2252/1326 1360/2360/1332 1332/2234/1314
f 1290/2324/1360 1303/2299/1346 1270/2292/1344
f 1332/2234/1314 1360/2360/1332 1324/2335/1364
f 1266/2361/1380 1290/2324/1360 1256/2362/1381
f 1290/2326/1360 1266/2363/1380 1206/2364/1382
f 1286/2365/1383 1206/2366/1382 1299/2303/1331
f 1266/2367/1380 1299/2303/1331 1206/2366/1382
f 1290/2326/1360 1206/2364/1382 1281/2327/1361
f 1286/2365/1383 1299/2303/1331 1281/2330/1361
f 1282/2331/1362 1281/2327/1361 1206/2364/1382
f 1282/2334/1362 1286/2365/1383 1281/2330/1361
f 1282/2331/1362 1206/2364/1382 1272/2368/1384
f 1282/2334/1362 1283/2333/1363 1286/2365/1383
f 1286/2365/1383 1283/2333/1363 1272/2369/1384
f 1272/2368/1384 1269/2370/1385 1275/2306/1350
f 1272/2368/1384 1275/2306/1350 1282/2331/1362
f 1269/2371/1385 1272/2369/1384 1283/2333/1363
f 1275/2306/1350 1269/2372/1385 1247/2373/1386
f 1247/2373/1386 1199/2374/1387 1283/2375/1363
f 1247/2373/1386 1283/2375/1363 1275/2306/1350
f 1199/2376/1387 1269/2371/1385 1283/2333/1363
f 1244/2377/1388 1215/2378/1365 1254/2379/1389
f 1215/2378/1365 1240/2380/1390 1254/2379/1389
f 1240/2381/1390 1215/2336/1365 1229/2338/1366
f 1226/2222/1306 1229/2382/1366 1176/2209/1297
f 988/2211/1299 774/2383/1308 1062/2075/1190
f 1119/2340/1368 1201/2125/1096 1155/2239/1316
f 1112/2384/1391 1066/2128/1259 1063/2385/1392
f 1099/2048/1225 1070/2341/1369 1110/2049/1226
f 910/2240/1317 984/2078/1150 1009/2386/1238
f 894/2117/1253 910/2240/1317 906/2342/1370
f 873/2387/1310 608/2344/1228 842/2346/1373
f 70/2228/1138 80/2388/1011 93/2389/1240
f 442/2390/1393 371/2311/1353 364/2272/1243
f 1042/2130/1260 971/2391/1394 1083/2182/1284
f 1042/2130/1260 912/2131/1261 971/2392/1394
f 604/2314/1354 689/2393/1395 739/2394/1289
f 1295/2196/1290 1228/2275/1337 1195/2318/1356
f 689/2393/1395 604/2314/1354 620/2317/1355
f 1351/2352/1271 1400/2152/1230 1259/2351/1376
f 914/2395/1292 723/2233/1313 810/2006/1203
f 539/1943/1157 631/2396/1396 433/2135/1263
f 1542/2280/1264 1436/2279/1340 1531/2397/1273
f 1339/2355/1166 1285/2357/1377 1301/2398/1358
f 1350/2399/1343 1316/2400/1397 1387/2401/1378
f 1417/2323/1359 1398/2402/1398 1395/2321/1326
f 1270/2292/1344 1246/2403/1315 1232/2404/1324
f 1270/2292/1344 1256/2362/1381 1290/2324/1360
f 1299/2303/1331 1266/2367/1380 1302/2296/1345
f 1256/2405/1381 1206/2366/1382 1286/2365/1383
f 1256/2405/1381 1286/2365/1383 1266/2367/1380
f 1206/2364/1382 1247/2373/1386 1272/2368/1384
f 1266/2367/1380 1272/2369/1384 1263/2406/1399
f 1266/2367/1380 1286/2365/1383 1272/2369/1384
f 1247/2407/1386 1263/2406/1399 1272/2369/1384
f 1247/2407/1386 1269/2371/1385 1263/2406/1399
f 1199/2376/1387 1263/2406/1399 1269/2371/1385
f 53/2218/1303 23/1558/942 22/2408/1400
f 1244/2409/1388 1240/2381/1390 1199/2376/1387
f 1041/2310/1352 1033/2410/1401 1009/2077/1238
f 942/2225/1309 998/2411/1402 976/2052/1227
f 891/2412/1403 942/2225/1309 873/2227/1310
f 885/2413/1371 891/2412/1403 873/2227/1310
f 885/2413/1371 873/2227/1310 872/2414/1404
f 842/2346/1373 872/2415/1404 873/2387/1310
f 872/2416/1404 894/2417/1253 885/2418/1371
f 894/2417/1253 872/2416/1404 863/2179/1282
f 130/2419/1405 190/2163/1276 219/2242/1319
f 190/2163/1276 130/2419/1405 175/2161/1274
f 371/2420/1353 208/2162/1275 204/2057/1201
f 1228/2275/1337 1143/2313/1336 1195/2318/1356
f 689/2393/1395 814/2421/1374 739/2394/1289
f 1259/2351/1376 1208/2353/1339 1351/2352/1271
f 433/2135/1263 445/2422/1406 385/2197/1291
f 609/2247/163 257/2423/1407 1034/2248/1323
f 1436/2279/1340 1490/2281/1219 1531/2397/1273
f 1301/2320/1358 1285/2424/1377 1232/2250/1324
f 1440/2283/1112 1399/2425/1408 1462/2426/1124
f 1246/2403/1315 1224/2427/1187 1232/2404/1324
f 1287/2359/1379 1318/2288/1330 1302/2296/1345
f 1401/2428/1258 1360/2429/1332 1391/2430/1409
f 1256/2362/1381 1270/2292/1344 1206/2431/1382
f 1360/2432/1332 1335/2433/1294 1324/2434/1364
f 1215/2378/1365 1244/2377/1388 1199/2374/1387
f 1066/2160/1259 1112/2435/1391 1137/2115/1251
f 1009/2386/1238 996/2436/1410 942/2225/1309
f 942/2225/1309 910/2240/1317 1009/2386/1238
f 496/2232/1312 494/2213/1301 655/2437/1333
f 148/2438/1411 139/2439/1412 125/2270/1334
f 117/2082/1241 125/2270/1334 127/2440/1413
f 148/2438/1411 125/2270/1334 142/2243/1320
f 1077/2441/1414 1143/2313/1336 1083/2442/1284
f 1143/2313/1336 1077/2441/1414 1195/2318/1356
f 425/2316/1279 577/2443/1415 620/2317/1355
f 577/2444/1415 425/2168/1279 468/2350/1375
f 385/2197/1291 390/2214/1302 296/2035/1217
f 723/2233/1313 631/2396/1396 539/1943/1157
f 1353/2445/1109 1285/2357/1377 1390/2356/1186
f 1401/2158/1258 1391/2446/1409 1420/2284/1342
f 1285/2447/1377 1258/2448/1416 1232/2404/1324
f 1398/2449/1398 1391/2430/1409 1395/2252/1326
f 1232/2404/1324 1258/2448/1416 1270/2292/1344
f 1350/2285/1343 1287/2359/1379 1316/2450/1397
f 1395/2252/1326 1391/2430/1409 1360/2360/1332
f 1266/2367/1380 1287/2359/1379 1302/2296/1345
f 1263/2406/1399 1199/2376/1387 1266/2367/1380
f 1240/2381/1390 1229/2338/1366 1214/2451/1417
f 1226/2238/1306 1212/2145/1267 1179/2452/1418
f 1212/2145/1267 1168/2339/1367 1179/2452/1418
f 1168/2339/1367 1183/2071/1236 1137/2115/1251
f 1168/2339/1367 1137/2115/1251 1112/2435/1391
f 1069/2453/1419 1070/2341/1369 1099/2048/1225
f 1008/2454/1420 1063/2455/1392 1066/2146/1259
f 1008/2454/1420 1066/2146/1259 976/2052/1227
f 976/2052/1227 998/2411/1402 1008/2454/1420
f 1009/2386/1238 1033/2456/1401 996/2436/1410
f 998/2411/1402 942/2225/1309 996/2436/1410
f 891/2412/1403 910/2240/1317 942/2225/1309
f 885/2457/1371 906/2458/1370 879/2459/1421
f 872/2415/1404 842/2346/1373 879/2460/1421
f 605/2345/1372 813/2461/1422 842/2346/1373
f 617/2462/1423 813/2461/1422 605/2345/1372
f 261/2463/1424 219/2242/1319 208/2162/1275
f 83/2464/1425 93/2081/1240 117/2082/1241
f 971/2465/1394 912/2466/1261 881/2467/1426
f 577/2468/1415 698/2469/1427 620/2317/1355
f 1456/2033/1216 1274/2276/1338 1367/2319/1357
f 390/2214/1302 385/2197/1291 424/2470/1428
f 1208/2353/1339 868/2471/1429 914/2472/1292
f 470/2473/1430 445/2422/1406 433/2135/1263
f 631/2396/1396 549/2474/1431 433/2135/1263
f 1436/2279/1340 1412/2282/1341 1490/2281/1219
f 1417/2323/1359 1387/2358/1378 1398/2402/1398
f 1379/2173/1220 1462/2426/1124 1399/2425/1408
f 1258/2448/1416 1206/2431/1382 1270/2292/1344
f 1247/2475/1386 1206/2431/1382 1199/2476/1387
f 1266/2367/1380 1199/2376/1387 1257/2477/1432
f 1214/2451/1417 1199/2376/1387 1240/2381/1390
f 1214/2451/1417 1229/2338/1366 1179/2478/1418
f 1229/2338/1366 1226/2479/1306 1179/2478/1418
f 1119/2340/1368 1094/2480/1433 1099/2126/1225
f 1063/2481/1392 1008/2482/1420 1069/2453/1419
f 996/2436/1410 1033/2456/1401 1010/2483/1434
f 998/2411/1402 996/2436/1410 1010/2483/1434
f 910/2484/1317 925/2485/1435 906/2486/1370
f 863/2179/1282 872/2416/1404 879/2487/1421
f 139/2439/1412 148/2438/1411 149/2488/1436
f 149/2488/1436 148/2438/1411 155/2489/1437
f 155/2489/1437 148/2438/1411 142/2243/1320
f 142/2243/1320 154/2029/1214 175/2161/1274
f 1083/2442/1284 971/2465/1394 1077/2441/1414
f 620/2317/1355 698/2469/1427 689/2393/1395
f 712/2490/1438 713/2491/1439 754/2492/1440
f 713/2491/1439 733/2493/1441 754/2492/1440
f 696/2494/1442 733/2493/1441 713/2491/1439
f 390/2214/1302 424/2470/1428 468/2350/1375
f 1259/2351/1376 1200/2151/1270 1208/2353/1339
f 723/2233/1313 914/2395/1292 703/2495/1443
f 1387/2496/1378 1316/2400/1397 1398/2497/1398
f 1287/2359/1379 1266/2367/1380 1257/2477/1432
f 1257/2477/1432 1199/2376/1387 1214/2451/1417
f 1176/2498/1297 1215/2378/1365 1030/2499/1444
f 23/1558/942 14/2223/1307 22/2408/1400
f 1168/2339/1367 1112/2435/1391 1179/2452/1418
f 1155/2239/1316 1220/2177/1281 1172/2500/1445
f 1112/2435/1391 1063/2501/1392 1094/2480/1433
f 1094/2502/1433 1063/2481/1392 1069/2453/1419
f 1099/2048/1225 1094/2502/1433 1069/2453/1419
f 1069/2453/1419 1008/2482/1420 1070/2341/1369
f 1070/2503/1369 1008/2454/1420 1041/2504/1352
f 1041/2504/1352 1008/2454/1420 1033/2456/1401
f 1010/2483/1434 1033/2456/1401 1008/2454/1420
f 1008/2454/1420 998/2411/1402 1010/2483/1434
f 660/2212/1300 786/2241/1318 861/2505/1446
f 496/2232/1312 655/2437/1333 730/2506/1447
f 689/2393/1395 698/2469/1427 785/2507/1448
f 1195/2318/1356 1103/2508/1449 1274/2276/1338
f 698/2469/1427 577/2468/1415 571/2509/1450
f 696/2494/1442 713/2491/1439 679/2510/1451
f 1200/2151/1270 1052/2511/1452 1208/2353/1339
f 1208/2353/1339 1052/2511/1452 868/2471/1429
f 549/2474/1431 470/2473/1430 433/2135/1263
f 609/2512/163 77/2513/559 257/2514/1407
f 1323/2515/1453 1398/2497/1398 1316/2400/1397
f 1323/2515/1453 1378/2516/1454 1398/2497/1398
f 1416/2517/1455 1391/2518/1409 1398/2402/1398
f 1030/2499/1444 1215/2378/1365 1199/2374/1387
f 1327/2142/1266 1248/2519/1456 1237/2210/1298
f 1176/2209/1297 1030/2520/1444 988/2211/1299
f 1172/2500/1445 1220/2177/1281 1237/2210/1298
f 1112/2435/1391 1094/2480/1433 1119/2340/1368
f 885/2521/1371 879/2460/1421 891/2522/1403
f 638/2523/1457 813/2461/1422 617/2462/1423
f 660/2212/1300 861/2505/1446 655/2269/1333
f 181/2524/1458 219/2242/1319 261/2463/1424
f 371/2420/1353 356/2525/1459 208/2162/1275
f 874/2526/1322 881/2467/1426 912/2466/1261
f 1103/2508/1449 1195/2318/1356 1077/2441/1414
f 785/2507/1448 814/2421/1374 689/2393/1395
f 640/2527/1460 696/2494/1442 679/2510/1451
f 424/2470/1428 519/2528/1461 468/2350/1375
f 1398/2402/1398 1406/2529/1462 1393/2530/1463
f 1393/2530/1463 1416/2517/1455 1398/2402/1398
f 1406/2531/1462 1398/2497/1398 1419/2532/1464
f 1398/2497/1398 1389/2533/1465 1419/2532/1464
f 1391/2446/1409 1421/2534/1466 1420/2284/1342
f 1378/2535/1454 1323/2536/1453 1257/2477/1432
f 1327/2264/1266 1375/2174/1244 1248/2537/1456
f 1257/2477/1432 1214/2451/1417 1241/2538/1467
f 1179/2452/1418 1112/2435/1391 1149/2539/1468
f 1112/2435/1391 1119/2340/1368 1149/2539/1468
f 904/2540/1469 925/2485/1435 910/2484/1317
f 910/2484/1317 891/2522/1403 904/2540/1469
f 608/2053/1228 563/2541/1470 605/2542/1372
f 906/2458/1370 925/2543/1435 879/2459/1421
f 842/2346/1373 893/2544/1471 879/2460/1421
f 926/2545/1472 863/2179/1282 879/2487/1421
f 511/2546/1473 407/2547/1474 441/2548/1475
f 208/2162/1275 321/2549/1476 261/2463/1424
f 511/2546/1473 441/2548/1475 463/2550/1477
f 407/2547/1474 463/2550/1477 441/2548/1475
f 117/2082/1241 120/2551/1478 83/2464/1425
f 139/2439/1412 132/2552/1479 125/2270/1334
f 1274/2276/1338 1140/2553/1480 1367/2319/1357
f 713/2491/1439 712/2490/1438 679/2510/1451
f 1367/2319/1357 1140/2553/1480 1200/2151/1270
f 424/2470/1428 385/2197/1291 470/2473/1430
f 385/2197/1291 445/2422/1406 470/2473/1430
f 914/2472/1292 868/2471/1429 703/2554/1443
f 703/2495/1443 631/2396/1396 723/2233/1313
f 1453/2555/1233 1420/2556/1342 1371/2557/1481
f 1393/2530/1463 1420/2556/1342 1416/2517/1455
f 1389/2533/1465 1393/2558/1463 1406/2559/1462
f 1416/2517/1455 1420/2556/1342 1423/2560/1482
f 1420/2556/1342 1421/2561/1466 1423/2560/1482
f 1416/2562/1455 1421/2534/1466 1391/2446/1409
f 1389/2533/1465 1398/2497/1398 1378/2516/1454
f 1440/2283/1112 1412/2282/1341 1399/2425/1408
f 1287/2359/1379 1323/2536/1453 1316/2450/1397
f 1273/2563/1483 1375/2174/1244 1379/2173/1220
f 1214/2564/1417 1179/2452/1418 1204/2565/1484
f 1204/2565/1484 1179/2452/1418 1149/2539/1468
f 1149/2539/1468 1119/2340/1368 1155/2239/1316
f 891/2522/1403 879/2460/1421 904/2540/1469
f 926/2545/1472 786/2241/1318 863/2179/1282
f 821/2566/1485 842/2346/1373 813/2461/1422
f 511/2546/1473 411/2567/1486 407/2547/1474
f 127/2440/1413 120/2551/1478 117/2082/1241
f 142/2243/1320 130/2419/1405 155/2489/1437
f 175/2161/1274 130/2419/1405 142/2243/1320
f 442/2390/1393 364/2272/1243 483/2271/1335
f 874/2526/1322 814/2421/1374 881/2467/1426
f 698/2469/1427 700/2568/1487 785/2507/1448
f 634/2569/1488 698/2469/1427 571/2509/1450
f 711/2570/1489 712/2490/1438 754/2492/1440
f 754/2492/1440 733/2493/1441 752/2571/1490
f 571/2572/1450 577/2444/1415 543/2573/1491
f 733/2493/1441 696/2494/1442 724/2574/1492
f 577/2444/1415 468/2350/1375 543/2573/1491
f 519/2528/1461 543/2573/1491 468/2350/1375
f 519/2528/1461 424/2470/1428 535/2575/1493
f 1285/2357/1377 1353/2445/1109 1034/2576/1323
f 1371/2557/1481 1370/2577/1494 1453/2555/1233
f 1420/2556/1342 1393/2530/1463 1371/2557/1481
f 1257/2578/1432 1292/2579/1495 1378/2516/1454
f 1257/2477/1432 1323/2536/1453 1287/2359/1379
f 1199/2476/1387 1206/2431/1382 1090/2580/1496
f 1273/2563/1483 1248/2537/1456 1375/2174/1244
f 1204/2581/1484 1241/2538/1467 1214/2451/1417
f 1248/2519/1456 1172/2500/1445 1237/2210/1298
f 1149/2539/1468 1172/2500/1445 1204/2565/1484
f 1172/2500/1445 1149/2539/1468 1155/2239/1316
f 20/1991/1168 36/1990/1074 29/2582/1213
f 638/2523/1457 821/2566/1485 813/2461/1422
f 617/2583/1423 520/2584/1497 541/2585/1498
f 617/2583/1423 541/2585/1498 638/2586/1457
f 208/2162/1275 356/2525/1459 321/2549/1476
f 401/2587/1499 463/2550/1477 407/2547/1474
f 496/2232/1312 730/2506/1447 483/2271/1335
f 132/2552/1479 139/2439/1412 149/2488/1436
f 125/2270/1334 132/2552/1479 127/2440/1413
f 852/2588/1500 881/2467/1426 814/2421/1374
f 634/2569/1488 700/2568/1487 698/2469/1427
f 634/2569/1488 571/2509/1450 542/2589/1501
f 1274/2276/1338 1103/2508/1449 1140/2553/1480
f 712/2490/1438 711/2570/1489 679/2510/1451
f 754/2492/1440 752/2571/1490 711/2570/1489
f 752/2571/1490 733/2493/1441 724/2574/1492
f 667/2590/1502 724/2574/1492 696/2494/1442
f 535/2575/1493 424/2470/1428 505/2591/1503
f 470/2473/1430 505/2591/1503 424/2470/1428
f 703/2495/1443 549/2474/1431 631/2396/1396
f 1453/2278/1233 1370/2592/1494 1436/2279/1340
f 1393/2558/1463 1389/2533/1465 1366/2593/1504
f 1292/2594/1495 1257/2477/1432 1241/2538/1467
f 1273/2563/1483 1241/2538/1467 1248/2537/1456
f 1241/2538/1467 1204/2581/1484 1248/2595/1456
f 1248/2519/1456 1204/2565/1484 1172/2500/1445
f 925/2485/1435 926/2596/1472 879/2597/1421
f 893/2544/1471 904/2540/1469 879/2460/1421
f 842/2346/1373 821/2566/1485 893/2544/1471
f 926/2545/1472 956/2598/1505 786/2241/1318
f 617/2583/1423 605/2542/1372 520/2584/1497
f 411/2567/1486 401/2587/1499 407/2547/1474
f 182/2599/1506 219/2242/1319 181/2524/1458
f 155/2489/1437 132/2552/1479 149/2488/1436
f 1077/2441/1414 948/2600/1507 1103/2508/1449
f 852/2588/1500 814/2421/1374 785/2507/1448
f 640/2601/1460 667/2602/1502 696/2603/1442
f 1378/2516/1454 1366/2593/1504 1389/2533/1465
f 1292/2594/1495 1241/2538/1467 1273/2563/1483
f 925/2485/1435 904/2540/1469 926/2596/1472
f 520/2584/1497 605/2542/1372 563/2541/1470
f 563/2541/1470 437/2604/1508 520/2584/1497
f 821/2566/1485 638/2523/1457 694/2605/1509
f 638/2586/1457 541/2585/1498 694/2606/1509
f 694/2606/1509 541/2585/1498 511/2607/1473
f 541/2585/1498 520/2584/1497 437/2604/1508
f 541/2585/1498 437/2604/1508 411/2608/1486
f 511/2607/1473 541/2585/1498 411/2608/1486
f 522/2609/1510 615/2610/1511 463/2550/1477
f 132/2552/1479 120/2551/1478 127/2440/1413
f 971/2465/1394 881/2467/1426 948/2600/1507
f 1077/2441/1414 971/2465/1394 948/2600/1507
f 785/2507/1448 700/2568/1487 735/2611/1512
f 852/2588/1500 785/2507/1448 767/2612/1513
f 724/2574/1492 667/2590/1502 646/2613/1514
f 1140/2553/1480 1052/2511/1452 1200/2151/1270
f 509/2614/1515 519/2528/1461 535/2575/1493
f 868/2471/1429 826/2615/1516 770/2616/1517
f 586/2617/1518 505/2591/1503 470/2473/1430
f 703/2495/1443 770/2618/1517 586/2617/1518
f 868/2619/1429 770/2618/1517 703/2495/1443
f 549/2474/1431 586/2617/1518 470/2473/1430
f 703/2495/1443 586/2617/1518 549/2474/1431
f 1376/2620/1519 1412/2282/1341 1436/2279/1340
f 1258/2448/1416 1285/2357/1377 1034/2576/1323
f 1378/2516/1454 1292/2579/1495 1366/2593/1504
f 1343/2621/1520 1379/2173/1220 1399/2425/1408
f 1273/2563/1483 1343/2621/1520 1292/2594/1495
f 11/2622/1100 20/1991/1168 8/2623/1521
f 904/2540/1469 893/2544/1471 926/2596/1472
f 861/2505/1446 786/2241/1318 967/2624/1522
f 730/2625/1447 655/2269/1333 861/2505/1446
f 437/2604/1508 353/2626/1523 411/2608/1486
f 694/2606/1509 511/2607/1473 463/2627/1477
f 411/2608/1486 353/2626/1523 401/2628/1499
f 321/2629/1476 353/2626/1523 261/2630/1424
f 219/2242/1319 182/2599/1506 130/2419/1405
f 155/2489/1437 130/2419/1405 132/2552/1479
f 735/2611/1512 767/2612/1513 785/2507/1448
f 767/2612/1513 765/2631/1524 801/2632/1525
f 542/2633/1501 571/2572/1450 515/2634/1526
f 765/2631/1524 653/2635/1527 711/2570/1489
f 752/2571/1490 765/2631/1524 711/2570/1489
f 801/2632/1525 765/2631/1524 752/2571/1490
f 571/2572/1450 543/2573/1491 515/2634/1526
f 679/2510/1451 622/2636/1528 640/2527/1460
f 752/2571/1490 724/2574/1492 801/2632/1525
f 629/2637/1529 667/2602/1502 640/2601/1460
f 515/2634/1526 543/2573/1491 519/2528/1461
f 1140/2553/1480 915/2638/1530 1052/2511/1452
f 801/2632/1525 724/2574/1492 826/2615/1516
f 826/2615/1516 724/2574/1492 715/2639/1531
f 915/2638/1530 826/2615/1516 868/2471/1429
f 826/2615/1516 715/2639/1531 770/2616/1517
f 1343/2621/1520 1412/2282/1341 1386/2640/1532
f 1412/2282/1341 1343/2621/1520 1399/2425/1408
f 1343/2621/1520 1273/2563/1483 1379/2173/1220
f 956/2598/1505 926/2545/1472 893/2641/1471
f 437/2604/1508 391/2642/1533 353/2626/1523
f 694/2606/1509 463/2627/1477 719/2643/1534
f 615/2644/1511 719/2643/1534 463/2627/1477
f 401/2587/1499 522/2609/1510 463/2550/1477
f 948/2600/1507 881/2467/1426 852/2588/1500
f 735/2611/1512 671/2645/1535 767/2612/1513
f 852/2588/1500 767/2612/1513 801/2632/1525
f 767/2612/1513 671/2645/1535 765/2631/1524
f 679/2510/1451 711/2570/1489 622/2636/1528
f 915/2638/1530 801/2632/1525 826/2615/1516
f 519/2528/1461 509/2614/1515 515/2634/1526
f 701/2646/1536 724/2574/1492 646/2613/1514
f 1052/2511/1452 915/2638/1530 868/2471/1429
f 525/2647/1537 509/2614/1515 535/2575/1493
f 535/2575/1493 505/2591/1503 525/2647/1537
f 770/2618/1517 715/2648/1531 586/2617/1518
f 1366/2649/1504 1292/2579/1495 1343/2650/1520
f 608/2053/1228 418/2651/1538 563/2541/1470
f 786/2241/1318 956/2598/1505 967/2624/1522
f 849/2652/1539 821/2566/1485 694/2605/1509
f 542/2589/1501 582/2653/1540 634/2569/1488
f 948/2600/1507 852/2588/1500 801/2632/1525
f 765/2631/1524 671/2645/1535 653/2635/1527
f 1103/2508/1449 948/2600/1507 915/2638/1530
f 1103/2508/1449 915/2638/1530 1140/2553/1480
f 948/2600/1507 801/2632/1525 915/2638/1530
f 653/2635/1527 622/2636/1528 711/2570/1489
f 646/2654/1514 667/2602/1502 629/2637/1529
f 724/2574/1492 701/2646/1536 715/2639/1531
f 505/2591/1503 568/2655/1541 525/2647/1537
f 1366/2656/1504 1371/2557/1481 1393/2530/1463
f 1258/2448/1416 1090/2580/1496 1206/2431/1382
f 1030/2499/1444 1199/2374/1387 1090/2657/1496
f 193/2658/1542 261/2630/1424 353/2626/1523
f 261/2659/1424 193/2660/1542 181/2661/1458
f 634/2569/1488 565/2662/1543 700/2568/1487
f 622/2663/1528 629/2637/1529 640/2601/1460
f 515/2634/1526 509/2614/1515 504/2664/1544
f 610/2665/1545 701/2666/1536 646/2654/1514
f 701/2666/1536 652/2667/1546 715/2648/1531
f 610/2665/1545 590/2668/1547 553/2669/1548
f 553/2669/1548 556/2670/1549 594/2671/1550
f 610/2665/1545 553/2669/1548 594/2671/1550
f 586/2617/1518 715/2648/1531 616/2672/1551
f 505/2591/1503 586/2617/1518 568/2655/1541
f 1436/2279/1340 1370/2592/1494 1376/2620/1519
f 1376/2620/1519 1386/2640/1532 1412/2282/1341
f 1386/2640/1532 1366/2673/1504 1343/2621/1520
f 8/2623/1521 20/1991/1168 29/2582/1213
f 849/2652/1539 938/2674/1552 821/2566/1485
f 391/2642/1533 193/2658/1542 353/2626/1523
f 432/2675/1553 401/2676/1499 353/2677/1523
f 93/2678/1240 83/2679/1425 70/2680/1138
f 132/2552/1479 130/2419/1405 120/2551/1478
f 565/2662/1543 735/2611/1512 700/2568/1487
f 634/2569/1488 582/2653/1540 565/2662/1543
f 515/2634/1526 507/2681/1554 542/2633/1501
f 610/2665/1545 646/2654/1514 590/2668/1547
f 701/2666/1536 610/2665/1545 652/2667/1546
f 652/2667/1546 610/2665/1545 594/2671/1550
f 715/2648/1531 652/2667/1546 619/2682/1555
f 619/2682/1555 616/2672/1551 715/2648/1531
f 586/2617/1518 616/2672/1551 568/2655/1541
f 1371/2557/1481 1366/2656/1504 1386/2683/1532
f 1258/2448/1416 1034/2576/1323 1090/2580/1496
f 938/2674/1552 893/2544/1471 821/2566/1485
f 451/2684/1556 391/2642/1533 437/2604/1508
f 861/2505/1446 967/2624/1522 730/2625/1447
f 694/2605/1509 719/2685/1534 849/2652/1539
f 432/2675/1553 353/2677/1523 379/2686/1557
f 379/2686/1557 353/2677/1523 321/2687/1476
f 653/2635/1527 671/2645/1535 625/2688/1558
f 582/2653/1540 542/2589/1501 507/2689/1554
f 622/2636/1528 625/2688/1558 554/2690/1559
f 588/2691/1560 554/2692/1559 553/2669/1548
f 588/2691/1560 590/2668/1547 629/2637/1529
f 629/2637/1529 590/2668/1547 646/2654/1514
f 553/2669/1548 590/2668/1547 588/2691/1560
f 509/2614/1515 525/2647/1537 508/2693/1561
f 594/2671/1550 556/2670/1549 562/2694/1562
f 1376/2620/1519 1370/2592/1494 1371/2695/1481
f 1371/2557/1481 1386/2683/1532 1376/2696/1519
f 11/2622/1100 8/2623/1521 5/2697/1148
f 563/2541/1470 451/2684/1556 437/2604/1508
f 401/2698/1499 432/2675/1553 522/2699/1510
f 735/2611/1512 565/2662/1543 671/2645/1535
f 671/2645/1535 565/2662/1543 625/2688/1558
f 507/2689/1554 565/2662/1543 582/2653/1540
f 625/2688/1558 565/2662/1543 554/2690/1559
f 507/2681/1554 544/2700/1563 565/2701/1543
f 622/2636/1528 653/2635/1527 625/2688/1558
f 554/2690/1559 565/2662/1543 544/2702/1563
f 554/2690/1559 588/2703/1560 622/2636/1528
f 622/2663/1528 588/2691/1560 629/2637/1529
f 515/2634/1526 504/2664/1544 507/2681/1554
f 554/2692/1559 544/2700/1563 553/2669/1548
f 544/2700/1563 531/2704/1564 553/2669/1548
f 504/2664/1544 509/2614/1515 508/2693/1561
f 562/2694/1562 556/2670/1549 531/2704/1564
f 562/2694/1562 652/2667/1546 594/2671/1550
f 568/2655/1541 545/2705/1565 525/2647/1537
f 77/2706/559 41/2707/864 257/2708/1407
f 30/2709/1566 53/2710/1303 22/2711/1400
f 956/2712/1505 893/2544/1471 938/2674/1552
f 70/2680/1138 42/2713/1567 29/2582/1213
f 719/2685/1534 615/2714/1511 741/2715/1568
f 432/2675/1553 446/2716/1569 522/2699/1510
f 482/2717/1570 371/2311/1353 442/2390/1393
f 553/2669/1548 531/2704/1564 556/2670/1549
f 619/2682/1555 652/2667/1546 562/2694/1562
f 616/2672/1551 545/2705/1565 568/2655/1541
f 356/2718/1459 409/2719/1571 321/2687/1476
f 522/2720/1510 741/2721/1568 615/2722/1511
f 482/2723/1570 356/2718/1459 371/2724/1353
f 181/2524/1458 150/2725/1572 182/2599/1506
f 508/2693/1561 507/2681/1554 504/2664/1544
f 544/2700/1563 507/2681/1554 508/2693/1561
f 508/2693/1561 531/2704/1564 544/2700/1563
f 508/2693/1561 525/2647/1537 545/2705/1565
f 616/2672/1551 619/2682/1555 545/2705/1565
f 563/2541/1470 418/2651/1538 451/2684/1556
f 938/2674/1552 849/2652/1539 741/2715/1568
f 967/2624/1522 989/2726/1573 730/2625/1447
f 849/2652/1539 719/2685/1534 741/2715/1568
f 442/2390/1393 483/2271/1335 720/2727/1574
f 182/2599/1506 150/2725/1572 130/2419/1405
f 531/2704/1564 508/2693/1561 562/2694/1562
f 562/2694/1562 508/2693/1561 545/2705/1565
f 619/2682/1555 562/2694/1562 545/2705/1565
f 956/2712/1505 989/2728/1573 967/2729/1522
f 193/2660/1542 150/2730/1572 181/2661/1458
f 956/2712/1505 938/2674/1552 989/2728/1573
f 938/2674/1552 741/2715/1568 981/2731/1575
f 216/2732/1576 193/2658/1542 391/2642/1533
f 379/2686/1557 321/2687/1476 409/2719/1571
f 483/2733/1335 730/2625/1447 784/2734/1577
f 53/2710/1303 126/2735/1578 41/2707/864
f 774/2383/1308 988/2211/1299 654/2736/1579
f 981/2731/1575 989/2728/1573 938/2674/1552
f 446/2716/1569 432/2675/1553 379/2686/1557
f 730/2737/1447 989/2728/1573 784/2738/1577
f 569/2739/1580 482/2723/1570 442/2740/1393
f 83/2464/1425 120/2551/1478 100/2741/1581
f 100/2741/1581 120/2551/1478 130/2419/1405
f 856/2742/1582 569/2743/1580 442/2744/1393
f 720/2745/1574 856/2742/1582 442/2744/1393
f 939/2746/1583 981/2731/1575 741/2715/1568
f 53/2710/1303 30/2709/1566 57/2747/1584
f 939/2746/1583 989/2728/1573 981/2731/1575
f 409/2719/1571 446/2716/1569 379/2686/1557
f 521/2748/1585 482/2723/1570 569/2739/1580
f 483/2749/1335 784/2734/1577 720/2750/1574
f 22/2408/1400 14/2223/1307 17/2751/1586
f 451/2684/1556 220/2752/1587 391/2642/1533
f 989/2728/1573 939/2746/1583 784/2738/1577
f 482/2723/1570 409/2719/1571 356/2718/1459
f 721/2753/1588 741/2721/1568 522/2720/1510
f 608/2053/1228 774/2224/1308 455/2754/1589
f 446/2716/1569 409/2719/1571 475/2755/1590
f 446/2756/1569 721/2753/1588 522/2720/1510
f 150/2730/1572 100/2757/1581 130/2758/1405
f 391/2642/1533 220/2752/1587 216/2732/1576
f 916/2759/1591 939/2746/1583 741/2715/1568
f 451/2684/1556 418/2651/1538 220/2752/1587
f 8/2623/1521 29/2582/1213 13/2760/1592
f 538/2761/1593 446/2716/1569 475/2755/1590
f 916/2759/1591 741/2715/1568 721/2762/1588
f 784/2738/1577 939/2746/1583 720/2763/1574
f 257/2708/1407 41/2707/864 126/2735/1578
f 475/2755/1590 409/2719/1571 476/2764/1594
f 482/2723/1570 476/2764/1594 409/2719/1571
f 916/2759/1591 720/2763/1574 939/2746/1583
f 42/2713/1567 70/2680/1138 52/2765/1595
f 1061/2766/1596 1030/2767/1444 1090/2768/1496
f 598/2769/1597 446/2716/1569 538/2761/1593
f 714/2770/1598 721/2753/1588 446/2756/1569
f 521/2748/1585 524/2771/1599 482/2723/1570
f 30/2772/1566 22/2408/1400 17/2751/1586
f 721/2762/1588 714/2773/1598 856/2742/1582
f 721/2762/1588 856/2742/1582 916/2759/1591
f 720/2763/1574 916/2759/1591 856/2742/1582
f 57/2747/1584 30/2709/1566 44/2774/1600
f 988/2775/1299 1030/2776/1444 960/2777/1601
f 13/2760/1592 29/2582/1213 42/2713/1567
f 714/2778/1598 446/2756/1569 598/2779/1597
f 570/2780/1602 524/2771/1599 521/2748/1585
f 569/2743/1580 570/2781/1602 521/2782/1585
f 524/2771/1599 476/2764/1594 482/2723/1570
f 83/2679/1425 52/2765/1595 70/2680/1138
f 12/2783/1603 17/2751/1586 14/2223/1307
f 14/2784/1307 7/2785/1288 12/2786/1603
f 960/2777/1601 654/2787/1579 988/2775/1299
f 538/2761/1593 475/2755/1590 540/2788/1604
f 540/2788/1604 475/2755/1590 476/2764/1594
f 687/2789/1605 570/2781/1602 569/2743/1580
f 540/2788/1604 476/2764/1594 524/2771/1599
f 856/2742/1582 687/2789/1605 569/2743/1580
f 1030/2776/1444 1061/2790/1596 960/2777/1601
f 651/2791/1606 714/2773/1598 598/2792/1597
f 53/2710/1303 57/2747/1584 72/2793/1607
f 714/2773/1598 687/2789/1605 856/2742/1582
f 61/2794/1608 83/2679/1425 100/2757/1581
f 7/2785/1288 5/2697/1148 6/2795/1609
f 52/2765/1595 83/2679/1425 61/2794/1608
f 570/2781/1602 540/2796/1604 524/2797/1599
f 133/2798/1610 193/2660/1542 216/2799/1576
f 570/2800/1602 687/2801/1605 540/2802/1604
f 960/2777/1601 1061/2790/1596 1035/2803/1611
f 12/2783/1603 7/2804/1288 6/2805/1609
f 1090/2806/1496 1034/2807/1323 257/2808/1407
f 38/2809/1612 30/2810/1566 21/2811/1613
f 21/2812/1613 30/2772/1566 17/2751/1586
f 598/2779/1597 538/2813/1593 651/2814/1606
f 651/2814/1606 538/2813/1593 540/2802/1604
f 651/2791/1606 687/2789/1605 714/2773/1598
f 133/2798/1610 150/2730/1572 193/2660/1542
f 44/2774/1600 30/2709/1566 38/2815/1612
f 455/2754/1589 418/2651/1538 608/2053/1228
f 651/2814/1606 540/2802/1604 687/2801/1605
f 1090/2806/1496 1025/2816/1614 1061/2817/1596
f 1061/2818/1596 1026/2819/1615 1035/2820/1611
f 1018/2821/1616 960/2822/1601 1035/2823/1611
f 654/2824/1579 960/2822/1601 935/2825/1617
f 935/2825/1617 960/2822/1601 1018/2821/1616
f 1018/2826/1616 1038/2827/1618 935/2828/1617
f 1038/2827/1618 1022/2829/1619 935/2828/1617
f 1038/2827/1618 1000/2830/1620 1022/2829/1619
f 1023/2831/1621 1000/2832/1620 1038/2833/1618
f 1000/2832/1620 1023/2831/1621 954/2834/1622
f 922/2835/1623 1000/2836/1620 954/2837/1622
f 5/2697/1148 8/2623/1521 2/2838/1624
f 8/2623/1521 13/2760/1592 2/2838/1624
f 1035/2839/1611 1038/2840/1618 1018/2841/1616
f 1023/2842/1621 1038/2840/1618 1035/2839/1611
f 1022/2829/1619 1000/2843/1620 898/2844/1625
f 774/2224/1308 654/2845/1579 455/2754/1589
f 53/2710/1303 72/2793/1607 105/2846/1626
f 53/2710/1303 105/2846/1626 126/2735/1578
f 1090/2806/1496 257/2808/1407 1025/2816/1614
f 1019/2847/1627 935/2828/1617 1022/2829/1619
f 1022/2829/1619 898/2844/1625 1019/2847/1627
f 898/2844/1625 1000/2843/1620 922/2848/1623
f 6/2795/1609 5/2697/1148 2/2838/1624
f 973/2849/1628 1061/2817/1596 1025/2816/1614
f 1026/2850/1615 1023/2842/1621 1035/2839/1611
f 1019/2847/1627 990/2851/1629 935/2828/1617
f 1026/2819/1615 1061/2817/1596 973/2849/1628
f 1019/2847/1627 1026/2850/1615 990/2851/1629
f 150/2730/1572 81/2852/1630 100/2757/1581
f 100/2757/1581 81/2852/1630 61/2794/1608
f 57/2747/1584 44/2774/1600 72/2793/1607
f 973/2849/1628 990/2853/1629 1026/2819/1615
f 943/2854/1631 1023/2842/1621 1026/2850/1615
f 21/2855/1613 17/2751/1586 12/2783/1603
f 418/2651/1538 347/2856/1632 220/2857/1587
f 13/2760/1592 42/2713/1567 33/2858/1633
f 1026/2850/1615 1019/2847/1627 986/2859/1634
f 455/2754/1589 358/2860/1635 418/2651/1538
f 257/2708/1407 126/2735/1578 436/2861/1636
f 943/2854/1631 1026/2850/1615 986/2859/1634
f 973/2862/1628 935/2825/1617 990/2863/1629
f 909/2864/1637 1019/2847/1627 898/2844/1625
f 943/2854/1631 954/2837/1622 1023/2842/1621
f 44/2774/1600 59/2865/1638 72/2793/1607
f 935/2825/1617 909/2866/1637 654/2824/1579
f 38/2809/1612 21/2811/1613 45/2867/1639
f 59/2865/1638 44/2774/1600 38/2815/1612
f 898/2868/1625 922/2869/1623 595/2870/1640
f 220/2871/1587 133/2798/1610 216/2799/1576
f 42/2713/1567 52/2765/1595 33/2858/1633
f 133/2798/1610 81/2852/1630 150/2730/1572
f 1025/2816/1614 850/2872/1641 973/2849/1628
f 986/2859/1634 1019/2847/1627 963/2873/1642
f 963/2873/1642 1019/2847/1627 909/2864/1637
f 954/2837/1622 805/2874/1643 922/2835/1623
f 935/2825/1617 973/2862/1628 963/2875/1642
f 935/2825/1617 963/2875/1642 909/2866/1637
f 886/2876/1644 909/2864/1637 898/2844/1625
f 654/2877/1579 886/2876/1644 898/2844/1625
f 654/2824/1579 898/2868/1625 595/2870/1640
f 257/2808/1407 831/2878/1645 1025/2816/1614
f 850/2872/1641 1025/2816/1614 831/2878/1645
f 986/2859/1634 1029/2879/1646 943/2854/1631
f 45/2880/1639 63/2881/1647 38/2815/1612
f 805/2874/1643 954/2837/1622 943/2854/1631
f 805/2882/1643 744/2883/1648 922/2884/1623
f 12/2783/1603 10/2885/1649 21/2855/1613
f 909/2866/1637 886/2886/1644 654/2824/1579
f 922/2884/1623 744/2883/1648 595/2870/1640
f 347/2887/1632 418/2651/1538 358/2860/1635
f 72/2888/1607 59/2889/1638 79/2890/1650
f 59/2891/1638 38/2815/1612 63/2881/1647
f 16/2892/1651 21/2811/1613 10/2893/1649
f 13/2760/1592 33/2858/1633 24/2894/1652
f 986/2859/1634 963/2873/1642 850/2895/1641
f 16/2892/1651 32/2896/1653 21/2811/1613
f 1029/2879/1646 986/2859/1634 995/2897/1654
f 850/2895/1641 995/2897/1654 986/2859/1634
f 45/2867/1639 21/2811/1613 32/2896/1653
f 72/2793/1607 79/2898/1650 105/2846/1626
f 850/2872/1641 963/2899/1642 973/2849/1628
f 595/2900/1640 419/2901/1655 654/2902/1579
f 10/2885/1649 12/2783/1603 1/2903/1656
f 12/2783/1603 6/2805/1609 1/2903/1656
f 654/2902/1579 419/2901/1655 455/2904/1589
f 805/2905/1643 729/2906/1657 744/2907/1648
f 6/2795/1609 2/2838/1624 1/2908/1656
f 15/2909/1658 2/2838/1624 13/2760/1592
f 52/2765/1595 43/2910/1659 33/2858/1633
f 862/2911/1660 995/2897/1654 850/2895/1641
f 847/2912/1661 943/2854/1631 1029/2913/1646
f 16/2892/1651 10/2893/1649 4/2914/1662
f 61/2794/1608 43/2910/1659 52/2765/1595
f 257/2915/1407 436/2916/1636 618/2917/1663
f 10/2885/1649 1/2903/1656 4/2918/1662
f 347/2919/1632 170/2920/1664 220/2871/1587
f 974/2921/1665 995/2922/1654 862/2923/1660
f 995/2922/1654 974/2921/1665 1029/2924/1646
f 974/2921/1665 847/2925/1661 1029/2924/1646
f 63/2926/1647 45/2927/1639 32/2928/1653
f 15/2909/1658 13/2760/1592 24/2894/1652
f 79/2890/1650 59/2929/1638 63/2926/1647
f 974/2921/1665 905/2930/1666 847/2925/1661
f 943/2931/1631 847/2925/1661 805/2905/1643
f 1/2908/1656 2/2838/1624 3/2932/1667
f 79/2890/1650 98/2933/1668 105/2934/1626
f 66/2935/1669 63/2926/1647 32/2928/1653
f 862/2936/1660 905/2930/1666 974/2921/1665
f 16/2892/1651 34/2937/1670 32/2896/1653
f 98/2933/1668 79/2890/1650 63/2926/1647
f 747/2938/1671 850/2872/1641 831/2878/1645
f 3/2932/1667 4/2939/1662 1/2908/1656
f 419/2940/1655 283/2941/1672 455/2754/1589
f 455/2942/1589 283/2943/1672 358/2944/1635
f 831/2878/1645 257/2808/1407 618/2945/1663
f 63/2926/1647 66/2935/1669 98/2933/1668
f 16/2892/1651 4/2914/1662 26/2946/1673
f 2/2838/1624 15/2909/1658 9/2947/1674
f 24/2894/1652 33/2858/1633 43/2910/1659
f 905/2930/1666 827/2948/1675 847/2925/1661
f 3/2932/1667 2/2838/1624 9/2947/1674
f 170/2920/1664 133/2798/1610 220/2871/1587
f 61/2794/1608 81/2852/1630 74/2949/1676
f 34/2937/1670 16/2892/1651 26/2946/1673
f 105/2934/1626 98/2933/1668 66/2935/1669
f 595/2900/1640 744/2907/1648 630/2950/1677
f 862/2951/1660 840/2952/1678 905/2953/1666
f 850/2954/1641 747/2955/1671 862/2951/1660
f 595/2900/1640 630/2950/1677 555/2956/1679
f 630/2950/1677 744/2907/1648 729/2906/1657
f 66/2935/1669 32/2928/1653 49/2957/1680
f 742/2958/1681 805/2905/1643 847/2925/1661
f 805/2905/1643 597/2959/1682 729/2906/1657
f 105/2934/1626 66/2935/1669 51/2960/1683
f 831/2878/1645 618/2945/1663 580/2961/1684
f 840/2962/1678 854/2963/1685 905/2930/1666
f 597/2959/1682 805/2905/1643 742/2958/1681
f 43/2910/1659 61/2794/1608 58/2964/1686
f 81/2852/1630 133/2798/1610 114/2965/1687
f 61/2794/1608 74/2949/1676 58/2964/1686
f 34/2966/1670 49/2957/1680 32/2928/1653
f 747/2938/1671 831/2878/1645 580/2961/1684
f 905/2930/1666 854/2963/1685 827/2948/1675
f 862/2951/1660 747/2955/1671 840/2952/1678
f 827/2948/1675 742/2958/1681 847/2925/1661
f 574/2967/1688 729/2906/1657 597/2959/1682
f 4/2914/1662 3/2968/1667 19/2969/1689
f 854/2963/1685 840/2962/1678 834/2970/1690
f 358/2944/1635 170/2971/1664 347/2972/1632
f 94/2973/1691 81/2852/1630 114/2965/1687
f 630/2950/1677 729/2906/1657 574/2967/1688
f 25/2974/1692 9/2947/1674 15/2909/1658
f 15/2909/1658 24/2894/1652 25/2974/1692
f 133/2798/1610 170/2920/1664 138/2975/1693
f 81/2852/1630 94/2973/1691 74/2949/1676
f 840/2952/1678 747/2955/1671 806/2976/1694
f 534/2977/1695 555/2956/1679 630/2950/1677
f 555/2956/1679 378/2978/1696 595/2900/1640
f 378/2979/1696 419/2980/1655 595/2981/1640
f 283/2943/1672 419/2982/1655 340/2983/1697
f 358/2944/1635 283/2943/1672 170/2971/1664
f 138/2975/1693 114/2965/1687 133/2798/1610
f 34/2966/1670 48/2984/1698 49/2957/1680
f 834/2985/1690 840/2952/1678 806/2976/1694
f 816/2986/1699 827/2948/1675 854/2963/1685
f 66/2935/1669 49/2957/1680 51/2960/1683
f 827/2948/1675 816/2986/1699 783/2987/1700
f 837/2988/1701 818/2989/1702 827/2948/1675
f 24/2894/1652 43/2910/1659 37/2990/1703
f 126/2735/1578 105/2846/1626 51/2991/1683
f 834/2985/1690 806/2976/1694 811/2992/1704
f 811/2992/1704 808/2993/1705 834/2985/1690
f 834/2970/1690 829/2994/1706 854/2963/1685
f 854/2963/1685 829/2994/1706 816/2986/1699
f 835/2995/1707 827/2948/1675 783/2987/1700
f 827/2948/1675 835/2995/1707 837/2988/1701
f 827/2948/1675 818/2989/1702 742/2958/1681
f 534/2977/1695 593/2996/1708 555/2956/1679
f 829/2994/1706 834/2970/1690 808/2997/1705
f 126/2998/1578 376/2999/1709 436/2916/1636
f 806/2976/1694 791/3000/1710 811/2992/1704
f 829/2994/1706 791/3001/1710 816/2986/1699
f 748/3002/1711 791/3000/1710 806/2976/1694
f 806/2976/1694 747/2955/1671 748/3002/1711
f 580/2961/1684 636/3003/1712 747/2938/1671
f 835/2995/1707 762/3004/1713 837/2988/1701
f 837/2988/1701 762/3004/1713 818/2989/1702
f 19/3005/1689 3/3006/1667 9/3007/1674
f 811/2992/1704 791/3000/1710 808/3008/1705
f 791/3001/1710 789/3009/1714 816/2986/1699
f 816/2986/1699 789/3009/1714 783/2987/1700
f 835/2995/1707 783/2987/1700 762/3004/1713
f 742/2958/1681 818/2989/1702 762/3004/1713
f 37/2990/1703 25/2974/1692 24/2894/1652
f 37/2990/1703 43/2910/1659 58/2964/1686
f 829/2994/1706 808/2997/1705 791/3001/1710
f 789/3010/1714 791/3000/1710 748/3002/1711
f 783/2987/1700 675/3011/1715 762/3004/1713
f 630/2950/1677 574/2967/1688 534/2977/1695
f 534/2977/1695 574/2967/1688 491/3012/1716
f 48/2984/1698 34/2966/1670 26/3013/1673
f 691/3014/1717 675/3011/1715 783/2987/1700
f 481/3015/1718 555/3016/1679 593/3017/1708
f 58/2964/1686 74/2949/1676 71/3018/1719
f 691/3014/1717 783/2987/1700 789/3009/1714
f 748/3002/1711 747/2955/1671 706/3019/1720
f 647/3020/1721 597/2959/1682 742/2958/1681
f 583/3021/1722 481/3015/1718 593/3017/1708
f 71/3018/1719 74/2949/1676 94/2973/1691
f 706/3019/1720 747/2955/1671 636/3022/1712
f 26/2946/1673 4/2914/1662 35/3023/1723
f 452/3024/1724 593/3025/1708 534/3026/1695
f 555/3016/1679 481/3015/1718 378/2979/1696
f 575/3027/1725 436/2916/1636 551/3028/1726
f 575/3027/1725 551/3028/1726 578/3029/1727
f 578/3029/1727 537/3030/1728 575/3027/1725
f 452/3024/1724 583/3031/1722 593/3025/1708
f 344/3032/1729 340/2983/1697 419/3033/1655
f 376/2999/1709 458/3034/1730 495/3035/1731
f 436/2916/1636 376/2999/1709 495/3035/1731
f 559/3036/1732 551/3028/1726 513/3037/1733
f 559/3036/1732 578/3029/1727 551/3028/1726
f 573/3038/1734 513/3037/1733 551/3028/1726
f 578/3029/1727 559/3036/1732 589/3039/1735
f 589/3039/1735 559/3036/1732 575/3027/1725
f 551/3028/1726 436/2916/1636 495/3040/1731
f 578/3041/1727 513/3042/1733 573/3043/1734
f 578/3029/1727 589/3039/1735 513/3037/1733
f 589/3039/1735 537/3030/1728 513/3037/1733
f 589/3039/1735 575/3027/1725 537/3030/1728
f 578/3041/1727 573/3043/1734 537/3044/1728
f 573/3043/1734 551/3045/1726 537/3044/1728
f 551/3045/1726 495/3046/1731 537/3044/1728
f 762/3004/1713 647/3020/1721 742/2958/1681
f 607/3047/1736 636/3022/1712 676/3048/1737
f 481/3015/1718 583/3021/1722 523/3049/1738
f 9/2947/1674 25/2974/1692 31/3050/1739
f 559/3036/1732 436/2916/1636 575/3027/1725
f 458/3051/1730 376/3052/1709 408/3053/1740
f 706/3054/1720 691/3014/1717 748/3055/1711
f 748/3055/1711 691/3014/1717 789/3009/1714
f 537/3056/1728 495/3057/1731 523/3049/1738
f 675/3011/1715 647/3020/1721 762/3004/1713
f 641/3058/1741 676/3048/1737 636/3022/1712
f 665/3059/1742 661/3060/1743 636/3022/1712
f 661/3060/1743 641/3058/1741 636/3022/1712
f 58/2964/1686 71/3018/1719 56/3061/1744
f 51/2991/1683 158/3062/1745 126/2735/1578
f 436/2916/1636 506/3063/1746 567/3064/1747
f 618/3065/1663 436/2916/1636 567/3064/1747
f 506/3063/1746 436/2916/1636 513/3066/1733
f 436/2916/1636 559/3036/1732 513/3066/1733
f 665/3067/1742 636/3068/1712 580/3069/1684
f 583/3031/1722 454/3070/1748 523/3071/1738
f 607/3072/1736 665/3073/1742 643/3074/1749
f 676/3075/1737 665/3073/1742 607/3072/1736
f 656/3076/1750 607/3077/1736 661/3078/1743
f 607/3072/1736 643/3074/1749 661/3079/1743
f 643/3074/1749 641/3080/1741 661/3079/1743
f 661/3078/1743 665/3081/1742 676/3082/1737
f 661/3078/1743 676/3082/1737 656/3076/1750
f 641/3083/1741 656/3076/1750 676/3082/1737
f 454/3070/1748 583/3031/1722 452/3024/1724
f 170/2971/1664 283/2943/1672 180/3084/1751
f 56/3061/1744 37/2990/1703 58/2964/1686
f 580/3085/1684 618/3065/1663 567/3064/1747
f 636/3022/1712 592/3086/1752 706/3019/1720
f 643/3087/1749 566/3088/1753 641/3089/1741
f 607/3090/1736 641/3089/1741 566/3088/1753
f 607/3077/1736 656/3076/1750 641/3083/1741
f 35/3023/1723 4/2914/1662 19/2969/1689
f 378/3091/1696 344/3032/1729 419/3033/1655
f 25/2974/1692 37/2990/1703 31/3050/1739
f 49/2957/1680 48/2984/1698 51/2960/1683
f 706/3054/1720 592/3092/1752 691/3014/1717
f 495/3057/1731 458/3093/1730 523/3049/1738
f 481/3015/1718 523/3049/1738 458/3093/1730
f 566/3088/1753 643/3087/1749 665/3067/1742
f 597/3094/1682 491/3095/1716 574/3096/1688
f 413/3097/1754 378/2979/1696 481/3015/1718
f 506/3063/1746 487/3098/1755 503/3099/1756
f 580/3069/1684 566/3088/1753 665/3067/1742
f 567/3064/1747 506/3063/1746 503/3099/1756
f 408/3053/1740 376/3052/1709 302/3100/1757
f 506/3063/1746 513/3066/1733 486/3101/1758
f 537/3044/1728 486/3102/1758 513/3042/1733
f 408/3103/1740 421/3104/1759 458/3093/1730
f 675/3011/1715 691/3014/1717 592/3105/1752
f 597/3094/1682 547/3106/1760 491/3095/1716
f 180/3084/1751 283/2943/1672 340/2983/1697
f 91/3107/1761 94/2973/1691 114/2965/1687
f 94/2973/1691 91/3107/1761 71/3018/1719
f 506/3063/1746 486/3101/1758 487/3098/1755
f 537/3044/1728 523/3071/1738 486/3102/1758
f 675/3108/1715 592/3109/1752 599/3110/1762
f 587/3111/1763 597/2959/1682 647/3020/1721
f 481/3015/1718 458/3093/1730 413/3097/1754
f 491/3095/1716 452/3024/1724 534/3026/1695
f 344/3032/1729 180/3084/1751 340/2983/1697
f 170/2971/1664 116/3112/1764 138/3113/1693
f 126/2735/1578 302/3114/1757 376/3115/1709
f 48/2984/1698 26/3013/1673 51/2960/1683
f 647/3116/1721 675/3117/1715 599/3110/1762
f 592/3109/1752 636/3118/1712 607/3090/1736
f 178/3119/1765 344/3032/1729 378/3091/1696
f 173/3120/1766 180/3084/1751 344/3032/1729
f 114/3121/1687 138/3113/1693 116/3112/1764
f 458/3093/1730 421/3104/1759 413/3097/1754
f 479/3122/1767 503/3099/1756 487/3098/1755
f 592/3109/1752 607/3090/1736 552/3123/1768
f 170/2971/1664 180/3084/1751 116/3112/1764
f 487/3124/1755 486/3102/1758 479/3125/1767
f 454/3070/1748 459/3126/1769 486/3102/1758
f 486/3102/1758 523/3071/1738 454/3070/1748
f 566/3088/1753 552/3123/1768 607/3090/1736
f 587/3127/1763 547/3106/1760 597/3094/1682
f 344/3032/1729 171/3128/1770 173/3120/1766
f 91/3107/1761 76/3129/1771 71/3018/1719
f 479/3122/1767 567/3064/1747 503/3099/1756
f 580/3069/1684 567/3130/1747 492/3131/1772
f 413/3097/1754 421/3104/1759 397/3132/1773
f 9/3007/1674 31/3133/1739 19/3005/1689
f 116/3112/1764 91/3134/1761 114/3121/1687
f 492/3131/1772 566/3088/1753 580/3069/1684
f 547/3106/1760 457/3135/1774 491/3095/1716
f 344/3032/1729 178/3119/1765 171/3128/1770
f 171/3128/1770 177/3136/1775 173/3120/1766
f 302/3114/1757 126/2735/1578 158/3137/1745
f 567/3130/1747 479/3125/1767 492/3131/1772
f 421/3104/1759 408/3103/1740 397/3132/1773
f 486/3102/1758 459/3126/1769 479/3125/1767
f 587/3127/1763 647/3116/1721 599/3110/1762
f 378/2979/1696 413/3097/1754 345/3138/1776
f 31/3133/1739 37/3139/1703 56/3140/1744
f 592/3109/1752 493/3141/1777 599/3110/1762
f 492/3131/1772 502/3142/1778 566/3088/1753
f 502/3142/1778 552/3123/1768 566/3088/1753
f 587/3127/1763 530/3143/1779 547/3106/1760
f 452/3024/1724 440/3144/1780 454/3070/1748
f 345/3138/1776 413/3097/1754 397/3132/1773
f 178/3119/1765 378/3091/1696 345/3145/1776
f 173/3120/1766 116/3112/1764 180/3084/1751
f 56/3140/1744 71/3146/1719 76/3147/1771
f 408/3053/1740 302/3100/1757 384/3148/1781
f 492/3131/1772 479/3125/1767 459/3126/1769
f 454/3070/1748 440/3144/1780 459/3126/1769
f 397/3132/1773 408/3103/1740 384/3149/1781
f 530/3143/1779 497/3150/1782 547/3106/1760
f 497/3150/1782 457/3135/1774 547/3106/1760
f 491/3095/1716 457/3135/1774 452/3024/1724
f 177/3136/1775 123/3151/1783 173/3120/1766
f 123/3151/1783 116/3112/1764 173/3120/1766
f 203/3152/1784 242/3153/1785 158/3154/1745
f 168/3155/1786 203/3156/1784 159/3157/1787
f 169/3158/1788 203/3156/1784 168/3155/1786
f 587/3127/1763 599/3110/1762 493/3141/1777
f 502/3142/1778 492/3131/1772 498/3159/1789
f 31/3133/1739 56/3140/1744 54/3160/1790
f 552/3123/1768 493/3141/1777 592/3109/1752
f 459/3126/1769 460/3161/1791 492/3131/1772
f 123/3151/1783 177/3136/1775 171/3128/1770
f 91/3134/1761 116/3112/1764 103/3162/1792
f 158/3163/1745 157/3164/1793 203/3156/1784
f 502/3142/1778 485/3165/1794 552/3123/1768
f 493/3141/1777 530/3143/1779 587/3127/1763
f 498/3159/1789 492/3131/1772 460/3161/1791
f 460/3161/1791 462/3166/1795 498/3159/1789
f 439/3167/1796 452/3024/1724 457/3135/1774
f 31/3133/1739 47/3168/1797 19/3005/1689
f 123/3151/1783 103/3162/1792 116/3112/1764
f 302/3114/1757 158/3137/1745 335/3169/1798
f 335/3170/1798 158/3154/1745 242/3153/1785
f 384/3148/1781 302/3171/1757 335/3172/1798
f 203/3156/1784 169/3158/1788 242/3173/1785
f 485/3165/1794 493/3141/1777 552/3123/1768
f 459/3126/1769 440/3144/1780 460/3161/1791
f 497/3150/1782 462/3166/1795 457/3135/1774
f 462/3166/1795 439/3167/1796 457/3135/1774
f 452/3024/1724 439/3167/1796 440/3144/1780
f 103/3162/1792 76/3147/1771 91/3134/1761
f 203/3156/1784 157/3164/1793 159/3157/1787
f 384/3149/1781 362/3174/1799 397/3132/1773
f 497/3150/1782 530/3143/1779 493/3141/1777
f 140/3175/1800 168/3176/1786 159/3177/1787
f 169/3178/1788 168/3176/1786 140/3175/1800
f 502/3142/1778 498/3159/1789 462/3166/1795
f 348/3179/1801 345/3138/1776 397/3132/1773
f 129/3180/1802 123/3151/1783 171/3128/1770
f 76/3147/1771 54/3160/1790 56/3140/1744
f 237/3181/1803 157/3182/1793 158/3183/1745
f 384/3149/1781 335/3184/1798 322/3185/1804
f 502/3142/1778 462/3166/1795 485/3165/1794
f 169/3178/1788 140/3175/1800 119/3186/1805
f 158/3187/1745 51/2960/1683 115/3188/1806
f 335/3189/1798 242/3173/1785 322/3190/1804
f 462/3166/1795 493/3141/1777 485/3165/1794
f 460/3161/1791 440/3144/1780 439/3167/1796
f 462/3166/1795 460/3161/1791 439/3167/1796
f 103/3162/1792 101/3191/1807 76/3147/1771
f 101/3191/1807 92/3192/1808 76/3147/1771
f 384/3149/1781 322/3185/1804 362/3174/1799
f 51/3193/1683 26/3194/1673 35/3195/1723
f 176/3196/1809 242/3197/1785 169/3178/1788
f 493/3141/1777 462/3166/1795 497/3150/1782
f 362/3174/1799 348/3179/1801 397/3132/1773
f 178/3119/1765 345/3198/1776 225/3199/1810
f 104/3200/1811 169/3201/1788 119/3202/1805
f 31/3133/1739 54/3160/1790 47/3168/1797
f 129/3180/1802 171/3128/1770 178/3119/1765
f 104/3203/1811 101/3191/1807 103/3162/1792
f 123/3151/1783 129/3180/1802 103/3162/1792
f 237/3181/1803 158/3183/1745 205/3204/1812
f 92/3192/1808 54/3160/1790 76/3147/1771
f 169/3201/1788 104/3200/1811 124/3205/1813
f 119/3202/1805 118/3206/1814 104/3200/1811
f 124/3207/1813 104/3203/1811 103/3162/1792
f 92/3192/1808 104/3203/1811 102/3208/1815
f 92/3192/1808 101/3191/1807 104/3203/1811
f 118/3206/1814 102/3209/1815 104/3200/1811
f 119/3202/1805 140/3210/1800 118/3206/1814
f 225/3211/1810 345/3138/1776 348/3179/1801
f 159/3157/1787 157/3164/1793 140/3212/1800
f 143/3213/1816 124/3207/1813 103/3162/1792
f 129/3180/1802 143/3213/1816 103/3162/1792
f 246/3214/1817 322/3185/1804 242/3197/1785
f 362/3174/1799 314/3215/1818 348/3179/1801
f 242/3197/1785 176/3196/1809 246/3214/1817
f 314/3215/1818 362/3174/1799 322/3185/1804
f 176/3216/1809 169/3201/1788 124/3205/1813
f 54/3160/1790 69/3217/1819 47/3168/1797
f 178/3218/1765 143/3219/1816 129/3220/1802
f 158/3183/1745 115/3221/1806 205/3204/1812
f 237/3222/1803 205/3223/1812 157/3164/1793
f 19/3224/1689 47/3225/1797 62/3226/1820
f 157/3227/1793 118/3206/1814 140/3210/1800
f 348/3179/1801 314/3215/1818 225/3211/1810
f 92/3192/1808 89/3228/1821 54/3160/1790
f 322/3185/1804 246/3214/1817 314/3215/1818
f 124/3205/1813 143/3219/1816 176/3216/1809
f 225/3229/1810 143/3219/1816 178/3218/1765
f 89/3228/1821 73/3230/1822 54/3160/1790
f 314/3215/1818 246/3214/1817 225/3211/1810
f 54/3160/1790 73/3230/1822 69/3217/1819
f 102/3209/1815 89/3231/1821 92/3232/1808
f 157/3164/1793 156/3233/1823 118/3234/1814
f 246/3214/1817 176/3196/1809 143/3235/1816
f 246/3214/1817 143/3235/1816 225/3211/1810
f 205/3223/1812 174/3236/1824 157/3164/1793
f 51/3193/1683 35/3195/1723 62/3237/1820
f 156/3238/1823 131/3239/1825 118/3206/1814
f 118/3206/1814 131/3239/1825 102/3209/1815
f 51/3193/1683 62/3237/1820 67/3240/1826
f 102/3209/1815 110/3241/1827 89/3231/1821
f 157/3164/1793 174/3236/1824 156/3233/1823
f 131/3239/1825 110/3241/1827 102/3209/1815
f 35/3195/1723 19/3242/1689 62/3237/1820
f 73/3243/1822 89/3231/1821 110/3241/1827
f 115/3244/1806 51/3245/1683 67/3240/1826
f 110/3246/1827 156/3233/1823 144/3247/1828
f 156/3233/1823 110/3246/1827 131/3248/1825
f 73/3243/1822 86/3249/1829 69/3250/1819
f 174/3236/1824 144/3247/1828 156/3233/1823
f 86/3249/1829 73/3243/1822 96/3251/1830
f 115/3244/1806 174/3236/1824 205/3252/1812
f 96/3251/1830 73/3243/1822 110/3241/1827
f 115/3244/1806 67/3240/1826 82/3253/1831
f 62/3237/1820 47/3254/1797 69/3255/1819
f 144/3247/1828 134/3256/1832 99/3257/1833
f 144/3247/1828 99/3257/1833 110/3246/1827
f 110/3241/1827 86/3249/1829 96/3251/1830
f 115/3244/1806 144/3247/1828 174/3236/1824
f 110/3241/1827 99/3258/1833 86/3249/1829
f 134/3256/1832 144/3247/1828 115/3244/1806
f 69/3255/1819 84/3259/1834 62/3237/1820
f 86/3260/1829 84/3259/1834 69/3255/1819
f 67/3240/1826 62/3237/1820 82/3253/1831
f 134/3256/1832 107/3261/1835 99/3257/1833
f 82/3253/1831 62/3237/1820 84/3259/1834
f 97/3262/1836 84/3259/1834 86/3260/1829
f 107/3261/1835 97/3262/1836 99/3257/1833
f 97/3262/1836 86/3260/1829 99/3257/1833
f 82/3253/1831 107/3261/1835 115/3244/1806
f 115/3244/1806 107/3261/1835 134/3256/1832
f 97/3262/1836 82/3253/1831 84/3259/1834
f 107/3261/1835 82/3253/1831 97/3262/1836
